,id,release_date,title,original_language,popularity,vote_average,vote_count
0,429,1966-12-23,"The Good, the Bad and the Ugly",it,21.4408,8.467,9705
1,13,1994-06-23,Forrest Gump,en,24.1936,8.464,29878
2,769,1990-09-12,GoodFellas,en,26.2788,8.454,14442
3,346,1954-04-26,Seven Samurai,ja,12.3381,8.4,4260
4,12477,1988-04-16,Grave of the Fireflies,ja,0.0142,8.44,6567
5,637,1997-12-20,Life Is Beautiful,it,14.4803,8.438,14040
6,550,1999-10-15,Fight Club,en,32.0553,8.438,32219
7,14537,1962-09-15,Harakiri,ja,7.9945,8.437,1224
8,1218925,2025-09-19,Chainsaw Man - The Movie: Reze Arc,ja,27.1832,8.44,960
9,120,2001-12-18,The Lord of the Rings: The Fellowship of the Ring,en,36.4289,8.436,27720
10,598,2002-08-30,City of God,pt,12.5223,8.428,8230
11,11216,1988-11-17,Cinema Paradiso,it,20.9948,8.427,4855
12,121,2002-12-18,The Lord of the Rings: The Two Towers,en,26.554,8.42,24023
13,539,1960-06-22,Psycho,en,17.6556,8.413,11040
14,510,1975-11-19,One Flew Over the Cuckoo's Nest,en,13.2263,8.411,11511
15,40096,2000-09-15,A Dog's Will,pt,5.1616,8.41,1225
16,255709,2013-10-02,Hope,ko,10.1478,8.399,865
17,667257,2021-06-17,Impossible Things,es,4.824,8.395,422
18,324857,2018-12-06,Spider-Man: Into the Spider-Verse,en,25.9131,8.393,17333
19,1891,1980-05-20,The Empire Strikes Back,en,11.3274,8.392,18485
20,770156,2020-10-19,Lucy Shimmers and the Prince of Peace,en,7.8035,8.389,364
21,378064,2016-09-17,A Silent Voice: The Movie,ja,15.2972,8.389,4526
22,4935,2004-09-09,Howl's Moving Castle,ja,24.1413,8.387,11149
23,696374,2020-05-29,Gabriel's Inferno,en,3.6779,8.384,2471
24,807,1995-09-22,Se7en,en,23.7216,8.382,23215
25,311,1984-05-23,Once Upon a Time in America,en,13.2794,8.38,6072
26,244786,2014-10-10,Whiplash,en,25.7517,8.375,16704
27,423,2002-09-17,The Pianist,en,13.5321,8.373,10181
28,27205,2010-07-15,Inception,en,32.4232,8.4,39422
29,12493,1963-03-01,High and Low,ja,7.4457,8.363,1136
30,724089,2020-07-31,Gabriel's Inferno: Part II,en,2.8674,8.349,1555
31,1439930,2026-05-12,The Punisher: One Last Kill,en,126.4529,8.343,1717
32,274,1991-02-14,The Silence of the Lambs,en,4.2311,8.345,18074
33,761053,2020-11-19,Gabriel's Inferno: Part III,en,6.6079,8.341,1090
34,620249,2019-08-27,The Legend of Hei,zh,9.1722,8.342,503
35,567,1954-08-01,Rear Window,en,9.0059,8.338,7198
36,569094,2023-05-31,Spider-Man: Across the Spider-Verse,en,30.8769,8.337,8703
37,1058694,2023-10-19,Radical,es,4.1339,8.328,507
38,73,1998-07-01,American History X,en,11.1695,8.327,12639
39,105,1985-07-03,Back to the Future,en,18.3678,8.3,21902
40,128,1997-07-12,Princess Mononoke,ja,17.7072,8.321,9051
41,1184918,2024-09-12,The Wild Robot,en,31.891,8.3,6187
42,10494,1998-02-28,Perfect Blue,ja,12.7234,8.307,3224
43,207,1989-06-02,Dead Poets Society,en,18.8773,8.3,12662
44,372754,2016-02-20,Dou kyu sei – Classmates,ja,5.0958,8.298,447
45,533514,2020-09-18,Violet Evergarden: The Movie,ja,6.9337,8.297,518
46,3782,1952-10-09,Ikiru,ja,6.4427,8.295,1354
47,101,1994-09-14,Léon: The Professional,fr,16.8603,8.294,16173
48,644479,2019-11-01,Dedicated to my ex,es,3.7103,8.3,513
49,42269,1974-12-21,We All Loved Each Other So Much,it,3.8881,8.286,652
50,820067,2022-05-20,The Quintessential Quintuplets Movie,ja,6.1241,8.28,444
51,3082,1936-02-05,Modern Times,en,7.0298,8.278,4101
52,1585,1946-12-20,It's a Wonderful Life,en,8.1299,8.278,4928
53,914,1940-10-15,The Great Dictator,en,6.6627,8.277,3719
54,599,1950-08-10,Sunset Boulevard,en,7.7926,8.273,2949
55,77338,2011-11-02,The Intouchables,fr,26.3948,8.272,18497
56,335,1968-12-21,Once Upon a Time in the West,it,10.9737,8.271,4925
57,652837,2020-12-25,"Josee, the Tiger and the Fish",ja,6.7691,8.27,607
58,28,1979-05-19,Apocalypse Now,en,12.2278,8.269,9140
59,1139087,2023-09-24,Once Upon a Studio,en,5.2591,8.264,435
60,654299,2019-12-24,Out of the Clear Blue Sky,es,3.4163,8.263,384
61,92321,2011-09-17,Hotarubi no Mori e,ja,0.0088,8.258,1220
62,92060,1983-11-21,Michael Jackson's Thriller,en,7.8592,8.258,772
63,18491,1997-07-19,Neon Genesis Evangelion: The End of Evangelion,ja,11.219,8.253,1870
64,8587,1994-06-15,The Lion King,en,25.1219,8.253,19768
65,637920,2019-10-10,Miracle in Cell No. 7,tr,6.9057,8.252,4569
66,975,1957-10-25,Paths of Glory,en,6.7129,8.252,3291
67,901,1931-02-06,City Lights,en,4.7152,8.249,2469
68,603,1999-03-31,The Matrix,en,49.0441,8.2,28071
69,29259,1960-03-18,Le Trou,fr,5.0098,8.248,576
70,1356039,2025-02-27,Counterattack,es,8.5427,8.2,824
71,630566,2020-10-09,Clouds,en,2.6555,8.2,1054
72,10376,1998-10-28,The Legend of 1900,it,5.1571,8.242,2452
73,299536,2018-04-25,Avengers: Infinity War,en,52.2633,8.2,32159
74,299534,2019-04-24,Avengers: Endgame,en,33.4246,8.2,27904
75,15804,1991-07-27,A Brighter Summer Day,zh,2.7718,8.2,392
76,670,2003-11-21,Oldboy,ko,11.9473,8.235,9916
77,632632,2020-08-22,Given,ja,2.7783,8.2,422
78,1317149,2025-09-22,I Swear,en,12.0966,8.23,363
79,572154,2019-06-15,Rascal Does Not Dream of a Dreaming Girl,ja,3.5083,8.228,602
80,857,1998-07-24,Saving Private Ryan,en,17.8984,8.228,17339
81,504253,2018-09-01,I Want to Eat Your Pancreas,ja,5.7355,8.2,1794
82,98,2000-05-04,Gladiator,en,22.5665,8.226,20992
83,1226863,2026-04-01,The Super Mario Galaxy Movie,en,176.8494,8.223,2827
84,490132,2018-11-16,Green Book,en,14.3965,8.226,12931
85,447362,2020-11-27,Life in a Year,en,3.3204,8.226,1986
86,995133,2022-12-25,"The Boy, the Mole, the Fox and the Horse",en,5.6699,8.223,729
87,508965,2019-11-08,Klaus,en,4.8082,8.222,4694
88,110420,2012-07-21,Wolf Children,ja,4.6094,8.218,2495
89,24188,1962-12-05,Il Sorpasso,it,2.7247,8.2,842
90,16869,2009-08-02,Inglourious Basterds,en,21.7557,8.217,24285
91,635302,2020-10-16,Demon Slayer -Kimetsu no Yaiba- The Movie: Mugen Train,ja,10.4933,8.216,4552
92,527641,2019-03-14,Five Feet Apart,en,6.4282,8.215,5930
93,315162,2022-12-07,Puss in Boots: The Last Wish,en,20.0262,8.209,8916
94,16672,1964-02-15,Woman in the Dunes,ja,3.8633,8.208,521
95,1124,2006-10-19,The Prestige,en,14.1417,8.208,17665
96,25237,1985-10-17,Come and See,ru,5.5005,8.207,1860
97,37257,1957-12-17,Witness for the Prosecution,en,5.8165,8.205,1709
98,11,1977-05-25,Star Wars,en,21.047,8.205,22426
99,283566,2021-03-08,Evangelion: 3.0+1.0 Thrice Upon a Time,ja,5.6825,8.204,956
100,265177,2014-09-19,Mommy,fr,5.4206,8.204,2855
101,50014,2011-08-09,The Help,en,9.4577,8.203,9083
102,694,1980-05-23,The Shining,en,17.5297,8.2,18999
103,354912,2017-10-27,Coco,en,18.4028,8.2,21056
104,11324,2010-02-14,Shutter Island,en,16.0962,8.198,25947
105,618344,2020-05-05,Justice League Dark: Apokolips War,en,5.224,8.198,1583
106,1327819,2026-03-04,Hoppers,en,101.61,8.198,1726
107,68718,2012-12-25,Django Unchained,en,13.4951,8.192,28130
108,324786,2016-10-07,Hacksaw Ridge,en,24.8222,8.2,14918
109,284,1960-06-21,The Apartment,en,5.3359,8.187,2676
110,313106,2013-11-23,Doctor Who: The Day of the Doctor,en,2.4188,8.185,777
111,290098,2016-06-01,The Handmaiden,ko,17.2292,8.185,4353
112,441130,2020-10-26,Wolfwalkers,en,4.1746,8.185,1397
113,537061,2019-10-07,Steven Universe: The Movie,en,3.4619,8.183,864
114,620683,2019-12-26,My Mom Is a Character 3,pt,1.3463,8.2,493
115,1186532,2024-08-22,The Forge,en,4.4535,8.18,341
116,568332,2018-12-31,Taylor Swift: Reputation Stadium Tour,en,1.6729,8.176,433
117,185,1971-10-28,A Clockwork Orange,en,10.7153,8.177,13869
118,77,2000-10-11,Memento,en,13.6493,8.176,16330
119,26451,1970-10-16,Investigation of a Citizen Above Suspicion,it,1.9144,8.175,876
120,9702,1993-02-05,Bound by Honor,en,6.6901,8.174,1551
121,348,1979-05-25,Alien,en,16.8174,8.171,16459
122,522924,2019-08-08,The Art of Racing in the Rain,en,4.1048,8.169,1682
123,20941,2005-01-28,Innocent Voices,es,1.789,8.168,523
124,629,1995-07-19,The Usual Suspects,en,12.134,8.168,11466
125,5156,1948-07-21,Bicycle Thieves,it,4.0985,8.165,2670
126,851644,2022-10-06,20th Century Girl,ko,10.4783,8.164,821
127,81481,2011-09-22,Silenced,ko,4.5167,8.2,779
128,489,1997-12-05,Good Will Hunting,en,18.9027,8.163,13917
129,980477,2025-01-29,Ne Zha 2,zh,35.8266,8.164,728
130,1422,2006-10-04,The Departed,en,12.9532,8.16,16275
131,361743,2022-05-21,Top Gun: Maverick,en,28.5404,8.159,11083
132,18148,1953-11-03,Tokyo Story,ja,3.3921,8.156,1225
133,111,1983-12-09,Scarface,en,15.7107,8.156,13100
134,1160164,2023-10-13,TAYLOR SWIFT | THE ERAS TOUR,en,3.1095,8.2,523
135,37165,1998-06-04,The Truman Show,en,20.4732,8.155,20335
136,280,1991-07-03,Terminator 2: Judgment Day,en,18.5177,8.153,14386
137,3780,1965-03-04,Red Beard,ja,3.2321,8.2,410
138,490,1957-02-16,The Seventh Seal,sv,4.0338,8.15,3363
139,517814,2018-09-20,Capernaum,ar,4.7624,8.149,1990
140,399106,2016-06-16,Piper,en,1.866,8.147,1737
141,476292,2018-02-24,Maquia: When the Promised Flower Blooms,ja,4.5917,8.142,709
142,592350,2019-12-20,My Hero Academia: Heroes Rising,ja,5.4108,8.14,1287
143,606856,2019-12-20,Togo,en,5.1317,8.14,2303
144,289,1943-01-15,Casablanca,en,7.4365,8.138,6079
145,10098,1921-01-21,The Kid,en,3.7181,8.137,2386
146,426,1958-05-09,Vertigo,en,5.9305,8.1,6363
147,666,1998-04-03,Central Station,pt,2.1687,8.123,1050
148,1244492,2024-06-28,Look Back,ja,7.6544,8.133,577
149,872,1952-04-10,Singin' in the Rain,en,6.4462,8.129,3521
150,797,1966-10-18,Persona,sv,3.6211,8.1,2418
151,693134,2024-02-27,Dune: Part Two,en,25.7718,8.125,8066
152,103,1976-02-09,Taxi Driver,en,12.7394,8.1,13495
153,475557,2019-10-01,Joker,en,17.4652,8.123,27824
154,935,1964-01-29,Dr. Strangelove or: How I Learned to Stop Worrying and Love the Bomb,en,6.2211,8.118,6178
155,1297842,2026-02-11,GOAT,en,63.1497,8.122,842
156,575813,2019-10-25,Better Days,zh,5.1036,8.118,558
157,458220,2021-01-28,Palmer,en,4.425,8.117,1921
158,600,1987-06-26,Full Metal Jacket,en,8.7461,8.117,11509
159,20914,1975-10-24,My Friends,it,2.0517,8.114,747
160,10681,2008-06-26,WALL·E,en,27.6635,8.114,20385
161,500,1992-09-02,Reservoir Dogs,en,10.2569,8.114,15517
162,1103621,2024-04-04,How to Make Millions Before Grandma Dies,th,4.9026,8.111,407
163,46738,2010-09-17,Incendies,fr,8.2908,8.111,3307
164,812225,2023-06-16,Black Clover: Sword of the Wizard King,ja,5.9207,8.109,389
165,406997,2017-11-13,Wonder,en,14.2795,8.106,8274
166,146233,2013-09-19,Prisoners,en,13.658,8.106,13150
167,810693,2021-12-24,Jujutsu Kaisen 0,ja,10.494,8.104,1770
168,664767,2020-04-12,Mortal Kombat Legends: Scorpion's Revenge,en,5.7621,8.104,1499
169,38288,1996-03-29,"“The Shorts” by Aldo, Giovanni and Giacomo",it,0.6591,8.101,360
170,414419,2011-03-27,Kill Bill: The Whole Bloody Affair,en,8.66,8.1,1318
171,531428,2019-09-06,Portrait of a Lady on Fire,fr,8.5768,8.097,2949
172,100,1998-08-28,"Lock, Stock and Two Smoking Barrels",en,4.4769,8.095,7234
173,600354,2020-12-23,The Father,en,5.2807,8.093,3648
174,103663,2012-10-25,The Hunt,da,6.9968,8.093,4785
175,508442,2020-12-25,Soul,en,14.0462,8.092,11463
176,422,1963-02-14,8½,it,4.0001,8.1,2534
177,1398,1979-05-25,Stalker,ru,6.7393,8.091,2513
178,38,2004-03-19,Eternal Sunshine of the Spotless Mind,en,18.6412,8.091,16404
179,755812,2020-09-25,"Miraculous World: New York, United HeroeZ",fr,5.2781,8.1,1126
180,398818,2017-10-01,Call Me by Your Name,en,10.004,8.089,12772
181,149871,2013-11-23,The Tale of The Princess Kaguya,ja,4.3475,8.1,1999
182,843,2000-09-29,In the Mood for Love,cn,12.6577,8.089,3272
183,791373,2021-03-18,Zack Snyder's Justice League,en,14.4076,8.088,10879
184,996,1944-07-06,Double Indemnity,en,3.5533,8.085,2045
185,655,1984-07-16,"Paris, Texas",en,5.4906,8.085,2231
186,19,1927-01-10,Metropolis,de,4.2763,8.085,3106
187,24382,1958-07-26,Big Deal on Madonna Street,it,1.6778,8.084,781
188,406,1995-05-31,La Haine,fr,6.8083,8.1,4584
189,823219,2024-08-29,Flow,lv,16.0235,8.082,2875
190,610892,2019-09-06,Violet Evergarden: Eternity and the Auto Memory Doll,ja,3.8323,8.082,465
191,470044,2018-10-19,The Hate U Give,en,4.1309,8.082,2224
192,1480382,2025-09-10,The Voice of Hind Rajab,ar,4.2755,8.1,301
193,411088,2017-01-06,The Invisible Guest,es,17.4842,8.081,5009
194,11878,1961-04-25,Yojimbo,ja,4.0045,8.08,1695
195,12445,2011-07-12,Harry Potter and the Deathly Hallows: Part 2,en,21.4035,8.08,22050
196,239,1959-03-19,Some Like It Hot,en,5.9051,8.079,3895
197,1026227,2023-10-26,There's Still Tomorrow,it,2.5197,8.1,1528
198,387,1981-09-17,Das Boot,de,5.6628,8.078,2531
199,831827,2021-11-24,Far from the Tree,en,1.651,8.077,389
200,795607,2021-07-23,Green Snake,zh,4.3875,8.068,373
201,55823,1959-10-28,The Great War,it,1.1872,8.1,371
202,7345,2007-12-26,There Will Be Blood,en,8.2879,8.076,7490
203,705,1950-11-09,All About Eve,en,3.2699,8.1,1704
204,1091,1982-06-25,The Thing,en,13.3003,8.073,7988
205,614,1957-08-28,Wild Strawberries,sv,2.9763,8.073,1811
206,663558,2021-02-06,New Gods: Nezha Reborn,zh,4.6727,8.071,515
207,31439,1994-05-18,To Live,zh,4.2986,8.071,378
208,20532,1954-03-31,Sansho the Bailiff,ja,2.256,8.1,424
209,51822,2002-11-08,Love Hurts,es,2.2406,8.069,370
210,20334,1940-01-12,The Shop Around the Corner,en,2.5013,8.1,844
211,282848,2013-12-25,Doctor Who: The Time of the Doctor,en,1.9958,8.064,318
212,8392,1988-04-16,My Neighbor Totoro,ja,12.5363,8.064,8859
213,133919,1974-09-15,Scenes from a Marriage,sv,1.5901,8.1,402
214,7347,2007-10-05,Elite Squad,pt,3.792,8.061,2734
215,11423,2003-04-25,Memories of Murder,ko,11.6547,8.1,4635
216,518068,2018-08-01,Along with the Gods: The Last 49 Days,ko,5.3867,8.1,756
217,832,1931-05-11,M,de,3.4113,8.056,2478
218,4348,2005-09-16,Pride & Prejudice,en,14.0801,8.055,8797
219,359940,2017-12-01,"Three Billboards Outside Ebbing, Missouri",en,6.1545,8.054,10944
220,42229,1977-08-11,A Special Day,it,2.2686,8.1,771
221,21634,2009-01-24,Prayers for Bobby,en,2.1297,8.053,631
222,2457,1945-03-15,Children of Paradise,fr,1.7718,8.1,461
223,532067,2019-08-30,KONOSUBA – God's blessing on this wonderful world! Legend of Crimson,ja,4.3965,8.051,622
224,640344,2020-01-17,Me Against You: Mr. S's Vendetta,it,0.719,8.1,471
225,62,1968-04-02,2001: A Space Odyssey,en,14.1348,8.049,12651
226,24428,2012-04-25,The Avengers,en,42.4891,8.048,38509
227,1955,1980-10-09,The Elephant Man,en,4.6803,8.048,3947
228,522518,2019-05-03,A Dog's Journey,en,5.2109,8.047,1626
229,762975,2022-07-29,Purple Hearts,en,8.4357,8.045,2887
230,381284,2016-12-10,Hidden Figures,en,9.4187,8.044,10480
231,800,1950-12-09,The Young and the Damned,es,2.3966,8.0,537
232,11659,2003-06-22,The Best of Youth,it,2.4214,8.043,608
233,638507,2019-12-03,How to Train Your Dragon: Homecoming,en,6.0657,8.042,1111
234,437068,2017-08-02,A Taxi Driver,ko,4.7158,8.04,1176
235,397567,2017-12-20,Along with the Gods: The Two Worlds,ko,6.3263,8.0,1196
236,334543,2016-11-24,Lion,en,4.6104,8.039,6972
237,992,1924-04-17,Sherlock Jr.,en,2.8923,8.0,1167
238,582,2006-03-23,The Lives of Others,de,7.7324,8.038,4146
239,31414,1994-02-08,Satantango,hu,2.9302,8.0,309
240,1064486,2024-10-17,Memoir of a Snail,en,5.0015,8.035,780
241,548,1950-08-26,Rashomon,ja,6.9523,8.034,2532
242,829402,2024-06-14,Ultraman: Rising,en,3.2323,8.0,395
243,439,1960-02-05,La Dolce Vita,it,3.9271,8.033,2035
244,310569,2015-06-04,The Second Mother,pt,1.9522,8.024,785
245,120467,2014-02-26,The Grand Budapest Hotel,en,10.6199,8.0,16159
246,106646,2013-12-25,The Wolf of Wall Street,en,25.0464,8.028,26016
247,550776,2018-09-30,Believe Me: The Abduction of Lisa McVey,en,4.0221,8.0,689
248,872585,2023-07-19,Oppenheimer,en,27.1989,8.026,11892
249,20530,1949-09-13,Late Spring,ja,2.5538,8.0,479
250,26022,2010-02-10,My Name Is Khan,hi,3.1095,8.024,1461
251,1304313,2026-04-15,Lee Cronin's The Mummy,en,135.4728,8.023,1973
252,938,1965-12-18,For a Few Dollars More,it,6.1271,8.0,4494
253,279,1984-09-19,Amadeus,en,6.2207,8.0,4777
254,538362,2018-09-12,On My Skin,it,1.1761,8.017,1890
255,803796,2025-06-20,KPop Demon Hunters,en,31.0228,8.018,2926
256,555604,2022-11-09,Guillermo del Toro's Pinocchio,en,5.3432,8.015,3356
257,11645,1985-06-01,Ran,ja,5.8248,8.0,1827
258,9277,1973-12-25,The Sting,en,5.8979,8.013,2999
259,641,2000-10-06,Requiem for a Dream,en,4.5488,8.012,11032
260,307,1945-10-08,"Rome, Open City",it,2.0359,8.0,979
261,472454,2017-10-27,Ayla: The Daughter of War,tr,2.5658,8.011,400
262,43949,2010-08-06,Flipped,en,8.5837,8.011,3344
263,14696,1953-03-26,Ugetsu,ja,2.3085,8.0,641
264,673,2004-05-31,Harry Potter and the Prisoner of Azkaban,en,23.0418,8.009,23236
265,359724,2019-11-13,Ford v Ferrari,en,11.6779,8.007,9038
266,55960,1956-08-23,"Toto, Peppino, and the Hussy",it,0.8553,8.007,375
267,28178,2009-06-08,Hachi: A Dog's Tale,en,10.6722,8.007,7205
268,821,1961-12-18,Judgment at Nuremberg,en,4.442,8.007,949
269,8422,1960-10-07,Rocco and His Brothers,it,2.6275,8.005,664
270,204,1953-04-22,The Wages of Fear,fr,3.707,8.005,1097
271,147,1959-06-03,The 400 Blows,fr,2.6551,8.004,2341
272,823754,2021-07-22,Bo Burnham: Inside,en,1.6206,8.0,607
273,521,1954-05-29,Dial M for Murder,en,2.7672,8.001,2867
274,20453,2009-12-23,3 Idiots,hi,14.7751,8.001,2728
275,2517,2004-08-07,Nobody Knows,ja,2.8015,8.001,646
276,678580,2021-07-15,El mesero,es,0.7851,8.0,358
277,400608,2016-06-03,Bo Burnham: Make Happy,en,0.9904,8.0,438
278,14,1999-09-15,American Beauty,en,11.1043,7.999,13102
279,400928,2017-04-07,Gifted,en,9.7266,7.998,5964
280,11658,2004-02-05,Tae Guk Gi: The Brotherhood of War,ko,2.5856,8.0,769
281,524,1995-11-22,Casino,en,11.7058,7.998,6576
282,610461,2020-02-14,"Veinteañera, divorciada y fantástica",es,0.5041,7.996,392
283,947,1962-12-11,Lawrence of Arabia,en,6.9307,7.995,3443
284,931285,2026-05-06,Mortal Kombat II,en,274.8922,7.996,1664
285,264644,2015-10-16,Room,en,4.1833,7.994,9714
286,3175,1975-12-18,Barry Lyndon,en,5.0355,7.995,3196
287,110416,2014-06-23,Song of the Sea,en,2.9924,7.994,1590
288,595,1962-12-20,To Kill a Mockingbird,en,6.0413,7.993,2873
289,13223,2008-12-12,Gran Torino,en,5.2429,7.991,11618
290,1059,1958-12-28,The Hidden Fortress,ja,2.8622,7.991,710
291,339877,2017-06-22,Loving Vincent,en,2.3946,8.0,2610
292,526702,2020-11-27,Black Beauty,en,3.0672,7.987,356
293,140420,2012-11-02,Paperman,en,1.4412,7.987,1806
294,530915,2019-12-25,1917,en,10.1158,7.986,13600
295,63193,2008-12-07,Front of the Class,en,2.2415,7.986,312
296,205596,2014-11-14,The Imitation Game,en,14.8081,7.983,18130
297,19542,1948-09-06,The Red Shoes,en,1.9331,7.981,749
298,515001,2019-10-18,Jojo Rabbit,en,7.2988,7.982,10453
299,862,1995-11-22,Toy Story,en,135.4824,7.978,20022
300,640,2002-12-16,Catch Me If You Can,en,17.9931,7.978,17178
301,568160,2019-07-19,Weathering with You,ja,6.2713,7.977,2641
302,429210,2017-08-24,Bingo: The King of the Mornings,pt,1.0994,7.976,416
303,25376,2009-08-13,The Secret in Their Eyes,es,8.2537,7.976,2880
304,7508,2007-12-21,Like Stars on Earth,hi,5.2587,7.974,1355
305,906126,2023-12-15,Society of the Snow,es,4.8697,7.973,3511
306,347688,2015-07-09,Scooby-Doo! and KISS: Rock and Roll Mystery,en,2.6044,8.0,346
307,11778,1978-12-08,The Deer Hunter,en,5.9974,7.972,4264
308,11104,1994-07-14,Chungking Express,cn,8.0595,7.974,2206
309,76,1995-01-27,Before Sunrise,en,11.741,7.973,4717
310,24,2003-10-10,Kill Bill: Vol. 1,en,11.643,7.973,19018
311,337404,2021-05-26,Cruella,en,13.384,7.972,10096
312,15,1941-04-17,Citizen Kane,en,8.4625,7.972,6084
313,449176,2018-02-16,"Love, Simon",en,6.3051,7.971,6273
314,19426,1957-10-03,Nights of Cabiria,it,1.8186,7.971,863
315,180147,2013-03-28,We Are the Nobles,es,1.5354,7.97,543
316,329,1993-06-11,Jurassic Park,en,7.7303,7.97,17936
317,10515,1986-08-02,Castle in the Sky,ja,6.5657,7.969,4703
318,962,1925-07-13,The Gold Rush,en,3.1497,7.969,1847
319,698687,2024-09-11,Transformers One,en,9.667,8.0,1649
320,785534,2021-03-12,Paper Lives,tr,1.5652,7.965,417
321,455661,2017-06-01,In a Heartbeat,en,0.8703,8.0,1026
322,38286,1997-12-27,Three Men and a Leg,it,0.9635,8.0,2158
323,213,1959-08-06,North by Northwest,en,4.6174,7.964,4532
324,679,1986-07-18,Aliens,en,12.1203,7.963,10907
325,780,1928-04-21,The Passion of Joan of Arc,fr,1.7226,7.962,1092
326,14160,2009-05-28,Up,en,17.3268,7.961,21734
327,3090,1948-01-15,The Treasure of the Sierra Madre,en,3.3592,7.96,1349
328,627,1996-02-23,Trainspotting,en,8.0512,7.959,10437
329,424694,2018-10-24,Bohemian Rhapsody,en,8.5814,7.958,17820
330,12761,1978-10-08,Autumn Sonata,sv,3.4514,7.958,709
331,10386,1999-08-06,The Iron Giant,en,7.2334,8.0,6205
332,48035,1955-01-09,Ordet,da,1.5727,8.0,414
333,745,1999-08-06,The Sixth Sense,en,10.6615,7.954,12933
334,1396,1975-03-07,Mirror,ru,7.8839,7.953,1093
335,70,2004-12-05,Million Dollar Baby,en,5.8617,7.953,10401
336,678512,2023-07-03,Sound of Freedom,en,5.8452,7.952,2768
337,838240,2023-12-06,Robot Dreams,es,6.159,7.951,804
338,6977,2007-11-09,No Country for Old Men,en,14.7484,7.951,13388
339,15244,1956-11-11,A Man Escaped,fr,1.5097,7.9,615
340,895,1966-12-16,Andrei Rublev,ru,4.0321,7.9,954
341,81,1984-03-11,Warriors of the Wind,ja,8.3373,7.947,4098
342,11712,1962-01-01,Sanjuro,ja,2.291,7.941,724
343,197,1995-05-24,Braveheart,en,9.8129,7.944,11158
344,30017,1990-05-09,Close-Up,fa,1.5248,7.9,450
345,37797,1995-07-15,Whisper of the Heart,ja,6.0737,7.943,2299
346,962232,2022-10-26,Beyond the Universe,pt,1.1496,7.941,345
347,25538,2000-09-20,Yi Yi,zh,4.3517,7.944,675
348,574074,2019-01-18,Kitbull,en,1.0757,7.9,402
349,503314,2018-12-14,Dragon Ball Super: Broly,ja,2.0765,7.939,3179
350,149,1988-06-10,Akira,ja,7.5218,7.939,4812
351,28422,2008-11-29,Love Exposure,ja,5.1034,7.933,520
352,949,1995-12-15,Heat,en,16.4122,7.937,8404
353,78,1982-06-25,Blade Runner,en,13.5545,7.936,15052
354,634649,2021-12-15,Spider-Man: No Way Home,en,52.1121,7.9,22116
355,234,1920-02-27,The Cabinet of Dr. Caligari,de,3.4961,7.934,1780
356,626332,2023-03-11,Flamin' Hot,en,4.3219,7.932,821
357,447365,2023-05-03,Guardians of the Galaxy Vol. 3,en,15.645,7.931,8408
358,242828,2014-07-19,When Marnie Was There,ja,4.1359,7.932,1976
359,237791,2014-04-10,The Way He Looks,pt,1.4591,7.9,992
360,1050035,2023-06-02,Monster,ja,7.1157,7.931,902
361,930094,2023-07-27,"Red, White & Royal Blue",en,9.2116,7.932,1575
362,1580,1948-02-01,Rope,en,2.9987,7.931,3018
363,1087192,2025-06-06,How to Train Your Dragon,en,23.5747,7.932,2895
364,76203,2013-10-18,12 Years a Slave,en,5.9659,7.93,12031
365,29264,1962-05-16,The Exterminating Angel,es,1.411,7.9,739
366,1646,2007-01-05,Freedom Writers,en,6.4863,7.93,2437
367,28978,1928-01-06,The Circus,en,1.6509,7.929,896
368,12104,1982-07-14,Pink Floyd: The Wall,en,11.8269,7.929,1659
369,41050,1961-01-24,La Notte,it,1.6507,7.926,742
370,8290,1966-12-08,Don't Look Now... We're Being Shot At!,fr,3.5576,7.926,1470
371,13398,2003-12-05,Tokyo Godfathers,ja,3.1146,7.925,1526
372,5925,1963-07-03,The Great Escape,en,5.2686,7.925,2858
373,85,1981-06-12,Raiders of the Lost Ark,en,13.6969,7.924,13693
374,20544,2004-05-30,Something the Lord Made,en,3.9276,7.924,311
375,296096,2016-06-01,Me Before You,en,16.4954,7.923,13294
376,9764,1975-08-02,Dersu Uzala,ru,2.5966,7.924,630
377,6715,1995-04-21,The Cure,en,2.4804,7.9,353
378,530254,2018-06-27,The Witch: Part 1. The Subversion,ko,7.5264,7.921,758
379,378108,2016-11-12,In This Corner of the World,ja,3.3281,7.9,635
380,94047,2011-12-21,My Way,ko,6.9056,7.9,448
381,9323,1995-11-18,Ghost in the Shell,ja,8.0713,7.9,3904
382,489412,2012-08-24,It's Such a Beautiful Day,en,1.0342,7.9,370
383,11010,1994-09-22,The Postman,it,1.838,7.919,1221
384,194,2001-04-25,Amélie,fr,10.0601,7.919,12443
385,142061,2013-01-03,"Batman: The Dark Knight Returns, Part 2",en,5.1219,7.918,1605
386,3777,1957-01-15,Throne of Blood,ja,3.0822,7.917,985
387,14836,2009-02-05,Coraline,en,30.3976,7.917,9067
388,726684,2021-05-15,Miraculous World: Shanghai - The Legend of Ladydragon,fr,2.6104,7.915,691
389,38360,1957-10-12,The Cranes Are Flying,ru,2.1222,7.9,452
390,615453,2019-07-26,Ne Zha,zh,11.9607,7.913,880
391,152532,2013-11-01,Dallas Buyers Club,en,4.3352,7.913,9109
392,10404,1991-12-18,Raise the Red Lantern,zh,4.1582,7.9,802
393,961,1926-12-25,The General,en,3.4098,7.913,1415
394,770,1939-12-15,Gone with the Wind,en,11.4099,7.913,4397
395,160885,1999-05-12,Tel chi el telùn,it,0.3309,7.9,340
396,315465,2015-07-11,The Boy and the Beast,ja,3.455,7.911,1613
397,33,1992-08-07,Unforgiven,en,8.4661,7.911,4977
398,354857,2015-09-01,Regular Show: The Movie,en,2.262,7.9,434
399,150540,2015-06-17,Inside Out,en,23.6459,7.909,23532
400,18438,2009-05-14,Castaway on the Moon,ko,2.3223,7.909,733
401,829,1974-06-20,Chinatown,en,5.5058,7.909,4289
402,10728,1926-10-13,Faust,de,1.836,7.9,396
403,1892,1983-05-25,Return of the Jedi,en,8.7411,7.908,16994
404,122906,2013-09-04,About Time,en,13.6365,7.907,9311
405,20722,2008-06-10,La Maison en Petits Cubes,ja,1.1507,7.907,463
406,118340,2014-07-30,Guardians of the Galaxy,en,8.4392,7.9,29806
407,10674,1998-06-18,Mulan,en,15.9432,7.905,10474
408,405,1954-09-23,La Strada,it,1.9764,7.904,1169
409,1339713,2026-05-13,Obsession,en,498.2651,7.904,987
410,51482,2007-08-31,Death Note Relight 1: Visions of a God,ja,4.2248,7.903,392
411,28971,1952-10-16,Limelight,en,1.9224,7.9,594
412,597,1997-12-18,Titanic,en,34.2753,7.902,27264
413,740937,2022-10-12,Simone: Woman of the Century,fr,0.9445,7.901,383
414,554596,2019-03-15,"No manches, Frida 2: paraíso destruido",es,3.1267,7.901,956
415,10997,1993-01-01,Farewell My Concubine,zh,16.8338,7.901,683
416,10242,1962-10-31,What Ever Happened to Baby Jane?,en,2.4165,7.901,1163
417,1578,1980-11-14,Raging Bull,en,5.1345,7.901,4789
418,752,2006-02-23,V for Vendetta,en,8.386,7.901,15617
419,1084736,2024-06-28,The Count of Monte Cristo,fr,9.6711,7.9,2041
420,1000492,2023-03-29,All Your Faces,fr,1.3969,7.9,700
421,60243,2011-02-15,A Separation,fa,3.1567,7.899,1963
422,671,2001-11-16,Harry Potter and the Philosopher's Stone,en,37.3359,7.899,29686
423,110,1994-05-12,Three Colors: Red,fr,3.9832,7.899,1552
424,313369,2016-12-01,La La Land,en,13.3054,7.897,18166
425,49964,1987-07-01,Where Is The Friend's House?,fa,2.0927,7.9,431
426,1000837,2024-09-19,I'm Still Here,pt,4.12,7.896,1070
427,52629,2010-09-03,El Infierno,es,6.4262,7.896,782
428,1092,1949-08-31,The Third Man,en,3.8618,7.896,2114
429,426618,2018-09-14,Where Hands Touch,en,3.467,7.895,539
430,15383,1969-09-10,Army of Shadows,fr,2.1094,7.9,753
431,775,1902-06-15,A Trip to the Moon,fr,2.914,7.9,2003
432,776503,2021-08-13,CODA,en,7.4398,7.9,2605
433,210577,2014-10-01,Gone Girl,en,20.7362,7.89,20040
434,1607,1993-10-01,A Bronx Tale,en,9.0449,7.9,2891
435,1162,1962-05-23,The Miracle Worker,en,1.9557,7.89,344
436,804,1953-08-26,Roman Holiday,en,8.3954,7.891,2276
437,916224,2022-11-11,Suzume,ja,10.4566,7.9,1754
438,610150,2022-06-11,Dragon Ball Super: Super Hero,ja,5.1596,7.9,3036
439,404378,2016-11-04,A Street Cat Named Bob,en,2.2354,7.888,1555
440,334533,2016-07-08,Captain Fantastic,en,6.1974,7.888,6856
441,158445,2013-01-23,Miracle in Cell No. 7,ko,2.8585,7.888,497
442,11036,2004-06-25,The Notebook,en,23.3605,7.888,12607
443,1402,2006-12-14,The Pursuit of Happyness,en,16.2599,7.888,10636
444,7984,1993-12-27,In the Name of the Father,en,3.0029,7.887,1987
445,827,1955-01-29,Diabolique,fr,1.4909,7.887,1101
446,665,1959-11-18,Ben-Hur,en,9.5347,7.887,3162
447,505262,2018-08-03,My Hero Academia: Two Heroes,ja,4.65,7.886,1118
448,488623,2017-11-29,Forgotten,ko,6.2036,7.886,1341
449,21334,1997-08-01,Children of Heaven,fa,2.2656,7.886,721
450,20803,1973-09-17,Ivan Vasilyevich Changes His Profession,ru,2.0045,7.886,407
451,20271,1961-12-20,Divorce Italian Style,it,1.476,7.886,533
452,17295,1966-09-08,The Battle of Algiers,it,1.7366,7.886,897
453,491480,2019-02-14,The Boy Who Harnessed the Wind,en,4.41,7.884,1879
454,223,1940-03-23,Rebecca,en,3.5503,7.884,1983
455,183011,2013-07-30,Justice League: The Flashpoint Paradox,en,3.9812,7.883,1980
456,920394,2022-01-21,My Father's Violin,tr,0.8835,7.882,339
457,29455,1963-02-11,Winter Light,sv,1.3406,7.882,504
458,23282,1920-08-29,One Week,xx,1.0835,7.881,327
459,458302,2018-12-12,"Remi, Nobody's Boy",fr,1.8069,7.879,467
460,393,2004-04-16,Kill Bill: Vol. 2,en,8.2443,7.879,15128
461,2011,2007-06-27,Persepolis,fr,2.8471,7.877,2179
462,662,1962-02-16,La Jetée,fr,1.6638,7.877,1006
463,615457,2021-03-18,Nobody,en,15.7516,7.876,8407
464,50759,1962-11-18,An Autumn Afternoon,ja,1.1591,7.9,323
465,24238,2009-04-09,Mary and Max,en,3.4816,7.875,2271
466,833,1952-01-20,Umberto D.,it,1.3421,7.9,741
467,7857,1973-12-18,Amarcord,it,2.8628,7.9,1218
468,529531,2018-06-19,Hannah Gadsby: Nanette,en,0.5126,7.872,300
469,47796,1962-09-22,Mamma Roma,it,1.0561,7.872,440
470,360814,2016-12-21,Dangal,hi,12.1672,7.9,1168
471,11293,1973-05-09,Paper Moon,en,2.9456,7.871,831
472,582927,2019-10-21,I'm No Longer Here,es,1.1038,7.9,528
473,581528,2019-05-15,"The Gangster, the Cop, the Devil",ko,16.8098,7.87,1493
474,774531,2024-05-31,Young Woman and the Sea,en,3.2481,7.865,437
475,667520,2020-06-18,A Whisker Away,ja,3.8763,7.9,1494
476,455714,2017-05-03,Bad Genius,th,3.0633,7.867,854
477,10238,1972-12-21,Cries and Whispers,sv,1.2225,7.9,783
478,265195,2014-08-21,Wild Tales,es,4.1465,7.865,3773
479,761898,2021-10-30,Sword Art Online the Movie - Progressive - Aria of a Starless Night,ja,3.3556,7.9,336
480,613,2004-09-16,Downfall,de,6.6092,7.862,4338
481,10191,2010-03-18,How to Train Your Dragon,en,13.982,7.861,14424
482,1214484,2024-11-01,Let Go,sv,1.1568,7.9,362
483,573164,2021-08-12,An Egg Rescue,es,1.6176,7.9,421
484,777,1937-06-04,Grand Illusion,fr,1.4607,7.9,780
485,482321,2021-10-14,Ron's Gone Wrong,en,4.1616,7.9,2021
486,369557,2016-03-11,Sing Street,en,4.502,7.858,2461
487,33602,2010-02-06,Temple Grandin,en,1.8535,7.858,557
488,32085,1982-10-01,Vincent,en,0.8372,7.858,919
489,316029,2017-12-20,The Greatest Showman,en,8.2112,7.858,10081
490,3112,1955-07-26,The Night of the Hunter,en,2.9359,7.9,1841
491,654,1954-06-22,On the Waterfront,en,3.3476,7.857,1794
492,178682,2013-06-01,The Wizards Return: Alex vs. Alex,en,1.2562,7.858,1086
493,435129,2017-11-17,The Breadwinner,en,2.9948,7.855,929
494,381341,2016-02-11,Perfect Strangers,it,1.9139,7.855,4642
495,11656,1960-02-08,The Virgin Spring,sv,1.2293,7.855,677
496,3034,1974-12-15,Young Frankenstein,en,4.6172,7.855,3409
497,453,2001-12-14,A Beautiful Mind,en,8.516,7.855,11127
498,33320,2002-09-14,Millennium Actress,ja,3.0705,7.9,1059
499,16804,2008-09-13,Departures,ja,2.3911,7.853,937
500,16237,2006-09-15,Teen Titans: Trouble in Tokyo,en,1.9225,7.853,455
501,331482,2019-12-25,Little Women,en,8.8651,7.852,6852
502,585,2001-11-01,"Monsters, Inc.",en,31.1109,7.852,19861
503,89,1989-05-24,Indiana Jones and the Last Crusade,en,8.7469,7.853,11103
504,961323,2023-06-23,Nimona,en,4.4812,7.851,1411
505,698508,2022-01-21,Redeeming Love,en,8.9251,7.851,750
506,968,1975-09-21,Dog Day Afternoon,en,4.5322,7.851,3388
507,275,1996-03-08,Fargo,en,6.4701,7.851,9135
508,522212,2019-12-25,Just Mercy,en,4.7647,7.85,2502
509,399174,2018-03-23,Isle of Dogs,en,6.5826,7.849,5440
510,116322,2011-10-21,The Legend of La Llorona,es,2.0711,7.849,304
511,47931,2010-10-08,Elite Squad: The Enemy Within,pt,3.2302,7.846,2058
512,581,1990-11-09,Dances with Wolves,en,6.3501,7.846,4712
513,16,2000-09-01,Dancer in the Dark,en,3.026,7.8,2014
514,25364,1951-06-29,Ace in the Hole,en,1.827,7.845,750
515,2062,2007-06-28,Ratatouille,en,20.9034,7.8,18560
516,546554,2019-11-27,Knives Out,en,11.7534,7.8,14089
517,501929,2021-04-22,The Mitchells vs. the Machines,en,6.423,7.842,3382
518,59440,2011-09-09,Warrior,en,8.0754,7.842,5041
519,554590,2019-08-30,Tod@s Caen,es,0.8886,7.841,485
520,944401,2023-09-27,Dogman,fr,2.8088,7.839,1395
521,152601,2013-12-18,Her,en,9.3661,7.839,15353
522,698948,2022-07-18,Thirteen Lives,en,4.0888,7.8,1510
523,293299,2014-10-25,Feast,en,1.1137,7.838,904
524,23160,2001-02-01,Werckmeister Harmonies,hu,2.0068,7.8,382
525,16859,1989-07-29,Kiki's Delivery Service,ja,10.2191,7.837,4603
526,235,1986-08-08,Stand by Me,en,10.2824,7.8,6557
527,115,1998-03-06,The Big Lebowski,en,8.6732,7.837,12236
528,438695,2021-12-01,Sing 2,en,12.6335,7.8,4795
529,379170,2016-01-01,Sherlock: The Abominable Bride,en,2.8069,7.836,2349
530,2440,2000-09-09,Joint Security Area,ko,3.4078,7.835,838
531,32480,1981-12-23,The Marquis of Grillo,it,0.9633,7.8,498
532,31442,1962-05-09,Ivan's Childhood,ru,2.6908,7.834,837
533,505192,2018-06-02,Shoplifters,ja,4.7633,7.833,2311
534,9479,1993-10-09,The Nightmare Before Christmas,en,8.5726,7.834,10377
535,11953,1980-04-26,Kagemusha,ja,3.166,7.831,741
536,266856,2014-11-07,The Theory of Everything,en,4.5787,7.831,11146
537,6075,1993-11-10,Carlito's Way,en,5.8544,7.829,3488
538,550205,2021-01-15,Wish Dragon,en,6.1141,7.826,1486
539,445030,2017-07-15,No Game No Life: Zero,ja,4.6528,7.828,442
540,52345,2003-08-22,Lisbela and the Prisoner,pt,0.1194,7.828,407
541,16761,2006-04-21,A Movie of Eggs,es,1.5962,7.828,325
542,677638,2020-06-30,We Bare Bears: The Movie,en,4.523,7.827,857
543,323272,2015-08-28,War Room,en,4.042,7.827,584
544,5924,1973-12-16,Papillon,en,3.611,7.827,2130
545,22,2003-07-09,Pirates of the Caribbean: The Curse of the Black Pearl,en,26.4162,7.827,22332
546,430424,2017-10-25,See You Up There,fr,1.5927,7.826,1362
547,27064,1985-09-20,Mishima: A Life in Four Chapters,ja,2.9542,7.8,348
548,11697,1962-04-13,The Man Who Shot Liberty Valance,en,3.7424,7.826,1287
549,531,1993-12-17,The Wrong Trousers,en,2.1218,7.826,1170
550,573730,2020-01-17,Made in Abyss: Dawn of the Deep Soul,ja,3.235,7.825,305
551,45523,2010-01-26,Louis C.K.: Hilarious,en,0.5407,7.825,306
552,10315,2009-10-14,Fantastic Mr. Fox,en,7.0047,7.8,6142
553,502,1964-10-07,Fail Safe,en,2.6698,7.825,472
554,391,1964-09-12,A Fistful of Dollars,it,5.521,7.825,4740
555,107,2000-09-01,Snatch,en,8.9531,7.825,10027
556,93,1959-07-01,Anatomy of a Murder,en,2.874,7.825,1175
557,3083,1939-10-19,Mr. Smith Goes to Washington,en,1.8197,7.824,1200
558,1280,2004-10-15,3-Iron,ko,2.1784,7.8,1266
559,552532,2020-01-27,Charm City Kings,en,2.7005,7.822,500
560,285700,2014-08-09,The Fool,ru,1.1171,7.822,321
561,24167,1960-12-22,Two Women,it,2.965,7.821,577
562,14574,2008-05-07,The Boy in the Striped Pyjamas,en,10.7212,7.8,7689
563,826,1957-10-11,The Bridge on the River Kwai,en,4.2709,7.821,2385
564,263115,2017-02-28,Logan,en,13.1154,7.82,20456
565,805,1968-06-12,Rosemary's Baby,en,5.8127,7.821,4388
566,714888,2022-09-29,Argentina 1985,es,1.518,7.819,746
567,406785,2016-11-23,Inner Workings,en,0.9245,7.819,306
568,86000,2011-10-20,Always,ko,2.7747,7.819,313
569,12,2003-05-30,Finding Nemo,en,22.0224,7.819,20616
570,3078,1934-02-22,It Happened One Night,en,2.3418,7.8,1409
571,4977,2006-10-01,Paprika,ja,6.275,7.816,2887
572,1419406,2025-08-16,The Shadow's Edge,zh,89.0269,7.811,899
573,348892,2015-07-17,Bajrangi Bhaijaan,hi,3.9329,7.815,554
574,83564,2012-02-10,La luna,en,1.6388,7.8,848
575,1081676,2023-09-26,Forgotten Love,pl,1.9388,7.813,359
576,314365,2015-11-06,Spotlight,en,5.4949,7.813,8819
577,5801,1955-08-26,Pather Panchali,bn,1.2074,7.8,492
578,562,1988-07-15,Die Hard,en,11.2413,7.813,12346
579,22843,2009-06-26,Evangelion: 2.0 You Can (Not) Advance,ja,3.8302,7.812,1016
580,650031,2021-10-28,The Shadow in My Eye,da,2.1989,7.811,550
581,200727,2014-10-16,"Love, Rosie",en,5.506,7.811,6513
582,152742,2013-01-01,The Best Offer,it,3.0976,7.811,3083
583,779047,2021-03-03,Us Again,en,1.0398,7.8,348
584,301,1959-03-08,Rio Bravo,en,3.9231,7.8,1268
585,10193,2010-06-16,Toy Story 3,en,58.4345,7.809,15834
586,631,1927-11-04,Sunrise: A Song of Two Humans,en,1.5518,7.809,906
587,522402,2021-11-04,Finch,en,5.8008,7.808,4014
588,80,2004-06-16,Before Sunset,en,4.5185,7.808,3806
589,303867,2015-01-22,World of Tomorrow,en,0.575,7.807,360
590,31411,1928-09-10,The Cameraman,en,1.7188,7.8,438
591,762,1975-04-03,Monty Python and the Holy Grail,en,4.983,7.807,6442
592,198,1942-03-06,To Be or Not to Be,en,1.7145,7.807,838
593,84892,2012-09-20,The Perks of Being a Wallflower,en,9.2001,7.8,11239
594,22683,2009-02-07,Gifted Hands: The Ben Carson Story,en,3.5795,7.806,789
595,10775,2002-12-12,Infernal Affairs,cn,6.3307,7.806,1875
596,419478,2018-03-22,Midnight Sun,en,2.9702,7.805,3551
597,335578,2015-12-03,Land of Mine,da,1.8573,7.805,1474
598,594634,2019-10-10,Close to the Horizon,de,2.2677,7.804,507
599,25606,1975-03-27,Fantozzi: White Collar Blues,it,1.0708,7.804,880
600,911430,2025-06-25,F1,en,31.2731,7.803,4136
601,1394,1983-05-01,Nostalgia,ru,1.8247,7.803,608
602,674,2005-11-16,Harry Potter and the Goblet of Fire,en,22.0296,7.803,22244
603,2118,1997-09-19,L.A. Confidential,en,7.3012,7.8,5580
604,1018,2001-06-06,Mulholland Drive,en,10.0051,7.8,7077
605,49797,2010-08-12,I Saw the Devil,ko,6.5414,7.801,3041
606,1242898,2025-11-05,Predator: Badlands,en,44.3933,7.801,3162
607,976893,2023-11-10,Perfect Days,ja,8.502,7.8,1928
608,527774,2021-03-03,Raya and the Last Dragon,en,10.1977,7.801,7321
609,10774,1976-11-27,Network,en,4.1288,7.8,2040
610,1366,1976-12-03,Rocky,en,12.6624,7.8,8671
611,393559,2016-09-22,My Life as a Zucchini,fr,1.9564,7.798,1514
612,11621,1992-07-18,Porco Rosso,ja,5.1711,7.8,3733
613,3870,1976-08-28,1900,it,2.4773,7.8,685
614,596,1940-03-15,The Grapes of Wrath,en,2.6668,7.797,1109
615,113,2003-09-19,"Spring, Summer, Fall, Winter... and Spring",ko,3.5038,7.797,1208
616,56231,1971-09-17,The Working Class Goes to Heaven,it,1.1256,7.8,378
617,13042,2008-06-27,Presto,en,1.033,7.796,1077
618,5915,2007-09-21,Into the Wild,en,7.0732,7.796,10174
619,398924,2017-01-18,A Bag of Marbles,fr,0.9804,7.8,906
620,49026,2012-07-17,The Dark Knight Rises,en,15.7509,7.795,24456
621,31011,2009-11-06,Mr. Nobody,en,4.6506,7.795,6239
622,937746,2023-09-07,Io Capitano,it,1.917,7.792,819
623,548544,2019-08-30,Invisible Life,pt,1.1164,7.8,344
624,12496,2002-11-02,The Twilight Samurai,ja,2.0215,7.8,358
625,51533,2010-12-20,Let the Bullets Fly,zh,3.4079,7.789,355
626,9475,1992-12-23,Scent of a Woman,en,6.3341,7.788,3967
627,29845,1974-11-18,A Woman Under the Influence,en,1.4217,7.8,560
628,25050,2008-06-28,Still Walking,ja,2.5753,7.787,448
629,142,2005-10-22,Brokeback Mountain,en,9.5744,7.786,7585
630,149870,2013-07-20,The Wind Rises,ja,3.898,7.785,3390
631,29458,2000-09-01,One Hundred Steps,it,1.0351,7.783,738
632,14282,1993-06-05,Ninja Scroll,ja,3.3965,7.8,753
633,6844,1956-10-05,The Ten Commandments,en,12.8149,7.785,1877
634,11049,2003-05-28,Interstella 5555: The 5tory of the 5ecret 5tar 5ystem,en,2.4864,7.784,523
635,946,1948-04-28,Letter from an Unknown Woman,en,1.3366,7.784,343
636,1376434,2025-06-05,Predator: Killer of Killers,en,6.3336,7.8,1218
637,11830,1985-11-23,Tampopo,ja,2.9954,7.783,434
638,2721,1969-02-26,Z,fr,2.0154,7.783,630
639,901563,2022-11-01,Close,fr,3.2101,7.782,1011
640,579245,2019-10-23,The Specials,fr,1.2834,7.782,985
641,508943,2021-06-17,Luca,en,11.3157,7.8,8976
642,165,1989-11-22,Back to the Future Part II,en,7.0788,7.782,13989
643,367412,2013-01-18,Whiplash,en,1.547,7.8,417
644,262,1982-12-18,The King of Comedy,en,3.5088,7.782,2586
645,438631,2021-09-15,Dune,en,28.4605,7.78,14998
646,5511,1967-10-25,Le Samouraï,fr,2.9927,7.78,1263
647,45752,2010-09-14,Scooby-Doo! Camp Scare,en,2.6296,7.8,333
648,11602,1961-10-16,Through a Glass Darkly,sv,1.0457,7.8,539
649,15859,2004-11-05,A Moment to Remember,ko,2.2211,7.778,367
650,277216,2015-08-11,Straight Outta Compton,en,5.0657,7.776,4206
651,22504,1980-03-19,The King and the Mockingbird,fr,0.9097,7.776,416
652,11005,1990-12-04,Awakenings,en,3.8959,7.776,2877
653,31056,1988-08-21,A Short Film About Love,pl,1.2741,7.8,418
654,14069,2006-07-15,The Girl Who Leapt Through Time,ja,4.2701,7.774,2263
655,5961,1982-12-17,Fanny and Alexander,sv,1.6664,7.774,886
656,783675,2022-12-03,The First Slam Dunk,ja,2.7437,7.8,537
657,568012,2019-01-03,One Piece: Stampede,ja,1.9727,7.773,651
658,760774,2023-12-21,One Life,en,3.4836,7.77,962
659,934,1955-04-13,Rififi,fr,1.6451,7.766,644
660,18079,2000-08-31,Nine Queens,es,1.7749,7.769,826
661,593,1972-03-20,Solaris,ru,2.8045,7.769,1845
662,785084,2022-12-09,The Whale,en,7.5044,7.768,4716
663,925,1989-06-14,Do the Right Thing,en,3.7591,7.767,2008
664,808,2001-05-18,Shrek,en,36.4555,7.767,18852
665,136,1932-01-01,Freaks,en,2.9595,7.767,1308
666,632322,2020-10-23,All My Life,en,1.7182,7.766,517
667,1417,2006-10-11,Pan's Labyrinth,es,11.1501,7.8,11504
668,269149,2016-02-11,Zootopia,en,21.171,7.764,18181
669,583,1979-08-17,Life of Brian,en,7.9058,7.763,4946
670,141,2001-01-19,Donnie Darko,en,9.1991,7.763,13469
671,40662,2010-07-27,Batman: Under the Red Hood,en,3.3466,7.762,1738
672,28162,1946-12-15,A Matter of Life and Death,en,2.2181,7.8,469
673,13855,2008-02-14,The Chaser,ko,4.0935,7.763,1538
674,5991,1924-12-23,The Last Laugh,de,1.6064,7.762,355
675,144,1987-09-23,Wings of Desire,de,2.479,7.8,1498
676,71157,2011-10-06,Polisse,fr,1.1768,7.761,1315
677,14811,1971-11-03,Fiddler on the Roof,en,2.3414,7.761,638
678,715931,2022-12-02,Emancipation,en,3.2235,7.76,1267
679,32579,2007-07-27,Under the Same Moon,es,2.0558,7.8,323
680,9421,1998-04-15,The Dinner Game,fr,1.4189,7.759,2064
681,652722,2019-12-06,In the Arms of an Assassin,es,1.7782,7.758,434
682,14756,2008-12-12,Ip Man,cn,3.3237,7.758,4132
683,117,1987-06-03,The Untouchables,en,5.8072,7.758,6197
684,359156,2015-09-08,Don't Be Bad,it,1.0043,7.757,1047
685,273248,2015-12-25,The Hateful Eight,en,7.7248,7.757,15334
686,86837,2012-09-20,Amour,fr,2.6338,7.756,1782
687,587,2003-12-10,Big Fish,en,5.8404,7.756,7795
688,12429,2008-07-19,Ponyo,ja,8.6764,7.755,4842
689,5000,1952-05-09,Forbidden Games,fr,1.6449,7.8,353
690,58129,1921-01-01,The Phantom Carriage,sv,1.6646,7.754,366
691,553,2003-05-21,Dogville,en,4.1945,7.753,2707
692,169813,2013-08-23,Short Term 12,en,1.9754,7.8,1416
693,166428,2019-01-03,How to Train Your Dragon: The Hidden World,en,10.256,7.8,7140
694,1700,1990-11-30,Misery,en,6.5456,7.753,5268
695,1675,1973-05-24,Day for Night,fr,2.0145,7.754,656
696,24480,2009-05-28,Partly Cloudy,en,1.7705,7.8,1108
697,20873,1969-04-28,The Diamond Arm,ru,1.9372,7.752,333
698,10229,2002-01-25,A Walk to Remember,en,4.9617,7.752,4278
699,380,1988-12-12,Rain Man,en,6.2001,7.752,7127
700,396535,2016-07-20,Train to Busan,ko,25.0486,7.751,8432
701,359784,2016-06-16,Maudie,en,2.1715,7.751,588
702,792,1986-12-19,Platoon,en,7.5999,7.751,5128
703,937278,2022-12-28,A Man Called Otto,en,7.1674,7.75,3610
704,12516,1990-05-11,Dreams,ja,3.4877,7.747,559
705,887,1946-12-25,The Best Years of Our Lives,en,2.7451,7.748,745
706,523781,2020-08-21,Words on Bathroom Walls,en,1.9324,7.747,663
707,143,1930-04-29,All Quiet on the Western Front,en,3.9103,7.7,934
708,423612,2018-10-03,Never Look Away,de,4.7578,7.746,755
709,9552,1973-12-26,The Exorcist,en,11.3051,7.745,8684
710,322,2003-10-08,Mystic River,en,7.3526,7.745,7500
711,858024,2025-11-26,Hamnet,en,13.0314,7.7,1405
712,96721,2013-09-02,Rush,en,7.3582,7.743,7867
713,23832,1966-04-07,For Love and Gold,it,0.8323,7.7,397
714,428493,2017-08-31,God's Own Country,en,2.9037,7.741,984
715,5528,2004-03-17,The Chorus,fr,4.2511,7.741,2618
716,1480,1958-03-30,Touch of Evil,en,2.6997,7.741,1601
717,903,1967-11-01,Cool Hand Luke,en,4.5719,7.741,1625
718,1208348,2025-11-20,Rental Family,en,5.2382,7.7,865
719,726759,2023-03-15,Tetris,en,5.2533,7.741,1883
720,712454,2021-09-22,The Summit of the Gods,fr,1.2212,7.74,421
721,609242,2020-01-16,The Heist of the Century,es,3.016,7.743,848
722,30959,1965-01-06,Kwaidan,ja,2.5851,7.74,453
723,404,1999-10-15,The Straight Story,en,3.4809,7.738,1804
724,203217,2013-06-21,My Mom Is a Character,pt,0.6834,7.738,683
725,25253,1963-11-27,Crooks in Clover,fr,0.9343,7.738,565
726,216,1974-03-05,Ali: Fear Eats the Soul,de,1.7977,7.7,454
727,126319,2012-12-12,Ernest & Celestine,fr,1.5135,7.737,689
728,27670,1984-12-20,Nothing Left to Do But Cry,it,0.7725,7.737,1186
729,17483,2007-06-16,Shelter,en,2.0152,7.736,504
730,15265,1956-08-24,The Red Balloon,fr,1.4097,7.7,439
731,369299,2016-05-13,Don't Blame the Kid,es,2.323,7.735,665
732,211954,2013-07-20,Instructions Not Included,es,1.5594,7.7,956
733,123025,2012-09-25,"Batman: The Dark Knight Returns, Part 1",en,3.2532,7.736,1715
734,12444,2010-11-17,Harry Potter and the Deathly Hallows: Part 1,en,21.2166,7.735,20442
735,45269,2010-11-26,The King's Speech,en,6.7048,7.734,9341
736,492188,2019-09-28,Marriage Story,en,4.4331,7.732,7435
737,1367642,2026-03-11,Reminders of Him,en,13.3737,7.732,321
738,1010581,2023-06-08,My Fault,es,51.8779,7.733,4107
739,15121,1965-03-29,The Sound of Music,en,9.9646,7.731,3642
740,570503,2019-08-28,Tune in for Love,ko,1.8742,7.7,322
741,12405,2008-11-12,Slumdog Millionaire,en,5.295,7.729,11372
742,61979,2010-12-03,Three Steps Above Heaven,es,9.3374,7.729,3236
743,113833,2014-05-25,The Normal Heart,en,2.114,7.728,917
744,703,1977-04-19,Annie Hall,en,4.1989,7.728,4265
745,334,1999-12-17,Magnolia,en,7.356,7.728,4024
746,1311031,2025-07-18,Demon Slayer: Kimetsu no Yaiba Infinity Castle,ja,104.1897,7.7,874
747,49046,2022-10-07,All Quiet on the Western Front,de,8.9807,7.7,4713
748,11299,2001-09-01,Cowboy Bebop: The Movie,ja,3.7467,7.727,1042
749,10020,1991-10-22,Beauty and the Beast,en,12.2805,7.7,10708
750,272,2005-06-10,Batman Begins,en,17.9562,7.727,22694
751,20126,1975-03-07,Deep Red,it,1.9815,7.726,1597
752,9806,2004-10-27,The Incredibles,en,21.4439,7.726,18964
753,177572,2014-10-24,Big Hero 6,en,22.4437,7.725,16637
754,28276,1959-05-12,Good Morning,ja,1.6652,7.7,314
755,11171,2005-03-30,Mysterious Skin,en,3.7485,7.7,1293
756,382591,2016-12-07,Two Is a Family,fr,2.2072,7.724,3060
757,873,1985-12-18,The Color Purple,en,4.4883,7.724,1982
758,303,1946-08-21,Notorious,en,3.0043,7.724,1757
759,12491,1961-09-25,Accattone,it,0.8343,7.7,519
760,2108,1985-02-15,The Breakfast Club,en,6.7966,7.721,8566
761,162,1990-12-07,Edward Scissorhands,en,10.1853,7.721,13817
762,882569,2023-04-19,Guy Ritchie's The Covenant,en,12.6339,7.719,3215
763,980,1943-03-11,The Ox-Bow Incident,en,1.3907,7.7,430
764,453191,2017-06-21,The Big Bad Fox and Other Tales,fr,1.5993,7.719,318
765,545611,2022-03-24,Everything Everywhere All at Once,en,17.2177,7.718,8042
766,1040,1963-03-27,The Leopard,it,2.9034,7.718,953
767,525,1980-06-16,The Blues Brothers,en,5.7847,7.7,4573
768,205,2004-12-22,Hotel Rwanda,en,3.7251,7.717,3182
769,22596,1923-04-01,Safety Last!,en,1.6015,7.716,581
770,579974,2022-03-24,RRR,te,11.6865,7.715,1613
771,16052,1997-03-21,Selena,en,1.8695,7.715,1317
772,696,1979-04-25,Manhattan,en,2.4547,7.714,2629
773,375794,2016-09-02,"No manches, Frida",es,2.2815,7.713,955
774,9800,1993-12-22,Philadelphia,en,5.0091,7.713,4652
775,1139817,2024-09-12,Officer Black Belt,ko,4.446,7.7,365
776,585511,2022-08-05,Luck,en,9.1339,7.712,1958
777,2204,1974-05-17,Alice in the Cities,de,2.0355,7.712,344
778,374473,2016-10-21,"I, Daniel Blake",en,1.49,7.711,1539
779,1426776,2025-06-05,STRAW,en,8.6792,7.71,966
780,613868,2019-12-10,Cousins,pt,1.8918,7.71,360
781,603692,2023-03-21,John Wick: Chapter 4,en,18.3066,7.709,7997
782,242582,2014-10-23,Nightcrawler,en,11.0101,7.708,11776
783,24657,1986-05-09,The Sacrifice,sv,1.3537,7.7,618
784,688,1995-06-02,The Bridges of Madison County,en,5.6028,7.709,2384
785,40619,2010-06-17,Day & Night,en,1.2858,7.7,951
786,980489,2023-08-09,Gran Turismo,en,8.8941,7.707,3435
787,843241,2021-07-02,The Seven Deadly Sins: Cursed by Light,ja,2.2935,7.706,514
788,597316,2021-09-22,My Little Pony: A New Generation,en,3.6698,7.706,338
789,15916,1985-12-22,Angel's Egg,ja,3.3342,7.71,591
790,1626,1962-09-20,Vivre Sa Vie,fr,1.8173,7.7,703
791,672,2002-11-13,Harry Potter and the Chamber of Secrets,en,24.0532,7.705,23662
792,177945,2013-09-24,"Like Father, Like Son",ja,3.1176,7.704,803
793,11902,1995-10-25,Underground,sr,1.6148,7.704,783
794,1266127,2026-03-19,Ready or Not: Here I Come,en,29.8413,7.703,1107
795,963,1941-10-18,The Maltese Falcon,en,3.5638,7.702,1888
796,309,1998-06-19,The Celebration,da,2.1624,7.698,1272
797,666277,2023-06-02,Past Lives,en,13.5486,7.701,2342
798,286217,2015-09-30,The Martian,en,17.4282,7.7,21319
799,30018,2009-05-28,Mother,ko,3.2892,7.701,1688
800,9023,2002-05-24,Spirit: Stallion of the Cimarron,en,8.4737,7.701,4935
801,2493,1987-09-25,The Princess Bride,en,10.054,7.7,5134
802,851,1945-11-24,Brief Encounter,en,2.1666,7.7,706
803,705861,2022-06-03,Hustle,en,3.8788,7.699,2844
804,502033,2020-11-20,Sound of Metal,en,2.9648,7.699,2850
805,451945,2017-08-23,BPM (Beats per Minute),fr,1.4759,7.699,1387
806,19026,2006-10-25,Azur & Asmar: The Princes' Quest,fr,1.4582,7.7,668
807,158,1997-02-20,Knockin' on Heaven's Door,de,1.3384,7.699,594
808,297222,2014-12-18,PK,hi,4.7523,7.698,1168
809,573699,2019-01-11,White Snake,zh,3.4959,7.697,557
810,413594,2017-02-18,Sword Art Online the Movie: Ordinal Scale,ja,3.393,7.697,763
811,15999,2001-04-21,Vampire Hunter D: Bloodlust,ja,3.2388,7.697,808
812,357786,2016-01-08,Kizumonogatari Part 1: Tekketsu,ja,2.1786,7.696,311
813,221732,2014-09-13,Rurouni Kenshin Part III: The Legend Ends,ja,3.5284,7.7,563
814,10227,1967-12-13,PlayTime,fr,2.2348,7.695,673
815,843906,2021-09-14,Straight Outta Nowhere: Scooby-Doo! Meets Courage the Cowardly Dog,en,1.8296,7.694,405
816,3114,1956-05-16,The Searchers,en,4.6728,7.694,1582
817,336804,2015-06-17,Mustang,fr,2.0025,7.7,1471
818,30020,1997-09-28,Taste of Cherry,fa,2.3794,7.7,708
819,12219,1997-08-17,12 Angry Men,en,4.2309,7.693,450
820,773,2006-07-26,Little Miss Sunshine,en,3.7414,7.693,7887
821,966220,2022-05-03,Sniper: The White Raven,uk,5.1642,7.692,918
822,527776,2019-08-22,Overcomer,en,1.8378,7.692,307
823,336808,2015-05-25,Embrace of the Serpent,es,1.4596,7.692,509
824,1027014,2022-09-28,Entergalactic,en,3.1687,7.7,497
825,11220,1995-09-06,Fallen Angels,cn,5.4769,7.692,1314
826,137182,2012-10-09,The Broken Circle Breakdown,nl,1.0846,7.7,1130
827,49687,1964-12-18,Marriage Italian Style,it,0.6914,7.689,549
828,993,1972-12-10,Sleuth,en,2.0026,7.689,721
829,51608,2010-08-04,The Man from Nowhere,ko,5.3738,7.688,1497
830,244063,2014-01-08,Boys,nl,1.8637,7.687,742
831,234200,2014-09-12,Pride,en,3.7825,7.687,1413
832,396,1966-06-22,Who's Afraid of Virginia Woolf?,en,3.4566,7.687,919
833,44214,2010-12-03,Black Swan,en,9.9596,7.7,15604
834,1290821,2026-01-28,Shelter,en,43.8481,7.681,1304
835,486589,2019-07-25,Red Shoes and the Seven Dwarfs,ko,3.839,7.684,1138
836,82702,2014-06-05,How to Train Your Dragon 2,en,12.5299,7.684,10475
837,14438,2008-09-26,Fireproof,en,2.8671,7.684,863
838,218,1984-10-26,The Terminator,en,15.3704,7.684,14687
839,238628,2013-10-17,Tangerines,et,1.0799,7.683,604
840,30588,1947-08-27,Monsieur Verdoux,en,1.0489,7.7,475
841,21135,1962-04-13,L'Eclisse,it,2.7027,7.683,538
842,713776,2020-03-07,If Anything Happens I Love You,en,1.5498,7.682,996
843,29154,1988-03-11,Stand and Deliver,en,3.0284,7.682,442
844,4480,1986-08-27,Jean de Florette,fr,1.5058,7.682,611
845,578,1975-06-20,Jaws,en,19.3981,7.682,11587
846,9912,2005-10-12,The World's Fastest Indian,en,2.543,7.681,893
847,767,2009-07-15,Harry Potter and the Half-Blood Prince,en,19.8337,7.681,20855
848,13151,1998-09-22,Scooby-Doo on Zombie Island,en,2.9226,7.68,856
849,602063,2021-04-23,Rurouni Kenshin: The Final,ja,5.6908,7.7,547
850,11787,1950-12-04,Harvey,en,1.7833,7.679,685
851,632,1953-05-29,Stalag 17,en,2.1509,7.68,668
852,506574,2019-08-02,Descendants 3,en,5.337,7.7,1619
853,83666,2012-05-16,Moonrise Kingdom,en,3.9625,7.677,6362
854,11362,2002-01-23,The Count of Monte Cristo,en,8.52,7.677,2033
855,539517,2018-10-04,Constantine: City of Demons - The Movie,en,2.2261,7.676,664
856,13187,1965-12-09,A Charlie Brown Christmas,en,2.4394,7.676,784
857,980026,2023-10-05,The Promised Land,da,3.1283,7.675,593
858,1632,1988-12-08,Mississippi Burning,en,3.4374,7.673,1956
859,13466,1999-02-19,October Sky,en,4.4472,7.674,1440
860,10633,1967-08-02,In the Heat of the Night,en,3.0517,7.674,1251
861,2433,1967-03-08,The Young Girls of Rochefort,fr,2.7962,7.7,658
862,336,1971-10-29,"Duck, You Sucker",it,3.2572,7.668,1189
863,11474,1979-02-01,The Warriors,en,6.0259,7.674,2390
864,675,2007-07-08,Harry Potter and the Order of the Phoenix,en,20.1256,7.673,20870
865,974036,2024-02-22,Ordinary Angels,en,3.2218,7.672,387
866,656563,2020-04-30,Rich in Love,pt,1.0297,7.7,631
867,337960,2015-08-27,Holding the Man,en,1.1589,7.671,463
868,51739,2010-07-16,The Secret World of Arrietty,ja,5.5255,7.67,3193
869,5910,1997-10-30,Fireworks,ja,3.1747,7.7,781
870,1084242,2025-11-26,Zootopia 2,en,72.2435,7.671,2993
871,965150,2022-10-21,Aftersun,en,9.4533,7.669,1857
872,393729,2016-08-31,Divines,fr,0.7124,7.669,688
873,14813,1983-10-19,Mickey's Christmas Carol,en,2.5842,7.669,991
874,3763,1964-11-21,Onibaba,ja,2.1109,7.669,484
875,435366,2017-02-09,Fabricated City,ko,3.1902,7.667,359
876,22881,2009-11-20,The Blind Side,en,9.0473,7.667,6867
877,1908,1960-07-07,Inherit the Wind,en,1.8436,7.666,471
878,1633,1991-12-27,Fried Green Tomatoes,en,3.8978,7.666,1483
879,1075,1998-06-01,"Black Cat, White Cat",sr,1.6674,7.665,828
880,587272,2019-08-02,Father There Is Only One,es,1.415,7.664,770
881,10757,2001-12-14,Kabhi Khushi Kabhie Gham,hi,3.8169,7.664,612
882,8358,2000-12-22,Cast Away,en,14.9906,7.664,12310
883,5544,1959-06-10,Hiroshima Mon Amour,fr,1.9891,7.7,929
884,1263421,2024-06-05,Baki Hanma VS Kengan Ashura,ja,5.7762,7.663,393
885,990,1961-09-25,The Hustler,en,2.8712,7.663,1093
886,522627,2020-01-01,The Gentlemen,en,7.9145,7.662,6643
887,459670,2019-06-27,Monica and Friends: Bonds,pt,0.8568,7.662,300
888,414906,2022-03-01,The Batman,en,26.4444,7.662,12043
889,1726,2008-04-30,Iron Man,en,21.9529,7.662,28233
890,1587,1993-12-17,What's Eating Gilbert Grape,en,5.2851,7.662,4304
891,891,1976-04-09,All the President's Men,en,2.8814,7.7,2089
892,845,1951-06-27,Strangers on a Train,en,3.364,7.662,1890
893,499,1962-04-11,Cléo from 5 to 7,fr,2.5522,7.7,783
894,1592,1996-04-03,Primal Fear,en,7.9666,7.662,3972
895,68,1985-02-20,Brazil,en,3.9476,7.661,3719
896,14580,1953-10-14,The Big Heat,en,2.1814,7.66,554
897,653,1922-02-16,Nosferatu,de,5.2418,7.7,2460
898,288,1952-06-09,High Noon,en,6.7145,7.7,1583
899,766507,2022-08-02,Prey,en,10.6165,7.658,7766
900,508933,2018-03-13,Ricky Gervais: Humanity,en,1.0664,7.658,519
901,167581,2013-05-27,Free Fall,de,2.4297,7.658,838
902,1002185,2023-09-08,A Million Miles Away,en,2.1996,7.657,528
903,886396,2022-10-17,Batman and Superman: Battle of the Super Sons,en,2.62,7.7,354
904,556984,2020-09-25,The Trial of the Chicago 7,en,3.3319,7.657,3369
905,950396,2025-02-13,The Gorge,en,22.779,7.656,3828
906,100402,2014-03-20,Captain America: The Winter Soldier,en,7.3407,7.656,20069
907,4497,1962-04-01,Viridiana,es,1.2897,7.656,552
908,227932,2016-12-22,My Mom Is a Character 2,pt,0.5749,7.7,525
909,10637,2000-09-29,Remember the Titans,en,5.0921,7.655,2966
910,871,1968-02-07,Planet of the Apes,en,7.7799,7.655,3983
911,812,1992-11-25,Aladdin,en,13.296,7.654,12051
912,567410,2019-09-19,System Crasher,de,1.3257,7.7,386
913,4808,1963-12-01,Charade,en,3.1829,7.652,1551
914,1175942,2025-07-24,The Bad Guys 2,en,15.5725,7.652,801
915,938008,2022-07-13,The Killer,ko,3.4248,7.652,422
916,12548,1953-09-17,I Vitelloni,it,1.5578,7.7,738
917,678,1947-11-25,Out of the Past,en,2.8132,7.7,646
918,728118,2021-02-26,"Quo Vadis, Aida?",sr,0.9672,7.651,476
919,48831,1969-06-04,My Night at Maud's,fr,1.0016,7.651,355
920,672322,2021-06-04,Rurouni Kenshin: The Beginning,ja,5.5224,7.7,542
921,573171,2022-12-14,Little Eggs: A Frozen Rescue,es,3.3592,7.7,364
922,50531,2000-12-15,Ask Me If I'm Happy,it,1.3105,7.651,1726
923,20139,1961-12-19,The Children's Hour,en,2.5308,7.65,411
924,15794,1949-09-02,White Heat,en,1.611,7.644,543
925,49992,1998-12-22,Lucky and Zorba,it,0.8504,7.649,641
926,16219,1992-03-06,Gladiator,en,2.7232,7.649,404
927,862557,2023-08-18,The Hill,en,3.0662,7.647,312
928,144288,2013-02-01,Berserk: The Golden Age Arc III - The Advent,ja,3.0087,7.6,411
929,4495,1973-10-08,The Spirit of the Beehive,es,1.6121,7.647,398
930,840430,2023-10-27,The Holdovers,en,7.256,7.645,2529
931,446159,2019-08-29,Bacurau,pt,1.9667,7.645,1147
932,514439,2019-04-10,Breakthrough,en,3.8184,7.6,1145
933,371645,2016-01-22,Hunt for the Wilderpeople,en,2.8582,7.644,2315
934,21542,2003-12-12,Love Don't Co$t a Thing,en,7.2862,7.644,705
935,575452,2019-05-23,The Traitor,it,1.8742,7.643,1431
936,479718,2017-10-03,The Outlaws,ko,8.0433,7.6,544
937,381289,2017-01-19,A Dog's Purpose,en,4.6485,7.642,3543
938,15251,1983-10-15,Eddie Murphy: Delirious,en,2.9801,7.642,355
939,247,1956-06-06,The Killing,en,3.9974,7.643,1722
940,13830,2002-02-27,Shottas,en,2.7256,7.641,366
941,8416,1971-01-29,The Conformist,it,2.5304,7.6,768
942,1579,2006-12-07,Apocalypto,en,30.4549,7.641,6442
943,869626,2022-06-24,Marcel the Shell with Shoes On,en,2.036,7.6,701
944,137113,2014-05-27,Edge of Tomorrow,en,11.3534,7.64,15134
945,508439,2020-02-29,Onward,en,5.8239,7.639,6593
946,24160,1982-12-22,My Friends Act II,it,0.7961,7.639,367
947,55,2000-06-16,Amores Perros,es,4.9732,7.6,2933
948,792307,2023-12-07,Poor Things,en,11.1048,7.6,5529
949,1062722,2025-10-17,Frankenstein,en,17.9496,7.637,3527
950,513434,2017-11-04,One Cut of the Dead,ja,2.223,7.633,990
951,1904,2005-12-06,Memoirs of a Geisha,en,4.9499,7.637,3406
952,261,1958-08-29,Cat on a Hot Tin Roof,en,2.1301,7.637,841
953,4995,1997-10-07,Boogie Nights,en,6.5754,7.636,3590
954,313297,2016-08-18,Kubo and the Two Strings,en,4.1275,7.6,3829
955,76341,2015-05-13,Mad Max: Fury Road,en,21.7813,7.634,24166
956,4347,2007-02-27,Atonement,en,7.0163,7.634,4718
957,16306,1973-12-01,Fantastic Planet,fr,2.2966,7.633,1105
958,13929,1997-11-24,Geri's Game,en,1.8772,7.633,1223
959,137,1993-02-11,Groundhog Day,en,8.4552,7.632,8933
960,572164,2019-07-31,EXIT,ko,3.9772,7.631,302
961,650,1991-07-12,Boyz n the Hood,en,4.9928,7.631,2267
962,342470,2020-02-28,All the Bright Places,en,3.0451,7.6,3029
963,74308,2011-04-24,Detachment,en,6.4563,7.63,2020
964,37247,1967-12-21,The Graduate,en,7.1187,7.631,3693
965,803700,2022-12-21,The Eight Mountains,it,1.5647,7.629,840
966,799766,2024-12-06,Better Man,en,6.8527,7.629,862
967,110160,2012-05-18,Laurence Anyways,fr,1.5431,7.629,901
968,14624,2007-03-09,The Ultimate Gift,en,4.317,7.629,513
969,13363,2007-06-10,The Man from Earth,en,3.3022,7.629,2923
970,108,1993-09-08,Three Colors: Blue,fr,3.95,7.629,1902
971,39324,1993-02-24,Dragon Ball Z: The History of Trunks,ja,4.5359,7.628,616
972,28580,1945-11-29,The Lost Weekend,en,1.4411,7.6,668
973,9343,1982-03-02,Fitzcarraldo,de,2.0061,7.628,886
974,329865,2016-11-10,Arrival,en,15.8398,7.627,19449
975,25188,1971-10-03,The Last Picture Show,en,2.1753,7.626,773
976,1678,1954-11-03,Godzilla,ja,4.3404,7.627,1110
977,580175,2020-09-24,Another Round,da,4.6895,7.6,3789
978,293660,2016-02-09,Deadpool,en,16.3103,7.625,32833
979,11898,1949-06-23,Kind Hearts and Coronets,en,2.0599,7.621,609
980,471707,2019-09-10,Corpus Christi,pl,1.5036,7.624,609
981,419430,2017-02-24,Get Out,en,14.8318,7.6,18963
982,228205,2015-04-09,The Longest Ride,en,4.3362,7.624,3332
983,33997,2009-09-24,Desert Flower,en,2.0945,7.624,490
984,14784,2006-09-09,The Fall,en,6.1832,7.624,1554
985,8832,2008-05-28,Il Divo,it,1.2211,7.624,1189
986,1939,1944-10-11,Laura,en,1.9805,7.622,912
987,13386,1981-03-05,I'm Starting from Three,it,0.4671,7.621,702
988,3309,1945-10-20,Mildred Pierce,en,2.1806,7.6,451
989,212,1944-09-01,Arsenic and Old Lace,en,1.6272,7.621,1047
990,164,1961-10-06,Breakfast at Tiffany's,en,5.9422,7.621,4494
991,476968,2018-03-22,"Paul, Apostle of Christ",en,2.2771,7.62,414
992,207703,2015-01-24,Kingsman: The Secret Service,en,11.9198,7.62,17875
993,42987,1963-11-14,The Servant,en,2.5278,7.6,374
994,17835,1985-08-06,Threads,en,2.5107,7.6,408
995,838209,2024-02-22,Exhuma,ko,9.3296,7.619,716
996,498249,2018-11-21,Bad Seeds,fr,0.8553,7.619,631
997,426426,2018-11-21,Roma,es,2.446,7.619,4130
998,38251,1991-02-02,Mediterraneo,it,1.2438,7.619,1072
999,19101,1995-05-10,A Little Princess,en,2.653,7.6,1044
1000,1933,2001-08-02,The Others,en,7.0448,7.618,7212
1001,841755,2021-08-30,Mortal Kombat Legends: Battle of the Realms,en,4.0543,7.617,507
1002,12093,2002-08-23,Lilya 4-ever,sv,4.092,7.617,669
1003,8016,1948-07-11,"Germany, Year Zero",it,1.693,7.617,424
1004,99,1999-04-16,All About My Mother,es,1.922,7.6,2073
1005,180299,2014-03-27,The Raid 2,id,6.9312,7.616,2606
1006,61202,2011-07-15,Zindagi Na Milegi Dobara,hi,2.589,7.6,418
1007,939243,2024-12-19,Sonic the Hedgehog 3,en,23.8662,7.614,3316
1008,627725,2020-03-06,The Banker,en,4.416,7.615,1114
1009,642,1969-09-23,Butch Cassidy and the Sundance Kid,en,4.3491,7.6,2476
1010,17057,1950-05-17,In a Lonely Place,en,2.0303,7.6,664
1011,9693,2006-09-22,Children of Men,en,7.036,7.614,7887
1012,702,1951-09-18,A Streetcar Named Desire,en,3.4148,7.6,1482
1013,776305,2021-07-16,Belle,ja,4.1464,7.613,890
1014,364111,2015-09-19,The Anthem of the Heart,ja,2.435,7.613,432
1015,309809,2015-07-29,The Little Prince,en,5.2486,7.613,2984
1016,38757,2010-11-24,Tangled,en,17.2319,7.6,12438
1017,10754,1988-03-11,A Short Film About Killing,pl,1.1911,7.6,402
1018,10451,1994-08-03,Eat Drink Man Woman,zh,2.6878,7.613,408
1019,770254,2021-12-03,Back to the Outback,en,3.734,7.6,787
1020,417261,2018-01-26,Forever My Girl,en,3.6527,7.6,1392
1021,863,1999-10-30,Toy Story 2,en,56.7729,7.613,14994
1022,534780,2018-10-05,Andhadhun,hi,2.5367,7.61,631
1023,283995,2017-04-25,Guardians of the Galaxy Vol. 2,en,13.0736,7.61,22998
1024,11657,1970-10-19,Le Cercle Rouge,fr,1.9806,7.61,730
1025,21191,2009-03-20,Sin Nombre,es,3.2832,7.609,780
1026,20123,1988-12-21,Time of the Gypsies,sh,1.706,7.609,442
1027,63,1995-12-29,Twelve Monkeys,en,8.4515,7.609,9163
1028,583083,2020-07-24,The Kissing Booth 2,en,3.3661,7.607,5140
1029,127501,2012-09-13,Barfi!,hi,1.7801,7.608,374
1030,10331,1968-10-04,Night of the Living Dead,en,4.8882,7.608,2750
1031,995,1939-03-02,Stagecoach,en,2.6336,7.608,1235
1032,26371,1987-09-18,Maurice,en,3.3297,7.607,611
1033,19995,2009-12-16,Avatar,en,32.2941,7.607,34104
1034,9444,1997-11-20,Anastasia,en,5.9266,7.6,5633
1035,793,1986-09-19,Blue Velvet,en,6.2376,7.607,3842
1036,616,2003-12-05,The Last Samurai,en,9.578,7.607,7571
1037,72213,2011-09-30,Courageous,en,2.3879,7.606,411
1038,25858,1948-04-27,Drunken Angel,ja,1.3698,7.6,311
1039,17058,1945-12-25,Scarlet Street,en,1.8679,7.6,444
1040,13002,2006-09-19,Barbie in the 12 Dancing Princesses,en,4.9199,7.605,1253
1041,502356,2023-04-05,The Super Mario Bros. Movie,en,24.4311,7.605,10831
1042,348678,2015-12-25,A Man Called Ove,sv,2.842,7.6,1326
1043,15137,2007-09-01,Evangelion: 1.0 You Are (Not) Alone,ja,4.7371,7.6,1104
1044,1541,1991-05-24,Thelma & Louise,en,8.8481,7.603,3890
1045,11321,2008-12-18,Seven Pounds,en,3.8902,7.601,7269
1046,1093,1958-01-29,Elevator to the Gallows,fr,1.7622,7.6,704
1047,820,1991-12-20,JFK,en,4.0469,7.601,2430
1048,83533,2025-12-17,Avatar: Fire and Ash,en,140.6391,7.599,3563
1049,4922,2008-12-25,The Curious Case of Benjamin Button,en,8.9409,7.6,13773
1050,614917,2021-11-18,King Richard,en,3.6645,7.599,2869
1051,537116,2021-11-11,"tick, tick... BOOM!",en,2.1705,7.598,2312
1052,496450,2023-07-05,"Miraculous: Ladybug & Cat Noir, The Movie",fr,8.4432,7.602,961
1053,9289,1962-09-25,The Longest Day,en,6.1155,7.6,1028
1054,3482,1964-09-24,The Train,en,1.7735,7.598,379
1055,1712,1956-11-08,Giant,en,3.9931,7.598,760
1056,976,1957-07-04,Sweet Smell of Success,en,1.369,7.597,584
1057,819,1996-10-18,Sleepers,en,8.131,7.597,3918
1058,335984,2017-10-04,Blade Runner 2049,en,30.0597,7.595,15224
1059,31417,1960-01-11,Eyes Without a Face,fr,1.7853,7.6,801
1060,11482,1976-05-26,The Tenant,en,3.145,7.596,1240
1061,10322,1979-12-19,Being There,en,2.1644,7.596,1134
1062,1654,1967-06-15,The Dirty Dozen,en,4.6303,7.596,1326
1063,71,2000-09-28,Billy Elliot,en,4.1428,7.596,4104
1064,4951,1999-03-30,10 Things I Hate About You,en,12.5583,7.594,8960
1065,744114,2022-10-20,My Policeman,en,1.8482,7.594,770
1066,466282,2018-08-17,To All the Boys I've Loved Before,en,6.48,7.594,8722
1067,76600,2022-12-14,Avatar: The Way of Water,en,27.2154,7.594,14233
1068,4982,2007-11-02,American Gangster,en,7.8156,7.595,6078
1069,244,1933-04-07,King Kong,en,5.0544,7.593,1620
1070,343,1971-12-20,Harold and Maude,en,2.5444,7.6,1213
1071,222935,2014-06-02,The Fault in Our Stars,en,5.7249,7.592,11583
1072,3933,2005-09-12,Corpse Bride,en,16.9667,7.592,10230
1073,589739,2019-08-14,Hair Love,en,1.2549,7.591,488
1074,198375,2013-05-31,The Garden of Words,ja,3.4658,7.591,2245
1075,10835,1989-03-24,The Killer,cn,4.7247,7.59,908
1076,910,1946-08-22,The Big Sleep,en,3.4577,7.589,1163
1077,768744,2021-08-06,My Hero Academia: World Heroes' Mission,ja,4.7068,7.594,629
1078,225745,2013-04-20,Steins;Gate: The Movie - Load Region of Déjà Vu,ja,2.8779,7.59,399
1079,724495,2022-09-16,The Woman King,en,6.2227,7.589,2374
1080,39323,1990-10-17,Dragon Ball Z: Bardock - The Father of Goku,ja,4.1776,7.589,775
1081,25768,1928-05-09,"Steamboat Bill, Jr.",en,1.6714,7.6,392
1082,13562,1936-09-02,My Man Godfrey,en,1.5532,7.589,394
1083,11159,1996-05-24,Secrets & Lies,en,2.114,7.589,733
1084,643,1925-12-24,Battleship Potemkin,ru,3.3195,7.589,1299
1085,333339,2018-03-28,Ready Player One,en,15.7899,7.588,17003
1086,54186,2010-06-04,Confessions,ja,4.1989,7.588,999
1087,11972,1952-03-28,The Little World of Don Camillo,it,0.8517,7.6,311
1088,532,1996-03-07,A Close Shave,en,2.2516,7.588,943
1089,283587,2015-09-11,Beasts of No Nation,en,1.9785,7.587,1880
1090,12501,1958-08-13,The Big Country,en,2.7951,7.587,414
1091,18329,1997-05-30,Happy Together,cn,3.9924,7.586,805
1092,11969,1993-12-25,Tombstone,en,6.5737,7.584,2462
1093,630,1939-08-15,The Wizard of Oz,en,11.4026,7.6,6138
1094,576,1969-06-19,The Wild Bunch,en,3.3984,7.585,1341
1095,18,1997-05-02,The Fifth Element,fr,19.3615,7.585,11815
1096,976573,2023-06-14,Elemental,en,16.1384,7.583,5350
1097,624932,2019-08-26,Dave Chappelle: Sticks & Stones,en,0.7307,7.584,376
1098,538858,2018-10-12,Tumbbad,hi,3.8877,7.584,333
1099,64690,2011-09-15,Drive,en,8.82,7.584,13685
1100,27040,1943-01-01,Meshes of the Afternoon,en,1.0446,7.6,441
1101,746,1987-10-04,The Last Emperor,en,7.7066,7.584,1926
1102,878361,2023-04-27,Big George Foreman,en,3.6042,7.583,363
1103,320007,2015-06-11,Victoria,de,1.3772,7.6,1359
1104,7214,2005-01-14,Coach Carter,en,6.1206,7.582,3313
1105,284053,2017-10-02,Thor: Ragnarok,en,16.4136,7.581,22076
1106,1879,1967-12-11,Guess Who's Coming to Dinner,en,1.5196,7.581,913
1107,57158,2013-12-11,The Hobbit: The Desolation of Smaug,en,13.1036,7.58,14256
1108,4481,1986-11-19,Manon of the Spring,fr,2.6772,7.579,563
1109,3580,2008-10-24,Changeling,en,4.8982,7.579,4499
1110,1954,2004-01-17,The Butterfly Effect,en,8.5692,7.579,8283
1111,921,2005-06-02,Cinderella Man,en,4.0763,7.579,2431
1112,1544,2006-01-27,Imagine Me & You,en,3.3407,7.578,1117
1113,398978,2019-11-01,The Irishman,en,7.3016,7.576,7544
1114,38234,2010-04-17,Undisputed III: Redemption,en,8.0703,7.576,1033
1115,637649,2021-04-22,Wrath of Man,en,15.8207,7.575,6129
1116,533535,2024-07-24,Deadpool & Wolverine,en,35.392,7.576,8820
1117,30368,1949-10-17,Stray Dog,ja,2.0817,7.6,358
1118,9016,2002-11-26,Treasure Planet,en,7.6135,7.575,4639
1119,13396,1982-12-26,The Snowman,en,1.4195,7.574,352
1120,21575,2009-08-26,A Prophet,fr,2.3945,7.6,1742
1121,8440,2003-04-11,Carandiru,pt,1.8117,7.569,614
1122,2649,1997-09-12,The Game,en,9.7107,7.574,7381
1123,940721,2023-11-03,Godzilla Minus One,ja,8.926,7.572,3207
1124,264660,2015-01-21,Ex Machina,en,10.417,7.572,14309
1125,10950,2001-12-28,I Am Sam,en,5.0249,7.572,2513
1126,2013,2007-05-23,The Diving Bell and the Butterfly,fr,2.3936,7.572,1287
1127,981,1940-12-05,The Philadelphia Story,en,3.1059,7.572,986
1128,36557,2006-11-14,Casino Royale,en,11.7435,7.571,11736
1129,12102,1979-12-07,Kramer vs. Kramer,en,3.9679,7.571,2471
1130,586863,2019-11-14,Les Misérables,fr,2.0174,7.6,1607
1131,489999,2018-08-24,Searching,en,4.5565,7.57,4256
1132,9377,1986-06-11,Ferris Bueller's Day Off,en,5.376,7.57,5406
1133,64,2002-03-15,Talk to Her,es,2.1455,7.57,1449
1134,568124,2021-10-13,Encanto,en,12.6213,7.569,10235
1135,221731,2014-08-01,Rurouni Kenshin Part II: Kyoto Inferno,ja,3.9668,7.569,656
1136,782,1997-07-09,Gattaca,en,7.0974,7.569,6954
1137,81401,2011-03-31,The Turin Horse,hu,1.8832,7.6,421
1138,28145,1969-12-10,"They Shoot Horses, Don't They?",en,2.7063,7.568,368
1139,804095,2022-11-11,The Fabelmans,en,6.0287,7.6,2785
1140,284427,2014-09-25,Who Am I,de,6.4692,7.568,1725
1141,759054,2022-06-23,Rise,en,1.61,7.566,305
1142,277834,2016-10-13,Moana,en,3.7753,7.566,13765
1143,4638,2007-02-14,Hot Fuzz,en,7.1682,7.6,8377
1144,4235,1969-12-05,The Sicilian Clan,fr,1.4716,7.566,369
1145,18925,2006-09-29,Facing the Giants,en,2.9603,7.565,499
1146,17431,2009-06-12,Moon,en,5.4792,7.564,6311
1147,106,1987-06-12,Predator,en,24.5445,7.566,9199
1148,315846,2015-06-13,Our Little Sister,ja,3.1656,7.564,562
1149,244267,2014-07-18,I Origins,en,2.8221,7.564,3478
1150,11528,1993-04-07,The Sandlot,en,5.1166,7.6,1333
1151,3558,1999-12-21,"Girl, Interrupted",en,6.1102,7.564,4169
1152,596054,2019-08-15,Heroic Losers,es,1.2515,7.563,614
1153,585244,2020-03-12,I Still Believe,en,3.6244,7.563,1233
1154,530079,2019-06-21,Ride Your Wave,ja,2.7261,7.563,375
1155,13980,2007-09-29,Sword of the Stranger,ja,3.9303,7.563,466
1156,1913,2004-09-03,The Sea Inside,es,2.6049,7.563,1024
1157,801335,2021-02-27,Girl in the Basement,en,17.568,7.562,870
1158,47909,2010-05-13,Poetry,ko,1.344,7.562,337
1159,36095,1997-12-27,Cure,ja,5.7089,7.562,808
1160,11688,2000-12-15,The Emperor's New Groove,en,12.051,7.562,7327
1161,11544,2002-06-21,Lilo & Stitch,en,11.6355,7.561,7113
1162,11909,1990-08-17,Bullet in the Head,cn,3.152,7.6,316
1163,1372,2006-12-08,Blood Diamond,en,30.5506,7.56,8361
1164,948,1978-10-24,Halloween,en,12.8322,7.56,6207
1165,1232827,2024-09-06,The Girl with the Needle,da,2.2042,7.559,357
1166,1214931,2025-11-06,Nuremberg,en,11.6895,7.6,1136
1167,514754,2018-06-15,Bao,en,1.4205,7.6,1311
1168,783,1982-12-01,Gandhi,en,3.4133,7.558,2512
1169,10363,1960-03-10,Purple Noon,fr,3.0722,7.557,601
1170,707886,2020-06-19,Feel the Beat,en,3.2456,7.556,1173
1171,366170,2016-04-23,Yu-Gi-Oh!: The Dark Side of Dimensions,ja,2.1999,7.556,465
1172,9394,1970-12-22,They Call Me Trinity,it,4.1464,7.556,1460
1173,334541,2016-11-17,Manchester by the Sea,en,6.122,7.554,6427
1174,1883,1992-11-18,Malcolm X,en,4.6663,7.554,1918
1175,730840,2021-07-21,Trollhunters: Rise of the Titans,en,2.9062,7.6,359
1176,451915,2018-10-12,Beautiful Boy,en,3.9658,7.552,2881
1177,907,1965-12-22,Doctor Zhivago,en,3.5541,7.552,1278
1178,431693,2019-12-04,Spies in Disguise,en,5.9841,7.551,2989
1179,881,1992-12-11,A Few Good Men,en,7.4759,7.551,4179
1180,246741,2014-06-19,What We Do in the Shadows,en,3.6283,7.5,3957
1181,24807,1936-04-09,Mr. Deeds Goes to Town,en,1.6023,7.5,405
1182,256040,2015-07-10,Bāhubali: The Beginning,te,4.8312,7.547,936
1183,228150,2014-10-15,Fury,en,16.651,7.547,12958
1184,765,1987-03-13,Evil Dead II,en,6.4471,7.547,3503
1185,638,1997-01-15,Lost Highway,en,5.3603,7.547,2964
1186,13310,2008-10-24,Let the Right One In,sv,2.3978,7.546,3276
1187,1022789,2024-06-11,Inside Out 2,en,27.646,7.544,6733
1188,747,2004-04-09,Shaun of the Dead,en,7.1006,7.5,9386
1189,433,1964-12-17,Mary Poppins,en,6.1112,7.545,5021
1190,306819,2015-11-27,The Danish Girl,en,4.8573,7.544,5958
1191,2009,2007-08-24,"4 Months, 3 Weeks and 2 Days",ro,3.1067,7.5,825
1192,618588,2024-02-22,Arthur the King,en,2.5579,7.543,950
1193,73456,2011-08-11,Barbie: Princess Charm School,en,8.0423,7.543,874
1194,22292,1947-05-25,The Ghost and Mrs. Muir,en,1.2564,7.542,357
1195,13696,1938-11-26,Angels with Dirty Faces,en,1.1225,7.542,354
1196,12498,1996-08-30,Sling Blade,en,2.3584,7.542,866
1197,615,2004-02-25,The Passion of the Christ,en,9.6315,7.543,5222
1198,281957,2015-12-25,The Revenant,en,11.7293,7.541,19377
1199,16633,1980-10-02,Somewhere in Time,en,2.8814,7.541,663
1200,11782,1992-04-16,Hard Boiled,cn,4.369,7.541,950
1201,856,1988-06-22,Who Framed Roger Rabbit,en,6.6142,7.541,6200
1202,338,2003-02-13,"Good Bye, Lenin!",de,2.5435,7.541,2638
1203,138843,2013-07-18,The Conjuring,en,19.2369,7.54,12774
1204,13345,1995-01-21,A Chinese Odyssey Part One: Pandora's Box,cn,4.5504,7.5,311
1205,9366,1997-02-27,Donnie Brasco,en,5.2107,7.54,4882
1206,4960,2008-10-24,"Synecdoche, New York",en,2.8187,7.54,1613
1207,1628,1962-01-23,Jules and Jim,fr,1.2516,7.54,1054
1208,109424,2013-10-10,Captain Phillips,en,8.8355,7.539,7522
1209,71859,2011-09-28,We Need to Talk About Kevin,en,4.2861,7.539,3111
1210,19413,1976-09-23,"Ugly, Dirty and Bad",it,1.2643,7.539,345
1211,13528,1944-05-04,Gaslight,en,2.8892,7.532,572
1212,12163,2008-09-07,The Wrestler,en,4.4716,7.539,4036
1213,319,1993-09-09,True Romance,en,7.6694,7.539,3084
1214,967,1960-10-13,Spartacus,en,7.8166,7.538,2398
1215,1061699,2024-12-06,The Six Triple Eight,en,4.7305,7.537,685
1216,308369,2015-06-12,Me and Earl and the Dying Girl,en,2.2683,7.537,2761
1217,39107,1995-03-04,Dragon Ball Z: Fusion Reborn,ja,5.2092,7.539,927
1218,220,1955-04-10,East of Eden,en,2.9059,7.537,818
1219,552178,2019-11-22,Dark Waters,en,4.7284,7.536,2540
1220,20108,1966-05-25,Au Hasard Balthazar,fr,1.6517,7.536,513
1221,416144,2019-03-14,Hotel Mumbai,en,2.5951,7.534,1755
1222,399566,2021-03-24,Godzilla vs. Kong,en,9.5153,7.5,10664
1223,41411,2010-03-10,The Round Up,fr,1.7869,7.534,1040
1224,9056,1985-12-14,Police Story,cn,6.8142,7.535,1051
1225,228326,2014-10-01,The Book of Life,en,5.4182,7.5,2945
1226,899405,2021-12-10,Anonymously Yours,es,0.8635,7.532,376
1227,433471,2017-06-16,Lou,en,1.0644,7.5,425
1228,375572,2016-04-07,Italian Race,it,0.9466,7.5,968
1229,127585,2014-05-15,X-Men: Days of Future Past,en,10.9896,7.532,16309
1230,127533,2012-08-25,Rurouni Kenshin Part I: Origins,ja,5.2195,7.532,914
1231,37769,1976-04-15,The Second Tragic Fantozzi,it,0.6883,7.532,626
1232,15472,2009-02-27,The Girl with the Dragon Tattoo,sv,7.394,7.5,3235
1233,4550,2005-07-29,Lady Vengeance,ko,4.0931,7.532,1961
1234,507569,2018-08-18,The Seven Deadly Sins: Prisoners of the Sky,ja,0.6144,7.531,1081
1235,429450,2016-12-07,Pandora,ko,2.3156,7.531,508
1236,1949,2007-03-02,Zodiac,en,9.8452,7.531,11602
1237,29084,1943-09-28,Le Corbeau,fr,1.0676,7.53,317
1238,24653,2004-09-24,The Consequences of Love,it,0.7652,7.53,909
1239,15014,1984-02-23,Bianca,it,0.648,7.5,403
1240,8327,1973-11-29,The Holy Mountain,es,2.8136,7.53,1024
1241,722778,2021-11-24,The Hand of God,it,1.3802,7.529,1779
1242,484468,2019-02-20,The Wolf's Call,fr,2.3851,7.529,2162
1243,352173,2015-07-30,Drishyam,hi,3.5343,7.53,495
1244,629542,2022-03-17,The Bad Guys,en,9.4733,7.528,2575
1245,1158996,2024-10-09,Souleymane's Story,fr,1.4051,7.5,377
1246,16391,1947-05-26,Black Narcissus,en,1.975,7.5,553
1247,1786,1987-10-07,Au Revoir les Enfants,fr,1.3089,7.5,730
1248,682507,2022-07-14,Where the Crawdads Sing,en,4.5614,7.5,2324
1249,200481,2013-02-12,The Blue Umbrella,en,0.8363,7.5,586
1250,10161,1989-04-07,My Left Foot: The Story of Christy Brown,en,2.1809,7.526,1028
1251,9040,1973-12-18,Serpico,en,3.062,7.526,2198
1252,824,2001-05-18,Moulin Rouge!,en,6.0567,7.527,4863
1253,1278263,2024-09-18,The Seed of the Sacred Fig,fr,2.702,7.525,476
1254,83389,2011-07-16,From Up on Poppy Hill,ja,4.6049,7.5,1948
1255,9495,1994-05-11,The Crow,en,7.7187,7.525,4548
1256,5165,1960-09-14,L'Avventura,it,1.4017,7.5,754
1257,870,2002-10-12,Dolls,ja,1.7706,7.5,363
1258,71883,2009-08-14,Redline,ja,3.1764,7.524,573
1259,4909,1973-05-16,The Day of the Jackal,en,4.2149,7.524,680
1260,2034,2001-10-05,Training Day,en,7.2327,7.524,6639
1261,576920,2020-12-10,Silver Skates,ru,1.4174,7.5,310
1262,58451,1972-12-21,The Adventures of Pinocchio,it,0.7591,7.523,326
1263,4553,2004-09-24,The Machinist,en,4.3864,7.522,6180
1264,552095,2018-10-04,PAW Patrol: Mighty Pups,en,2.6908,7.5,589
1265,204553,2013-07-03,Cold Eyes,ko,2.7809,7.5,378
1266,3116,1969-05-25,Midnight Cowboy,en,4.1788,7.5,1610
1267,756999,2022-06-16,The Black Phone,en,8.4643,7.521,5883
1268,556901,2019-07-21,Teen Titans Go! vs. Teen Titans,en,2.0265,7.526,520
1269,581577,2020-04-17,Persian Lessons,de,4.5132,7.5,483
1270,111083,2012-12-21,The Body,es,2.7704,7.52,1426
1271,11178,2001-07-27,My Sassy Girl,ko,2.2172,7.52,659
1272,3001,1966-07-13,How to Steal a Million,en,2.1033,7.517,662
1273,2487,1973-12-01,Lady Snowblood,ja,2.2685,7.519,417
1274,34106,1938-09-01,You Can't Take It with You,en,1.4183,7.5,453
1275,10787,1933-10-31,The Invisible Man,en,2.5161,7.519,954
1276,229,1935-04-20,Bride of Frankenstein,en,2.2879,7.514,1105
1277,898,1962-07-04,Birdman of Alcatraz,en,2.0615,7.5,340
1278,864101,2022-12-22,Mira,ru,3.8764,7.5,440
1279,668742,2020-07-29,Father There Is Only One 2,es,0.9265,7.5,574
1280,200085,2013-08-14,The Flu,ko,3.9234,7.517,1280
1281,900,1938-02-18,Bringing Up Baby,en,2.278,7.516,1081
1282,601,1982-06-11,E.T. the Extra-Terrestrial,en,10.3337,7.517,12036
1283,4291,1999-06-05,Kikujiro,ja,3.432,7.516,603
1284,915935,2023-08-23,Anatomy of a Fall,fr,7.352,7.515,3333
1285,795514,2021-03-17,The Fallout,en,4.5742,7.515,1308
1286,470878,2018-02-14,I Can Only Imagine,en,2.9574,7.515,504
1287,265169,2014-06-13,Winter Sleep,tr,1.5482,7.5,623
1288,9340,1985-06-07,The Goonies,en,8.3409,7.514,6257
1289,339,1991-12-12,Night on Earth,en,2.1921,7.515,1052
1290,481848,2020-02-19,The Call of the Wild,en,6.5319,7.514,3955
1291,6620,1954-09-01,Sabrina,en,3.3747,7.5,1362
1292,1859,1939-11-16,Ninotchka,en,1.7292,7.514,436
1293,483184,2018-05-17,Dogman,it,1.2367,7.513,2298
1294,59436,2011-05-11,Midnight in Paris,en,6.2015,7.514,7763
1295,571,1963-03-28,The Birds,en,3.7313,7.513,4485
1296,18900,1967-12-15,In Cold Blood,en,1.4804,7.512,431
1297,16858,1979-12-16,All That Jazz,en,2.4021,7.5,605
1298,11046,1968-12-04,Where Eagles Dare,en,3.9525,7.512,993
1299,982,1962-10-24,The Manchurian Candidate,en,2.9792,7.512,810
1300,456929,2018-04-06,Champions,es,0.9534,7.51,778
1301,10778,2001-10-26,The Man Who Wasn't There,en,2.5522,7.511,1761
1302,5708,2007-09-12,Control,en,1.5623,7.5,943
1303,483983,2018-09-27,Balloon,de,1.7803,7.51,480
1304,8429,1946-12-10,Paisan,it,0.9871,7.5,357
1305,79,2002-12-19,Hero,zh,7.0714,7.51,2512
1306,850165,2023-12-21,The Iron Claw,en,4.5262,7.509,1269
1307,10867,2000-10-27,Malena,it,16.5136,7.51,2678
1308,10110,1987-12-09,Empire of the Sun,en,4.1075,7.509,2139
1309,7500,1993-09-10,Sonatine,ja,2.2324,7.5,687
1310,1368,1982-10-22,First Blood,en,12.1514,7.509,6919
1311,330459,2016-12-14,Rogue One: A Star Wars Story,en,9.5116,7.508,16465
1312,179144,2013-05-21,The Great Beauty,it,3.1292,7.508,3329
1313,40823,2003-06-13,The Man Who Copied,pt,0.5693,7.508,378
1314,25468,1981-10-11,My Dinner with Andre,en,1.4073,7.5,464
1315,597922,2022-09-23,The Greatest Beer Run Ever,en,2.8319,7.507,909
1316,500664,2018-05-31,Upgrade,en,6.4157,7.5,5048
1317,345938,2017-03-02,The Shack,en,5.8757,7.507,2258
1318,15371,1979-07-06,The Castle of Cagliostro,ja,4.1279,7.5,1147
1319,966,1960-10-12,The Magnificent Seven,en,12.2677,7.507,2002
1320,32600,1925-03-15,Seven Chances,en,0.7707,7.5,327
1321,31216,2008-06-01,I Can't Think Straight,en,1.4904,7.506,332
1322,11113,1964-12-01,My Fair Lady,en,3.611,7.501,1435
1323,10734,1979-06-22,Escape from Alcatraz,en,5.1181,7.506,3188
1324,3529,1934-05-25,The Thin Man,en,1.4326,7.5,538
1325,639988,2025-09-24,No Other Choice,ko,8.6926,7.5,1115
1326,13413,2008-11-17,BURN·E,en,1.492,7.505,805
1327,13377,1966-12-18,How the Grinch Stole Christmas!,en,1.8889,7.505,1141
1328,9516,1993-05-26,Menace II Society,en,3.5665,7.505,910
1329,7549,2006-01-26,Fearless,zh,5.7685,7.505,1420
1330,648,1946-10-29,Beauty and the Beast,fr,1.904,7.5,668
1331,588228,2021-09-03,The Tomorrow War,en,20.9796,7.507,4226
1332,575264,2023-07-08,Mission: Impossible - Dead Reckoning Part One,en,11.517,7.505,5158
1333,9559,1993-11-24,A Perfect World,en,3.5478,7.504,1864
1334,31682,1957-02-22,The Incredible Shrinking Man,en,1.886,7.5,564
1335,614409,2021-02-12,To All the Boys: Always and Forever,en,3.4153,7.502,2072
1336,8342,2001-05-12,No Man's Land,bs,1.1189,7.5,502
1337,786,2000-09-15,Almost Famous,en,4.9792,7.501,3117
1338,430,1961-12-15,"One, Two, Three",en,2.2246,7.502,422
1339,8321,2008-02-08,In Bruges,en,5.5396,7.501,5801
1340,592,1974-04-12,The Conversation,en,2.8913,7.5,2037
1341,1147416,2024-11-14,"Miraculous World: London, at the Edge of Time",fr,7.6891,7.5,309
1342,10377,1992-03-13,My Cousin Vinny,en,4.8126,7.499,1896
1343,475,1967-08-13,Bonnie and Clyde,en,4.6038,7.5,1799
1344,69,2005-09-13,Walk the Line,en,4.7407,7.499,3148
1345,132344,2013-04-05,Before Midnight,en,3.4773,7.498,2716
1346,20875,1965-08-16,Operation Y and Other Shurik's Adventures,ru,3.9037,7.499,518
1347,620,1984-06-08,Ghostbusters,en,7.6574,7.498,9786
1348,468284,2017-09-14,The Insult,fr,1.1224,7.5,475
1349,176241,2009-09-10,Prison Break: The Final Break,en,3.3367,7.496,726
1350,16958,1950-05-12,The Asphalt Jungle,en,1.3566,7.5,537
1351,14919,1993-12-25,Batman: Mask of the Phantasm,en,2.6867,7.497,1255
1352,11421,2005-05-27,C.R.A.Z.Y.,fr,1.2753,7.498,510
1353,10843,1985-09-13,After Hours,en,2.9939,7.499,1761
1354,9470,2004-02-10,Kung Fu Hustle,cn,9.5706,7.498,3213
1355,1051,1971-10-09,The French Connection,en,8.6565,7.498,2146
1356,145,1996-07-05,Breaking the Waves,da,4.165,7.5,1126
1357,1233413,2025-04-16,Sinners,en,26.1942,7.498,4676
1358,491418,2018-11-13,Instant Family,en,4.2066,7.497,3246
1359,364137,2015-11-04,All Three of Us,fr,0.5542,7.5,501
1360,192,1986-09-24,The Name of the Rose,en,4.0954,7.498,3330
1361,176983,2012-12-15,One Piece Film: Z,ja,3.3663,7.496,565
1362,11970,1997-06-13,Hercules,en,11.5104,7.496,7958
1363,221,1955-10-27,Rebel Without a Cause,en,3.5014,7.496,1772
1364,566525,2021-09-01,Shang-Chi and the Legend of the Ten Rings,en,13.8348,7.494,10441
1365,21734,1943-01-12,Shadow of a Doubt,en,1.8686,7.495,1159
1366,11506,1963-09-23,The Silence,sv,1.5538,7.495,404
1367,983,1975-12-03,The Man Who Would Be King,en,1.7792,7.495,713
1368,612706,2020-08-07,Work It,en,2.3545,7.494,1223
1369,586940,2019-11-06,I Lost My Body,fr,1.2859,7.5,1338
1370,258480,2015-11-20,Carol,en,4.095,7.494,3968
1371,85350,2014-06-05,Boyhood,en,4.2626,7.5,5530
1372,75233,2011-08-31,"Oslo, August 31st",no,1.7249,7.5,516
1373,607259,2021-06-18,Fatherhood,en,3.7521,7.493,1533
1374,418472,2018-06-01,The Wild Pear Tree,tr,1.3613,7.5,305
1375,20992,1997-12-12,Brother,ru,2.1906,7.493,470
1376,16372,1961-11-24,The Innocents,en,1.9506,7.493,669
1377,15917,2002-07-11,Devdas,hi,3.2328,7.49,384
1378,196,1990-05-25,Back to the Future Part III,en,5.5227,7.493,11567
1379,332562,2018-10-03,A Star Is Born,en,5.4347,7.492,12258
1380,203833,2013-11-08,The Book Thief,en,3.6951,7.492,4535
1381,32909,2009-11-26,Mulan: Rise of a Warrior,zh,2.2669,7.492,450
1382,13353,1966-10-27,"It's the Great Pumpkin, Charlie Brown",en,1.5002,7.492,453
1383,1600,1991-05-15,The Double Life of Véronique,fr,1.8098,7.5,899
1384,383498,2018-05-15,Deadpool 2,en,14.711,7.491,19293
1385,76696,2011-06-01,Sidewalls,es,1.2118,7.5,316
1386,701,1923-11-19,Our Hospitality,en,1.9063,7.5,320
1387,487558,2018-08-09,BlacKkKlansman,en,4.3183,7.5,8119
1388,1251,2006-12-09,Letters from Iwo Jima,en,4.2799,7.49,2297
1389,923,1978-09-02,Dawn of the Dead,en,4.1756,7.49,2314
1390,530,1990-05-18,A Grand Day Out,en,2.5069,7.49,1007
1391,363,2004-03-11,Head-On,de,2.0888,7.49,630
1392,269,1960-03-16,Breathless,fr,3.1781,7.49,2047
1393,916405,2022-05-12,The Quiet Girl,ga,1.6482,7.489,573
1394,375262,2018-11-23,The Favourite,en,3.8538,7.489,5934
1395,11978,2000-09-13,Men of Honor,en,4.4743,7.489,2521
1396,9665,1989-12-15,Glory,en,5.2778,7.489,1816
1397,8073,1964-08-05,Band of Outsiders,fr,1.5905,7.5,612
1398,13930,2000-11-02,For the Birds,en,1.2701,7.488,1306
1399,63311,2011-08-17,The Skin I Live In,es,8.7549,7.487,4643
1400,25934,1967-06-14,"To Sir, with Love",en,2.1992,7.487,347
1401,7735,2008-03-13,The Wave,de,3.8589,7.487,3630
1402,345,1999-07-16,Eyes Wide Shut,en,15.2223,7.486,7081
1403,551332,2019-11-27,The Two Popes,en,2.4903,7.486,3156
1404,451657,2018-02-07,Custody,fr,1.0148,7.5,733
1405,43904,1934-04-24,L'Atalante,fr,1.5327,7.5,465
1406,22538,2010-08-12,Scott Pilgrim vs. the World,en,7.4892,7.486,8640
1407,776,1939-07-09,The Rules of the Game,fr,1.5937,7.5,666
1408,921655,2022-03-17,Rescued by Ruby,en,2.2196,7.492,366
1409,575604,2020-11-23,The Call,ko,3.4547,7.485,977
1410,228203,2015-02-20,"McFarland, USA",en,2.0773,7.485,949
1411,42994,1995-12-23,Memories,ja,2.8587,7.485,567
1412,21712,2004-08-07,Mind Game,ja,1.6861,7.5,334
1413,252,1971-06-29,Willy Wonka & the Chocolate Factory,en,5.5976,7.5,3968
1414,544510,2018-11-10,"Cyrano, My Love",fr,1.3913,7.483,526
1415,475888,2019-05-03,Tell It to the Bees,en,1.5083,7.5,473
1416,9028,1968-11-22,The Great Silence,it,1.5411,7.5,460
1417,5503,1993-08-06,The Fugitive,en,10.957,7.483,4814
1418,522,1994-09-28,Ed Wood,en,3.1336,7.483,2522
1419,346648,2017-11-09,Paddington 2,en,5.8403,7.48,2806
1420,16328,1971-08-04,Johnny Got His Gun,en,1.7361,7.48,417
1421,11841,1978-02-02,The 36th Chamber of Shaolin,zh,3.1982,7.48,501
1422,2501,2002-06-14,The Bourne Identity,en,10.3498,7.48,10135
1423,15165,2004-09-28,Barbie as The Princess & the Pauper,en,8.0828,7.479,1537
1424,250538,2014-09-10,The Good Lie,en,2.9803,7.482,604
1425,27327,1974-10-31,Phantom of the Paradise,en,2.903,7.478,752
1426,12837,2008-09-17,The Secret Life of Bees,en,1.6158,7.478,579
1427,12169,2008-07-23,The First Day of the Rest of Your Life,fr,0.7076,7.478,514
1428,676701,2022-08-24,Tad the Lost Explorer and the Emerald Tablet,es,2.2303,7.477,341
1429,261470,2014-06-20,Sorry If I Call You Love,es,1.4309,7.477,530
1430,251516,2015-05-22,Kung Fury,en,1.9154,7.477,1974
1431,17809,1994-12-22,Fist of Legend,zh,6.1322,7.473,615
1432,1813,1997-10-17,The Devil's Advocate,en,12.4427,7.477,6837
1433,382614,2017-06-16,The Book of Henry,en,2.442,7.476,1365
1434,9299,1996-04-11,Thesis,es,1.8825,7.5,946
1435,9081,2001-10-19,Waking Life,en,2.4931,7.476,955
1436,186,2006-02-24,Lucky Number Slevin,en,5.2194,7.476,4492
1437,848685,2022-07-20,The Beasts,fr,2.8374,7.475,943
1438,37903,2009-09-24,The White Ribbon,de,2.033,7.5,1138
1439,11798,2007-04-27,This Is England,en,0.7788,7.471,1416
1440,1023,2005-04-15,Adam's Apples,da,2.2823,7.475,794
1441,219,2006-03-17,Volver,es,2.6709,7.472,1925
1442,810171,2022-05-11,The Valet,en,3.1277,7.474,663
1443,16642,1978-09-13,Days of Heaven,en,2.5981,7.5,1183
1444,11854,1998-10-16,Kuch Kuch Hota Hai,hi,3.6276,7.475,439
1445,10907,1938-05-13,The Adventures of Robin Hood,en,2.4116,7.474,848
1446,828613,2022-09-08,About Fate,en,2.5468,7.473,526
1447,5143,1986-02-07,Hannah and Her Sisters,en,2.7222,7.467,1177
1448,503919,2019-10-18,The Lighthouse,en,6.3667,7.5,5571
1449,11906,1977-02-01,Suspiria,it,4.2195,7.472,3194
1450,3035,1931-11-21,Frankenstein,en,3.4676,7.469,1805
1451,17654,2009-08-05,District 9,en,13.3022,7.471,10389
1452,11610,1972-05-04,"Play It Again, Sam",en,0.9957,7.471,651
1453,395991,2017-09-22,Only the Brave,en,6.2279,7.47,1885
1454,317442,2014-12-06,The Last: Naruto the Movie,ja,6.8426,7.47,2400
1455,28569,1961-10-10,Splendor in the Grass,en,2.1037,7.47,304
1456,11686,1975-06-10,Love and Death,en,1.0445,7.468,978
1457,8055,2008-12-10,The Reader,en,6.316,7.469,3400
1458,3133,1974-01-05,Badlands,en,2.163,7.47,1353
1459,37181,2009-06-06,About Elly,fa,1.5727,7.469,545
1460,1895,2005-05-17,Star Wars: Episode III - Revenge of the Sith,en,10.0995,7.469,15001
1461,780382,2021-10-13,The Wolf and the Lion,en,1.5205,7.5,503
1462,389015,2017-12-07,"I, Tonya",en,4.696,7.468,6208
1463,9509,2004-04-23,Man on Fire,en,7.8833,7.5,5722
1464,13355,2006-09-10,Scooby-Doo! Pirates Ahoy!,en,2.1778,7.467,301
1465,11202,1970-01-25,Patton,en,2.8041,7.467,1219
1466,589982,2019-09-12,Spread Your Wings,fr,1.1482,7.466,327
1467,293863,2015-04-16,The Age of Adaline,en,6.8593,7.5,7104
1468,24226,1982-12-08,The Verdict,en,2.6953,7.466,736
1469,13189,1984-10-09,A Christmas Carol,en,2.2579,7.5,424
1470,771,1990-11-16,Home Alone,en,0.9764,7.466,12545
1471,290,1991-08-01,Barton Fink,en,2.7851,7.466,1891
1472,599521,2020-06-13,Z-O-M-B-I-E-S 2,en,2.0681,7.465,510
1473,401698,2016-02-04,Hidden Kisses,fr,1.444,7.5,331
1474,284293,2014-12-05,Still Alice,en,4.3491,7.465,3280
1475,15919,1955-04-11,Marty,en,1.4601,7.5,456
1476,4689,2002-03-29,Sympathy for Mr. Vengeance,ko,3.4132,7.465,1711
1477,4251,2004-11-12,Veer-Zaara,hi,5.0637,7.469,311
1478,187,2005-04-01,Sin City,en,6.6187,7.465,8872
1479,216156,2013-11-28,Still Life,en,1.8907,7.464,404
1480,674324,2022-10-20,The Banshees of Inisherin,en,11.0871,7.463,3388
1481,626872,2022-08-03,Emergency Declaration,ko,2.9722,7.5,432
1482,74879,2011-09-23,Once Upon a Time in Anatolia,tr,0.9196,7.463,540
1483,9008,1999-10-28,The Insider,en,3.6615,7.463,2081
1484,625,1984-11-23,The Killing Fields,en,1.9909,7.463,833
1485,568,1995-06-30,Apollo 13,en,10.183,7.463,5946
1486,350312,2017-04-27,Bāhubali 2: The Conclusion,te,7.1355,7.465,858
1487,239571,2014-10-15,The Best of Me,en,3.494,7.462,2708
1488,32761,1989-10-20,The Seventh Continent,de,1.4158,7.462,365
1489,11549,1956-02-05,Invasion of the Body Snatchers,en,2.5055,7.462,1201
1490,11016,1948-07-16,Key Largo,en,1.6869,7.5,586
1491,8703,1973-11-16,Three Wishes for Cinderella,cs,1.4207,7.5,385
1492,301528,2019-06-19,Toy Story 4,en,126.9281,7.461,10629
1493,11349,1962-04-12,Cape Fear,en,4.2591,7.461,637
1494,3767,1946-04-25,Gilda,en,2.3026,7.461,653
1495,3088,1946-10-17,My Darling Clementine,en,2.2845,7.5,484
1496,161,2001-12-07,Ocean's Eleven,en,13.3746,7.461,12614
1497,347201,2015-08-07,Boruto: Naruto the Movie,ja,4.2669,7.46,1663
1498,38396,1998-12-18,That's Life,it,0.615,7.5,1388
1499,4593,1972-09-15,The Discreet Charm of the Bourgeoisie,fr,1.6076,7.5,921
1500,4593,1972-09-15,The Discreet Charm of the Bourgeoisie,fr,1.6076,7.5,921
1501,877703,2023-01-18,Teen Wolf: The Movie,en,6.4498,7.454,969
1502,529216,2018-11-30,Mirage,es,4.8714,7.5,1998
1503,437586,2018-10-19,mid90s,en,2.9641,7.459,1804
1504,245891,2014-10-16,John Wick,en,9.6679,7.459,20926
1505,13060,2006-12-28,Lifted,en,0.7395,7.459,820
1506,4254,2003-11-27,Kal Ho Naa Ho,hi,2.3901,7.46,450
1507,431937,2017-03-08,Mr & Mme Adelman,fr,1.2126,7.458,464
1508,37472,2010-04-29,Ip Man 2,cn,0.7325,7.458,2506
1509,436969,2021-07-28,The Suicide Squad,en,14.7747,7.458,9634
1510,276624,2016-04-23,I Am a Hero,ja,2.9229,7.457,510
1511,28874,2009-08-01,Summer Wars,ja,3.5022,7.457,1041
1512,9428,2001-10-05,The Royal Tenenbaums,en,4.4076,7.457,5053
1513,614934,2022-06-22,Elvis,en,6.583,7.456,3906
1514,431580,2019-09-19,Abominable,en,4.2845,7.456,2185
1515,34148,1959-04-09,Imitation of Life,en,1.6041,7.5,320
1516,1124566,2025-08-20,Sentimental Value,no,7.8848,7.456,947
1517,736073,2021-06-21,"Batman: The Long Halloween, Part One",en,2.0255,7.455,709
1518,15097,1994-03-09,Fear City: A Family-Style Comedy,fr,1.2161,7.455,1358
1519,13689,2006-03-30,Peaceful Warrior,en,1.6896,7.455,484
1520,8333,1974-10-02,The Taking of Pelham One Two Three,en,3.5344,7.455,630
1521,828,1951-09-18,The Day the Earth Stood Still,en,3.1337,7.455,1245
1522,929204,2024-12-18,Wallace & Gromit: Vengeance Most Fowl,en,4.0546,7.454,661
1523,11167,1960-04-07,Peeping Tom,en,2.1807,7.454,903
1524,10857,1986-10-24,When the Wind Blows,en,1.0886,7.5,335
1525,9454,1998-07-31,EverAfter,en,3.9431,7.454,1585
1526,984,1971-12-23,Dirty Harry,en,5.1821,7.454,2762
1527,786892,2024-05-22,Furiosa: A Mad Max Saga,en,12.8393,7.453,4926
1528,260513,2018-06-14,Incredibles 2,en,11.7853,7.453,13721
1529,18671,1950-01-20,Gun Crazy,en,1.3607,7.5,309
1530,550988,2021-08-11,Free Guy,en,11.3343,7.452,9878
1531,499631,2018-01-23,Fabrizio De André: Principe libero,it,0.2328,7.452,356
1532,374720,2017-07-19,Dunkirk,en,9.9734,7.452,17621
1533,129670,2013-09-21,Nebraska,en,2.0595,7.5,1922
1534,10747,1976-06-30,The Outlaw Josey Wales,en,3.7545,7.452,1300
1535,10604,1964-12-14,Zorba the Greek,el,3.3045,7.452,384
1536,586810,2023-11-22,Mars Express,fr,1.897,7.451,544
1537,353081,2018-07-25,Mission: Impossible - Fallout,en,11.5218,7.451,9169
1538,38985,1977-06-24,Sorcerer,en,3.6416,7.451,659
1539,22584,1945-01-20,To Have and Have Not,en,1.1694,7.451,576
1540,11704,1982-06-17,The Secret of NIMH,en,2.6318,7.451,949
1541,9075,2006-09-14,Black Book,nl,3.4642,7.451,1247
1542,379,1990-09-21,Miller's Crossing,en,2.9828,7.45,1857
1543,319373,2015-05-30,Sweet Bean,ja,1.3565,7.45,605
1544,201676,2013-06-16,My Little Pony: Equestria Girls,en,1.8723,7.5,301
1545,12207,1994-02-03,The Legend of Drunken Master,cn,6.7928,7.45,1092
1546,6114,1992-11-13,Bram Stoker's Dracula,en,8.3705,7.451,5791
1547,5558,1974-09-10,The Phantom of Liberty,fr,1.4963,7.45,328
1548,1677,2004-10-29,Ray,en,3.3521,7.45,2236
1549,973164,2022-05-24,Ricky Gervais: SuperNature,en,0.9577,7.449,344
1550,517093,2019-03-21,Balkan Line,ru,2.6568,7.449,574
1551,271110,2016-04-27,Captain America: Civil War,en,18.7886,7.449,24099
1552,11040,1970-12-23,Little Big Man,en,1.3957,7.449,721
1553,154,1982-06-04,Star Trek II: The Wrath of Khan,en,3.161,7.4,2141
1554,114,1990-03-23,Pretty Woman,en,10.61,7.449,9018
1555,109,1994-01-26,Three Colors: White,fr,3.4209,7.449,1329
1556,339984,2016-03-17,Miracles from Heaven,en,4.4715,7.4,1275
1557,16619,1980-09-19,Ordinary People,en,1.9064,7.448,696
1558,6916,1974-03-29,"Watch Out, We're Mad",it,2.1009,7.4,894
1559,33273,2009-11-06,Cell 211,es,2.1973,7.447,1362
1560,1902,1997-12-19,Open Your Eyes,es,1.9805,7.446,1198
1561,434616,2017-03-01,Patients,fr,0.7008,7.446,626
1562,244088,2013-12-03,Human Capital,it,0.9669,7.4,952
1563,18197,1988-09-09,Running on Empty,en,1.527,7.4,354
1564,774370,2025-01-24,Dog Man,en,6.625,7.445,363
1565,375785,2018-12-05,Then Came You,en,2.506,7.445,546
1566,26280,2009-06-05,I Killed My Mother,fr,1.4859,7.4,1165
1567,18917,1988-08-03,Alice,cs,1.8807,7.4,357
1568,10437,1992-12-11,The Muppet Christmas Carol,en,2.6806,7.445,1166
1569,686,1997-07-11,Contact,en,8.125,7.445,5024
1570,377273,2016-09-01,Aquarius,pt,1.0875,7.444,516
1571,339403,2017-06-28,Baby Driver,en,10.3108,7.444,16884
1572,109689,2012-06-22,I Want You,es,6.1615,7.444,1967
1573,11344,2005-04-01,A Bittersweet Life,ko,3.0732,7.444,1000
1574,11327,1978-08-31,Midnight Express,en,3.7395,7.444,1897
1575,175,1988-05-10,The Big Blue,fr,4.452,7.442,1577
1576,31767,1971-07-16,The Devils,en,3.1693,7.4,436
1577,13188,1951-11-30,Scrooge,en,2.0333,7.443,369
1578,8741,1998-12-23,The Thin Red Line,en,5.8234,7.443,3323
1579,613090,2019-09-06,"Live Twice, Love Once",es,0.9665,7.442,354
1580,74643,2011-10-12,The Artist,fr,3.1925,7.442,3531
1581,194662,2014-10-17,Birdman or (The Unexpected Virtue of Ignorance),en,9.545,7.4,13614
1582,36685,1975-08-14,The Rocky Horror Picture Show,en,3.8681,7.441,3145
1583,921785,2023-03-02,Mixed by Erry,it,0.693,7.44,488
1584,529203,2020-11-25,The Croods: A New Age,en,7.3126,7.44,4153
1585,217993,2014-01-21,Justice League: War,en,2.8811,7.44,1174
1586,65218,2011-04-15,Lemonade Mouth,en,2.2486,7.4,1095
1587,10400,1999-09-17,The Hurricane,en,2.6322,7.44,1537
1588,458156,2019-05-15,John Wick: Chapter 3 - Parabellum,en,11.4114,7.439,11795
1589,395834,2017-08-03,Wind River,en,8.0598,7.439,5795
1590,13403,2001-07-20,Hedwig and the Angry Inch,en,1.5793,7.439,432
1591,4024,1961-09-29,Last Year at Marienbad,fr,2.2135,7.439,544
1592,2503,2007-08-03,The Bourne Ultimatum,en,7.8579,7.4,8396
1593,2000,1972-12-29,"Aguirre, the Wrath of God",de,2.0739,7.4,1253
1594,487670,2019-01-13,The Death of Superman,en,2.7249,7.442,625
1595,1076364,2023-06-15,Carl's Date,en,5.8802,7.437,447
1596,758866,2021-08-18,Drive My Car,ja,3.2458,7.437,1500
1597,11829,1971-10-21,Trinity Is Still My Name,it,4.4607,7.437,1008
1598,5781,1977-08-17,That Obscure Object of Desire,fr,2.3807,7.437,444
1599,53023,1965-02-10,Happiness,fr,1.4188,7.4,304
1600,11615,2003-02-21,The Life of David Gale,en,2.6949,7.436,2199
1601,574,1956-05-16,The Man Who Knew Too Much,en,3.7715,7.433,1562
1602,440298,2018-06-08,Cold War,pl,1.6586,7.435,1590
1603,337703,2016-03-27,The Red Turtle,fr,2.1705,7.435,1375
1604,327331,2019-03-18,The Dirt,en,3.2477,7.435,1324
1605,8094,2002-08-30,The Magdalene Sisters,en,2.307,7.441,473
1606,350,2006-06-29,The Devil Wears Prada,en,51.975,7.435,13777
1607,13384,1970-04-03,Kes,en,2.2805,7.439,442
1608,9426,1986-08-15,The Fly,en,8.4512,7.433,4987
1609,13475,2009-05-06,Star Trek,en,8.9483,7.433,10528
1610,940,1938-10-07,The Lady Vanishes,en,1.6548,7.431,1027
1611,203101,2011-04-25,High School of the Dead: Drifters of the Dead,ja,0.4303,7.432,477
1612,41498,2009-12-12,One Piece Film: Strong World,ja,3.9463,7.432,399
1613,13004,2008-09-03,Barbie and the Diamond Castle,en,3.7983,7.4,884
1614,462,2000-03-17,Erin Brockovich,en,6.5761,7.432,3660
1615,146,2000-07-06,"Crouching Tiger, Hidden Dragon",zh,5.3431,7.432,3592
1616,1180634,2024-10-21,The Children's Train,it,1.8745,7.431,339
1617,520763,2021-05-21,A Quiet Place Part II,en,8.9027,7.431,7441
1618,193756,2013-12-24,Lone Survivor,en,5.8415,7.431,4770
1619,76758,2011-12-15,The Flowers of War,zh,3.7584,7.431,908
1620,42801,1963-12-21,"Yesterday, Today and Tomorrow",it,1.4348,7.431,474
1621,9090,1995-09-08,"To Wong Foo, Thanks for Everything! Julie Newmar",en,4.8238,7.434,802
1622,4232,1996-12-20,Scream,en,17.9188,7.431,8017
1623,660120,2021-10-13,The Worst Person in the World,no,5.1554,7.43,1855
1624,432836,2017-09-07,Memoir of a Murderer,ko,2.3023,7.4,376
1625,407445,2017-10-13,Breathe,en,2.2868,7.43,797
1626,137106,2014-02-06,The Lego Movie,en,9.8995,7.429,8520
1627,12780,1993-09-03,Iron Monkey,cn,2.7738,7.429,331
1628,675353,2022-03-30,Sonic the Hedgehog 2,en,12.0738,7.428,5893
1629,165213,2013-02-21,New World,ko,4.6659,7.428,546
1630,10784,1972-02-13,Cabaret,en,2.4482,7.422,977
1631,394117,2017-10-06,The Florida Project,en,4.2685,7.427,3113
1632,101299,2013-11-15,The Hunger Games: Catching Fire,en,8.9485,7.427,18489
1633,19223,1994-05-15,A Pure Formality,it,0.9923,7.427,392
1634,11356,1968-05-16,The Odd Couple,en,1.5809,7.4,648
1635,10683,1998-10-11,Happiness,en,2.4851,7.427,944
1636,5723,2007-03-23,Once,en,2.6441,7.427,1466
1637,666243,2021-08-22,The Witcher: Nightmare of the Wolf,en,1.9399,7.426,1100
1638,11562,1989-10-13,Crimes and Misdemeanors,en,1.4096,7.4,957
1639,11236,1993-08-13,The Secret Garden,en,3.6424,7.42,978
1640,9461,1973-08-17,Enter the Dragon,en,5.1848,7.426,2100
1641,575,2001-03-08,The Experiment,de,2.4119,7.426,1223
1642,427,1958-05-10,Mon Oncle,fr,1.5528,7.4,618
1643,227306,2014-12-25,Unbroken,en,4.3033,7.425,4384
1644,18333,1968-02-19,Hour of the Wolf,sv,1.1766,7.424,559
1645,11030,1983-07-15,Zelig,en,1.4562,7.424,927
1646,1391,2001-06-08,Y Tu Mamá También,es,6.2611,7.423,1757
1647,284052,2016-10-25,Doctor Strange,en,11.1385,7.422,23495
1648,7294,2002-03-01,The Man Without a Past,fi,0.9508,7.422,438
1649,4584,1995-12-13,Sense and Sensibility,en,6.7321,7.4,1847
1650,1923,1992-06-03,Twin Peaks: Fire Walk with Me,en,4.5299,7.422,2280
1651,176,2004-10-01,Saw,en,15.0978,7.423,10105
1652,466272,2019-07-24,Once Upon a Time... in Hollywood,en,14.0947,7.421,14904
1653,8740,1988-10-27,The Vanishing,nl,3.1864,7.421,825
1654,821881,2022-09-08,The Swimmers,en,1.9847,7.4,646
1655,489418,2018-12-05,In Safe Hands,fr,0.9392,7.42,528
1656,273481,2015-09-17,Sicario,en,10.3668,7.421,9598
1657,5123,2007-11-21,August Rush,en,3.51,7.42,2845
1658,1653,2004-02-06,The Motorcycle Diaries,es,2.2678,7.42,1433
1659,853,2001-02-28,Enemy at the Gates,en,6.7207,7.42,4061
1660,242,1990-12-25,The Godfather Part III,en,11.7901,7.42,6895
1661,195,1932-10-30,Trouble in Paradise,en,1.405,7.42,311
1662,516486,2020-07-09,Greyhound,en,7.7628,7.419,3331
1663,4032,1991-11-27,My Girl,en,4.8394,7.4,2296
1664,492,1999-10-29,Being John Malkovich,en,4.4407,7.418,4819
1665,988402,2023-10-13,Humanist Vampire Seeking Consenting Suicidal Person,fr,2.1714,7.4,386
1666,615173,2022-06-15,The Witch: Part 2. The Other One,ko,10.9336,7.417,456
1667,206487,2014-08-28,Predestination,en,8.0378,7.417,7123
1668,3085,1940-01-18,His Girl Friday,en,2.2756,7.417,940
1669,839,1971-12-25,Duel,en,3.9597,7.417,2076
1670,76589,2012-02-28,Justice League: Doom,en,2.0998,7.416,936
1671,51828,2011-03-02,One Day,en,4.7888,7.4,4535
1672,20982,2007-08-04,Naruto Shippuden the Movie,ja,4.2327,7.416,1064
1673,13350,1988-10-16,Scooby-Doo and the Ghoul School,en,1.4639,7.4,321
1674,1523,2006-09-27,The Last King of Scotland,en,3.568,7.416,2378
1675,929170,2022-07-23,Honor Society,en,3.0473,7.415,446
1676,747059,2020-12-25,Burrow,en,0.952,7.415,310
1677,565310,2019-07-12,The Farewell,en,2.6492,7.415,1550
1678,292011,2019-12-13,Richard Jewell,en,2.7722,7.415,2737
1679,226,1999-09-02,Boys Don't Cry,en,2.5599,7.415,1470
1680,659959,2020-07-14,Summer of 85,fr,2.3647,7.414,913
1681,13199,1992-03-13,American Me,en,2.1636,7.414,402
1682,11031,1984-03-02,This Is Spinal Tap,en,2.6751,7.414,1639
1683,9549,1983-10-20,The Right Stuff,en,3.0188,7.4,971
1684,718930,2022-08-03,Bullet Train,en,11.5298,7.413,7595
1685,374461,2016-09-16,Mr. Church,en,2.7858,7.413,529
1686,26596,1954-05-26,Johnny Guitar,en,1.8998,7.4,476
1687,24192,1965-03-03,The Gospel According to St. Matthew,it,1.3659,7.4,414
1688,250219,2014-02-06,I Can Quit Whenever I Want,it,0.4814,7.412,1848
1689,190859,2014-12-25,American Sniper,en,9.2859,7.411,13682
1690,39486,2010-08-20,Secretariat,en,2.5658,7.412,639
1691,37719,1935-11-15,A Night at the Opera,en,0.9956,7.4,554
1692,16305,1941-11-30,Sullivan's Travels,en,1.1801,7.408,515
1693,794,1976-06-25,The Omen,en,6.036,7.412,2411
1694,1155828,2024-07-12,Sing Sing,en,2.0676,7.4,361
1695,87827,2012-11-20,Life of Pi,en,8.9818,7.411,13810
1696,340666,2016-11-04,Nocturnal Animals,en,4.3159,7.41,8318
1697,21832,1997-03-15,Neon Genesis Evangelion: Death and Rebirth,ja,4.3313,7.41,503
1698,840326,2022-09-09,Sisu,fi,7.1062,7.409,2851
1699,645886,2021-11-24,The Unforgivable,en,3.0157,7.409,2059
1700,460555,2018-02-16,Operation Red Sea,zh,4.7479,7.409,435
1701,376290,2016-11-25,Miss Sloane,en,3.3545,7.409,1988
1702,18289,1989-12-16,Godzilla vs. Biollante,ja,2.5872,7.409,302
1703,10435,1992-12-17,Chaplin,en,3.0264,7.409,1218
1704,476299,2018-03-14,Ghostland,en,3.4884,7.407,2688
1705,312221,2015-11-25,Creed,en,8.0369,7.408,7985
1706,94329,2012-03-22,The Raid,id,7.1359,7.408,3898
1707,46326,1938-05-17,Port of Shadows,fr,0.8624,7.408,310
1708,9918,2006-01-13,Glory Road,en,2.3767,7.407,804
1709,8681,2008-02-18,Taken,en,9.3862,7.407,12144
1710,2767,1991-10-16,The Lovers on the Bridge,fr,2.2444,7.4,383
1711,388,2006-03-17,Inside Man,en,6.5357,7.406,6386
1712,364433,2016-02-25,They Call Me Jeeg,it,1.7932,7.406,2586
1713,37135,1999-06-17,Tarzan,en,9.8038,7.406,7362
1714,20558,2005-05-13,Scooby-Doo! in Where's My Mummy?,en,2.8572,7.406,422
1715,639,1989-07-12,When Harry Met Sally...,en,5.4765,7.4,4617
1716,736074,2021-07-26,"Batman: The Long Halloween, Part Two",en,2.4366,7.4,583
1717,630220,2020-01-02,18 Presents,it,1.1994,7.405,712
1718,10474,1995-04-21,The Basketball Diaries,en,5.0148,7.406,2227
1719,265712,2014-08-08,Stand by Me Doraemon,ja,3.9574,7.404,596
1720,6003,1968-04-02,Romeo and Juliet,en,3.9799,7.4,733
1721,2898,1997-12-19,As Good as It Gets,en,4.6232,7.402,4155
1722,617653,2021-10-13,The Last Duel,en,5.5126,7.4,3873
1723,1359,2000-04-13,American Psycho,en,15.6501,7.4,12356
1724,877,1932-04-09,Scarface,en,2.8525,7.403,698
1725,1265609,2026-02-12,War Machine,en,39.2447,7.4,1965
1726,829280,2022-11-04,Enola Holmes 2,en,6.5067,7.401,2993
1727,508883,2023-07-14,The Boy and the Heron,ja,11.6545,7.4,2654
1728,14257,1971-12-08,Delusions of Grandeur,fr,1.5332,7.4,740
1729,502897,2018-06-07,Leto,ru,1.1517,7.399,342
1730,451480,2018-04-19,The Guernsey Literary & Potato Peel Pie Society,en,4.3918,7.4,1409
1731,9662,2003-06-11,The Triplets of Belleville,fr,2.0516,7.399,1045
1732,626,1929-06-05,Un Chien Andalou,fr,3.5175,7.399,1418
1733,466420,2023-10-18,Killers of the Flower Moon,en,9.0127,7.398,4158
1734,400160,2020-08-14,The SpongeBob Movie: Sponge on the Run,en,5.3123,7.398,2993
1735,11416,1986-09-06,The Mission,en,2.8166,7.398,1551
1736,1567,1999-02-17,I Stand Alone,fr,1.527,7.398,583
1737,46838,2010-01-22,Tucker and Dale vs. Evil,en,3.6723,7.397,3180
1738,3009,1962-08-25,The Trial,en,2.096,7.397,561
1739,771077,2022-03-30,Rise,fr,0.9169,7.396,458
1740,644583,2021-02-12,The Mauritanian,en,2.8476,7.396,1299
1741,429617,2019-06-28,Spider-Man: Far From Home,en,24.4777,7.396,17031
1742,13382,1964-12-06,Rudolph the Red-Nosed Reindeer,en,2.0308,7.396,652
1743,11545,1998-12-11,Rushmore,en,2.8671,7.4,2744
1744,2690,1963-01-30,Irma la Douce,en,2.5007,7.4,477
1745,814,1981-08-21,An American Werewolf in London,en,4.9952,7.396,2718
1746,860159,2022-04-29,Crush,en,2.4247,7.395,493
1747,481432,2018-05-31,Happy as Lazzaro,it,1.9307,7.4,771
1748,14092,2008-07-12,Ghost in the Shell 2.0,ja,1.7949,7.395,464
1749,768362,2023-01-19,Missing,en,3.8099,7.394,1289
1750,290542,2014-10-10,You're Not You,en,1.6696,7.394,841
1751,37094,1993-02-26,Falling Down,en,5.8841,7.394,4109
1752,18988,1968-08-20,The Lion in Winter,en,4.6789,7.394,404
1753,4174,1945-11-08,Spellbound,en,1.9226,7.392,983
1754,855,2001-12-28,Black Hawk Down,en,20.3909,7.393,6397
1755,447332,2018-04-03,A Quiet Place,en,12.6154,7.393,15403
1756,22803,2009-10-15,Law Abiding Citizen,en,7.6786,7.393,5699
1757,463257,2019-08-09,The Peanut Butter Falcon,en,2.7111,7.392,1615
1758,382748,2020-03-10,Stargirl,en,1.1663,7.4,571
1759,10647,2000-10-20,Pay It Forward,en,3.3227,7.393,2027
1760,8810,1981-12-24,Mad Max 2,en,5.9358,7.391,4199
1761,4476,1994-12-23,Legends of the Fall,en,6.2212,7.391,2864
1762,4203,1988-03-25,Women on the Verge of a Nervous Breakdown,es,2.2838,7.391,1010
1763,1847,1973-03-08,The Long Goodbye,en,2.642,7.391,773
1764,1645,1996-07-24,A Time to Kill,en,5.2381,7.391,2985
1765,628,1994-11-11,Interview with the Vampire,en,7.3292,7.39,6460
1766,697843,2023-06-09,Extraction 2,en,9.3266,7.39,2929
1767,458131,2019-04-05,The Best of Enemies,en,1.8092,7.39,485
1768,843847,2022-10-20,Jerry & Marge Go Large,en,6.5709,7.4,475
1769,290762,2015-09-12,Miss You Already,en,1.3054,7.389,709
1770,37916,1974-12-18,Swept Away,it,1.3273,7.4,338
1771,5967,1964-02-19,The Umbrellas of Cherbourg,fr,2.5496,7.4,891
1772,823,1999-11-17,Jin-Roh: The Wolf Brigade,ja,4.5065,7.389,565
1773,1294203,2025-02-12,My Fault: London,en,41.7501,7.389,588
1774,592279,2020-02-20,Kalashnikov AK-47,ru,2.4245,7.388,361
1775,508763,2019-01-10,A Dog's Way Home,en,3.6074,7.4,1187
1776,166666,2013-02-21,3096 Days,de,3.4927,7.388,1005
1777,88018,1929-08-29,The Skeleton Dance,en,0.6111,7.388,325
1778,27632,1960-08-11,Black Sunday,it,1.5587,7.384,597
1779,15080,1991-07-20,Only Yesterday,ja,3.0368,7.388,1259
1780,10849,1985-03-01,The Purple Rose of Cairo,en,1.6502,7.388,1146
1781,65754,2011-12-14,The Girl with the Dragon Tattoo,en,5.8248,7.387,7633
1782,1360,2002-08-29,Frida,en,2.2792,7.387,2179
1783,876792,2022-11-25,That Time I Got Reincarnated as a Slime the Movie: Scarlet Bond,ja,5.2453,7.386,437
1784,37211,1988-11-13,Scooby-Doo! and the Reluctant Werewolf,en,1.6419,7.386,338
1785,13393,2005-11-18,My Father and My Son,tr,0.9254,7.386,385
1786,9361,1992-08-26,The Last of the Mohicans,en,7.6248,7.4,3433
1787,763,1992-08-13,Braindead,en,3.0945,7.4,1856
1788,582014,2020-12-13,Promising Young Woman,en,4.1179,7.385,3725
1789,570661,2019-04-18,The Collini Case,de,1.4084,7.385,435
1790,212167,2013-11-09,Patema Inverted,ja,2.3031,7.385,473
1791,9462,1972-12-30,The Way of the Dragon,cn,5.5897,7.385,1302
1792,1317288,2025-12-19,Marty Supreme,en,15.2286,7.384,1879
1793,874300,2021-12-16,South Park: Post COVID: The Return of COVID,en,0.9201,7.384,474
1794,813258,2021-04-02,Monster Pets: A Hotel Transylvania Short,en,1.4128,7.4,409
1795,760,1973-10-17,The Mad Adventures of Rabbi Jacob,fr,2.5379,7.384,1060
1796,736069,2021-04-27,Justice Society: World War II,en,2.5584,7.383,607
1797,380225,2016-05-17,Like Crazy,it,0.5938,7.383,903
1798,191714,2013-09-20,The Lunchbox,hi,2.5715,7.383,816
1799,20312,2002-04-13,Interstate 60,en,3.0547,7.383,781
1800,1669,1990-03-02,The Hunt for Red October,en,5.831,7.383,3641
1801,58,2006-07-06,Pirates of the Caribbean: Dead Man's Chest,en,19.5594,7.383,17240
1802,851303,2021-10-13,Waiting for Bojangles,fr,1.4481,7.4,347
1803,25955,1953-05-27,Pickup on South Street,en,1.0522,7.4,322
1804,11471,1986-08-02,A Better Tomorrow,cn,4.1579,7.382,617
1805,994108,2023-12-22,All of Us Strangers,en,3.4616,7.4,1026
1806,36728,2009-08-01,Naruto Shippuden the Movie: The Will of Fire,ja,4.1545,7.381,511
1807,153,2003-09-18,Lost in Translation,en,7.3684,7.381,8126
1808,1156594,2025-10-15,Our Fault,es,38.1372,7.376,696
1809,660000,2021-10-20,Lost Illusions,fr,2.2152,7.38,565
1810,17681,1999-10-05,Scooby-Doo! and the Witch's Ghost,en,2.2129,7.38,484
1811,8356,1957-07-11,An Affair to Remember,en,1.3685,7.4,512
1812,7249,2007-11-27,Futurama: Bender's Big Score,en,3.6374,7.382,770
1813,402693,2016-11-04,100 Meters,es,1.1943,7.379,307
1814,45317,2010-12-10,The Fighter,en,3.4036,7.379,4740
1815,14433,1964-01-22,Zulu,en,2.5431,7.379,570
1816,11589,1970-06-22,Kelly's Heroes,en,3.5481,7.379,821
1817,9560,1995-05-27,A Walk in the Clouds,en,3.5598,7.4,1132
1818,527,1994-09-02,Once Were Warriors,en,1.7607,7.379,494
1819,673595,2020-02-29,"Maggie Simpson in ""Playdate with Destiny""",en,0.8825,7.378,366
1820,274109,2015-12-25,Palm Trees in the Snow,es,3.076,7.378,543
1821,81188,2012-11-21,Rise of the Guardians,en,6.7759,7.378,7173
1822,11230,1978-10-05,Drunken Master,cn,5.8299,7.377,1121
1823,425,2002-03-14,Ice Age,en,20.1462,7.378,14351
1824,303483,2014-12-03,Once in a Lifetime,fr,0.4755,7.4,329
1825,297270,2014-12-12,Tinker Bell and the Legend of the NeverBeast,en,6.3019,7.38,1192
1826,293670,2016-05-12,The Wailing,ko,7.0045,7.375,2068
1827,49051,2012-12-12,The Hobbit: An Unexpected Journey,en,16.3942,7.377,19700
1828,11481,1965-06-01,Repulsion,en,2.162,7.377,1110
1829,7862,2007-03-22,The Counterfeiters,de,1.576,7.377,688
1830,1542,1999-02-19,Office Space,en,4.2858,7.376,3411
1831,507505,2018-08-09,El Angel,es,1.5857,7.4,577
1832,24182,1992-03-26,"Dearest Relatives, Poisonous Relations",it,0.5744,7.376,384
1833,713,1993-05-18,The Piano,en,3.6098,7.376,1655
1834,37799,2010-10-01,The Social Network,en,11.8212,7.375,13213
1835,4034,1964-02-05,That Man from Rio,fr,1.6879,7.375,349
1836,491584,2018-05-17,Burning,ko,5.7649,7.374,1825
1837,111969,2013-06-14,Stuck in Love,en,4.0331,7.374,2016
1838,17136,1944-10-25,The Woman in the Window,en,1.5024,7.4,385
1839,15255,2006-04-11,Undisputed II: Last Man Standing,en,6.8783,7.376,926
1840,6949,1972-03-09,"What's Up, Doc?",en,1.5365,7.374,456
1841,433247,2017-02-18,First They Killed My Father,en,1.6083,7.373,711
1842,273895,2014-12-25,Selma,en,2.3102,7.373,2325
1843,80278,2012-09-09,The Impossible,en,5.8824,7.373,6695
1844,25866,1965-03-24,The Sucker,fr,2.075,7.373,713
1845,13754,2006-12-23,Tekkonkinkreet,ja,2.7262,7.4,425
1846,876716,2021-11-11,Ciao Alberto,en,1.6656,7.4,704
1847,519010,2019-03-22,Pain and Glory,es,2.3099,7.372,1924
1848,26963,2009-02-09,The Secret of Kells,en,1.9428,7.373,793
1849,2292,1994-10-19,Clerks,en,2.2872,7.37,2776
1850,20778,1962-12-13,Le Doulos,fr,1.4232,7.4,307
1851,12311,1935-11-22,Mutiny on the Bounty,en,1.7101,7.4,388
1852,4011,1988-03-30,Beetlejuice,en,7.3227,7.371,8476
1853,28118,2009-12-25,The Gruffalo,en,2.235,7.37,345
1854,10024,2009-06-26,My Sister's Keeper,en,3.6348,7.37,2258
1855,624479,2006-11-02,Superman II: The Richard Donner Cut,en,2.3017,7.369,393
1856,17474,1991-09-30,The Man in the Moon,en,2.9413,7.369,359
1857,2899,2002-01-30,Asterix & Obelix: Mission Cleopatra,fr,5.2045,7.369,3783
1858,1407,2007-02-14,La Vie en Rose,fr,2.3246,7.369,1741
1859,621,1978-06-16,Grease,en,9.3214,7.4,7691
1860,484747,2018-11-14,Little Tickles,fr,1.9363,7.368,382
1861,44012,1976-01-21,"Jeanne Dielman, 23, quai du Commerce, 1080 Bruxelles",fr,1.703,7.368,392
1862,39148,1996-03-04,Dragon Ball: The Path to Power,ja,2.0884,7.4,400
1863,637534,2021-08-18,The Stronghold,fr,2.314,7.367,1422
1864,318846,2015-12-11,The Big Short,en,9.0292,7.4,9878
1865,11661,2005-11-09,Joyeux Noel,fr,2.0893,7.367,930
1866,1427,2006-09-13,Perfume: The Story of a Murderer,en,7.5508,7.367,5035
1867,134350,2013-09-14,Why Don't You Play in Hell?,ja,1.9802,7.366,320
1868,2291,1990-11-02,Jacob's Ladder,en,3.8362,7.366,1910
1869,297,1998-11-12,Meet Joe Black,en,9.42,7.366,5795
1870,307081,2015-07-22,Southpaw,en,8.5371,7.365,5836
1871,118406,2012-07-28,Road to Ninja: Naruto the Movie,ja,3.7211,7.365,1245
1872,661,1979-03-23,The Marriage of Maria Braun,de,1.5399,7.4,300
1873,595975,2019-11-06,La Belle Époque,fr,1.4139,7.364,1068
1874,414425,2017-11-16,Mudbound,en,1.5227,7.364,1311
1875,284054,2018-02-13,Black Panther,en,17.6984,7.364,23552
1876,533444,2019-11-15,Waves,en,3.7709,7.4,812
1877,157354,2013-07-26,Fruitvale Station,en,1.8064,7.363,1443
1878,16320,2005-09-25,Serenity,en,4.9583,7.363,3889
1879,116,2005-10-26,Match Point,en,5.4579,7.363,4396
1880,302528,2015-10-23,Remember,en,1.905,7.362,760
1881,14638,1946-08-30,The Killers,en,2.0062,7.4,438
1882,7863,1996-08-15,Shine,en,1.8368,7.4,711
1883,2134,1960-05-25,The Time Machine,en,2.6977,7.363,919
1884,265180,2014-09-24,Leviathan,ru,1.7224,7.361,964
1885,42726,1966-05-27,A Man and a Woman,fr,2.5902,7.4,312
1886,5548,1987-07-17,RoboCop,en,5.9027,7.361,5765
1887,1245,1993-11-05,The Remains of the Day,en,2.4498,7.361,1513
1888,408647,2017-04-04,Teen Titans: The Judas Contract,en,3.772,7.36,765
1889,406385,2017-02-02,I Can Quit Whenever I Want 2: Masterclass,it,0.9026,7.4,1242
1890,44018,1985-12-04,Vagabond,fr,1.3042,7.4,365
1891,488,1952-01-07,The African Queen,en,2.5703,7.4,1058
1892,376867,2016-10-21,Moonlight,en,7.2243,7.359,7554
1893,451499,2017-02-22,School of Life,fr,0.5279,7.4,303
1894,233639,2013-03-21,Windstorm,de,1.8773,7.358,303
1895,82690,2012-11-01,Wreck-It Ralph,en,10.7349,7.358,13101
1896,49020,2011-03-18,Submarine,en,2.0782,7.4,1597
1897,11881,1947-06-04,Miracle on 34th Street,en,2.6215,7.358,846
1898,184,1997-12-25,Jackie Brown,en,5.7574,7.358,6966
1899,77016,2012-09-20,End of Watch,en,4.8699,7.357,3654
1900,9065,1991-06-27,Europa,de,1.9026,7.357,363
1901,3766,1947-12-24,The Lady from Shanghai,en,1.6734,7.355,723
1902,508570,2020-08-21,The One and Only Ivan,en,2.7977,7.356,636
1903,399404,2017-11-22,Darkest Hour,en,5.6602,7.356,5538
1904,64847,1973-06-30,Belladonna of Sadness,ja,2.3647,7.356,364
1905,22164,2009-02-07,Blood and Bone,en,4.1807,7.356,898
1906,13321,1944-01-28,Lifeboat,en,1.466,7.4,480
1907,13183,2009-03-04,Watchmen,en,7.5969,7.356,10043
1908,6644,1966-12-17,El Dorado,en,5.6233,7.4,584
1909,4147,2002-07-12,Road to Perdition,en,3.9908,7.356,4011
1910,4133,2001-04-04,Blow,en,4.8463,7.356,4624
1911,658,1964-09-20,Goldfinger,en,6.2255,7.357,3993
1912,594,2004-06-17,The Terminal,en,6.4262,7.356,8745
1913,140,2004-03-19,Bad Education,es,2.3,7.356,1071
1914,417320,2017-07-21,Descendants 2,en,4.7969,7.355,1780
1915,57361,2010-12-22,The Yellow Sea,ko,2.5259,7.355,584
1916,36998,1996-05-22,The Eighth Day,fr,1.1497,7.354,314
1917,21348,1998-12-09,Kirikou and the Sorceress,fr,1.7285,7.355,1167
1918,180,2002-06-20,Minority Report,en,8.3907,7.355,9676
1919,940551,2023-12-06,Migration,en,12.5406,7.4,2254
1920,2756,1989-08-09,The Abyss,en,6.03,7.354,3456
1921,1075794,2023-11-17,Leo,en,4.9213,7.353,1361
1922,493529,2023-03-23,Dungeons & Dragons: Honor Among Thieves,en,11.9634,7.353,4692
1923,19100,2006-06-28,Those Happy Days,fr,0.785,7.353,1112
1924,11644,1981-07-24,Blow Out,en,3.5017,7.353,1688
1925,840,1977-12-14,Close Encounters of the Third Kind,en,8.4658,7.353,4685
1926,1054867,2025-09-23,One Battle After Another,en,16.1172,7.35,3828
1927,818647,2022-02-04,Through My Window,es,11.541,7.352,3350
1928,64682,2013-05-09,The Great Gatsby,en,8.7131,7.352,12986
1929,43316,1955-08-25,All That Heaven Allows,en,1.4374,7.4,338
1930,10144,1989-11-17,The Little Mermaid,en,12.5176,7.351,8428
1931,514575,2018-09-20,A Twelve-Year Night,es,1.0119,7.35,304
1932,26302,1969-10-01,The Color of Pomegranates,hy,2.7372,7.3,337
1933,16234,2000-12-12,Batman Beyond: Return of the Joker,en,2.3138,7.35,1198
1934,423108,2021-05-25,The Conjuring: The Devil Made Me Do It,en,9.4215,7.349,6566
1935,14447,2008-12-26,A Matter of Loaf and Death,en,1.4772,7.349,611
1936,1397364,2025-12-05,La Grazia,it,2.3033,7.348,398
1937,38602,1980-12-01,Little Lord Fauntleroy,en,1.3749,7.348,320
1938,14736,2000-04-21,Love & Basketball,en,2.0257,7.348,470
1939,12140,2004-03-06,Ghost in the Shell 2: Innocence,ja,3.1777,7.3,988
1940,1830,2005-09-16,Lord of War,en,6.4614,7.348,5371
1941,877957,2022-09-09,Drifting Home,ja,2.2355,7.347,349
1942,615777,2022-12-22,Babylon,en,10.3629,7.348,3794
1943,439584,2017-11-30,I Can Quit Whenever I Want 3: Ad Honorem,it,0.2907,7.347,992
1944,249164,2014-08-21,If I Stay,en,3.2894,7.347,4316
1945,205220,2013-11-01,Philomena,en,1.4769,7.347,1721
1946,88273,2012-03-29,A Royal Affair,da,1.8446,7.347,946
1947,14283,1998-11-13,The Red Violin,fr,1.9186,7.347,451
1948,3089,1948-09-17,Red River,en,2.6292,7.347,594
1949,2252,2007-09-14,Eastern Promises,en,4.3701,7.347,3732
1950,377,1984-11-09,A Nightmare on Elm Street,en,11.0719,7.347,5764
1951,1151031,2025-05-19,Bring Her Back,en,10.0468,7.343,1723
1952,38528,1976-10-29,Horse Fever,it,0.6539,7.346,382
1953,377263,2016-09-07,Frantz,fr,1.3635,7.345,736
1954,271706,2016-07-08,Big Fish & Begonia,zh,3.8643,7.345,492
1955,61791,2011-08-03,Rise of the Planet of the Apes,en,9.8458,7.345,12794
1956,33701,1979-11-22,French Fried Vacation 2,fr,0.978,7.3,1267
1957,3110,1953-04-23,Shane,en,3.1134,7.345,686
1958,2056,2003-12-05,The Station Agent,en,3.4574,7.345,796
1959,396263,2016-10-14,GANTZ:O,ja,4.3703,7.344,845
1960,11305,1989-09-06,Mystery Train,en,2.3267,7.3,507
1961,1554,1986-09-20,Down by Law,en,1.4696,7.3,849
1962,756,1940-11-13,Fantasia,en,4.5988,7.344,3322
1963,381288,2017-01-19,Split,en,11.1447,7.341,18374
1964,324552,2017-02-08,John Wick: Chapter 2,en,11.7426,7.341,14319
1965,10975,1991-02-07,Operation Condor,cn,4.7503,7.341,646
1966,619803,2022-05-18,The Roundup,ko,12.0552,7.3,440
1967,169881,2013-12-25,The Physician,en,3.9848,7.34,1195
1968,47735,1953-02-09,Summer with Monika,sv,1.4212,7.34,396
1969,25623,1977-08-26,House,ja,3.0044,7.34,789
1970,11710,1974-11-01,The Enigma of Kaspar Hauser,de,1.6781,7.323,376
1971,985,1977-09-28,Eraserhead,en,3.4179,7.34,2747
1972,874,1966-12-13,A Man for All Seasons,en,2.1675,7.3,498
1973,1061474,2025-07-09,Superman,en,40.4454,7.339,4931
1974,587792,2020-07-10,Palm Springs,en,5.0707,7.339,3721
1975,579741,2021-07-22,Words Bubble Up Like Soda Pop,ja,2.615,7.339,338
1976,506528,2019-11-01,Harriet,en,3.4598,7.339,942
1977,140823,2013-11-29,Saving Mr. Banks,en,1.8606,7.3,3498
1978,16307,1973-12-06,The Wicker Man,en,3.6731,7.339,1644
1979,15392,1986-03-14,Crossroads,en,2.6546,7.339,476
1980,14534,1993-09-17,Rudy,en,3.1475,7.339,763
1981,10549,1996-12-25,Hamlet,en,2.8351,7.339,513
1982,9385,1976-06-26,The Twelve Tasks of Asterix,fr,2.2902,7.339,1356
1983,4816,1999-10-06,Ghost Dog: The Way of the Samurai,en,2.7303,7.337,1409
1984,1265,2007-02-15,Bridge to Terabithia,en,9.7782,7.339,5302
1985,370172,2021-09-29,No Time to Die,en,12.821,7.337,7155
1986,119450,2014-07-08,Dawn of the Planet of the Apes,en,10.0177,7.338,12262
1987,39108,1995-07-15,Dragon Ball Z: Wrath of the Dragon,ja,3.5052,7.338,794
1988,11206,1967-10-26,Wait Until Dark,en,1.8887,7.338,600
1989,965,1942-07-10,The Magnificent Ambersons,en,1.8251,7.3,477
1990,245913,2016-05-06,Pelé: Birth of a Legend,en,3.3136,7.337,1157
1991,15774,2004-12-17,Swades,hi,1.7425,7.334,385
1992,122917,2014-12-10,The Hobbit: The Battle of the Five Armies,en,18.478,7.3,15427
1993,100271,2012-04-21,A Letter to Momo,ja,2.7944,7.336,405
1994,2757,2002-12-06,Adaptation.,en,2.7,7.336,2792
1995,831405,2021-10-09,Injustice,en,2.649,7.335,849
1996,560057,2022-06-24,The Sea Beast,en,6.5522,7.335,1720
1997,508947,2022-03-10,Turning Red,en,15.5386,7.335,5897
1998,17529,1969-06-11,True Grit,en,7.1537,7.3,862
1999,7979,2007-12-14,The Kite Runner,en,2.801,7.3,1251
2000,638449,2021-07-23,The Last Letter from Your Lover,en,3.2487,7.334,670
2001,484751,2018-11-28,Through the Fire,fr,0.7872,7.334,725
2002,11101,1993-01-20,Stalingrad,de,2.8534,7.334,633
2003,9589,1981-04-02,Christiane F.,de,2.5238,7.334,1441
2004,7340,1976-11-03,Carrie,en,5.4108,7.334,4326
2005,759,1953-07-15,Gentlemen Prefer Blondes,en,2.9631,7.332,1070
2006,704,1964-07-07,A Hard Day's Night,en,2.3328,7.3,740
2007,387426,2017-06-28,Okja,en,3.5547,7.333,4548
2008,205587,2014-10-08,The Judge,en,7.7933,7.333,4448
2009,38884,1995-04-07,Land and Freedom,en,1.9358,7.333,300
2010,20620,1966-10-05,Seconds,en,1.7413,7.3,439
2011,18785,2009-06-02,The Hangover,en,17.4291,7.333,18158
2012,12776,1991-10-24,Johnny Stecchino,it,0.8237,7.333,1069
2013,11197,2003-09-16,Evil,sv,1.8802,7.3,398
2014,557,2002-05-01,Spider-Man,en,29.4818,7.332,20760
2015,675445,2021-08-09,PAW Patrol: The Movie,en,6.5204,7.332,1272
2016,427033,2017-12-21,This Crazy Heart,de,0.7284,7.3,301
2017,2502,2004-07-23,The Bourne Supremacy,en,5.9129,7.332,8188
2018,121986,2013-05-17,Frances Ha,en,2.9281,7.332,1827
2019,2666,1998-02-27,Dark City,en,6.2443,7.331,3225
2020,315635,2017-07-05,Spider-Man: Homecoming,en,30.8431,7.33,23250
2021,75656,2013-05-29,Now You See Me,en,10.9754,7.33,16848
2022,818750,2022-02-11,The In Between,en,2.2828,7.329,837
2023,37775,1981-02-20,"Bianco, rosso e Verdone",it,1.0081,7.329,748
2024,14003,2005-07-21,Fullmetal Alchemist the Movie: Conqueror of Shamballa,ja,4.6668,7.329,406
2025,615643,2021-02-12,Minari,en,2.4637,7.328,1866
2026,25403,1993-11-12,Caro diario,it,1.2644,7.3,512
2027,15157,2008-09-16,Another Cinderella Story,en,3.1508,7.329,2131
2028,1116,2006-06-23,The Wind That Shakes the Barley,en,2.5263,7.3,902
2029,854239,2022-10-14,Till,en,2.0195,7.3,349
2030,339380,2018-12-25,On the Basis of Sex,en,2.0676,7.3,1136
2031,247645,2014-03-07,Queen,hi,0.9363,7.33,314
2032,13920,2003-10-24,Radio,en,3.1376,7.326,849
2033,12716,1990-08-29,My Father's Glory,fr,1.271,7.327,335
2034,9504,1992-09-10,Glengarry Glen Ross,en,2.717,7.327,1618
2035,7452,1989-10-13,"The Cook, the Thief, His Wife & Her Lover",en,2.2269,7.3,712
2036,134,2000-08-30,"O Brother, Where Art Thou?",en,4.3472,7.326,4619
2037,459151,2021-07-01,The Boss Baby: Family Business,en,8.4672,7.3,2692
2038,14645,1982-08-25,Santa Claus Is a Stinker,fr,1.0064,7.3,1066
2039,9502,2008-06-04,Kung Fu Panda,en,19.89,7.326,12696
2040,687,1995-12-29,Dead Man Walking,en,3.0404,7.326,1507
2041,433498,2017-09-07,Papillon,en,3.8532,7.325,2145
2042,66125,2011-08-04,Red Dog,en,2.2345,7.325,433
2043,2841,2004-10-27,A Very Long Engagement,fr,2.0747,7.325,1337
2044,260,1935-06-06,The 39 Steps,en,1.8666,7.325,1053
2045,88,1987-08-21,Dirty Dancing,en,9.4307,7.325,6528
2046,1284120,2025-03-07,The Ugly Stepsister,no,8.4818,7.3,1198
2047,663260,2021-09-08,Black Box,fr,2.1562,7.324,1437
2048,573435,2024-06-05,Bad Boys: Ride or Die,en,11.8077,7.324,3357
2049,242643,2014-08-12,Batman: Assault on Arkham,en,3.1058,7.324,1190
2050,112198,2012-04-25,What's in a Name,fr,0.9789,7.3,1802
2051,21484,1981-05-27,Possession,en,8.5199,7.3,1336
2052,21032,1995-12-22,Balto,en,6.1609,7.324,2211
2053,2786,1965-11-05,Pierrot le Fou,fr,2.2786,7.324,946
2054,228,1930-04-01,The Blue Angel,de,1.8825,7.324,367
2055,755339,2020-12-03,Just Another Christmas,pt,0.8379,7.323,439
2056,672208,2021-12-15,A Hero,fa,0.8366,7.323,384
2057,416477,2017-03-30,The Big Sick,en,2.7838,7.323,2646
2058,132363,2013-08-16,The Butler,en,3.2457,7.323,3038
2059,17581,2008-08-02,Naruto Shippuden the Movie: Bonds,ja,4.6174,7.323,522
2060,11901,1973-04-19,High Plains Drifter,en,4.3781,7.3,1345
2061,425909,2021-11-18,Ghostbusters: Afterlife,en,5.9695,7.322,5177
2062,258893,2014-03-11,Scooby-Doo! WrestleMania Mystery,en,1.5295,7.3,335
2063,54138,2013-05-05,Star Trek Into Darkness,en,7.0918,7.3,9695
2064,44741,1973-03-29,Malicious,it,6.3208,7.322,362
2065,31522,1961-09-06,A Woman Is a Woman,fr,0.8472,7.322,405
2066,15764,1982-12-08,Sophie's Choice,en,3.3516,7.322,938
2067,15003,2008-02-07,Chocolate,th,2.763,7.322,564
2068,1052,1966-12-18,Blow-Up,en,2.3463,7.322,1370
2069,987,1974-11-01,The Front Page,en,1.6836,7.3,384
2070,360365,2016-05-04,Tini: The New Life of Violetta,es,0.9603,7.321,399
2071,342737,2016-12-28,20th Century Women,en,2.2569,7.321,1235
2072,239877,2013-11-28,The Mafia Kills Only in Summer,it,0.549,7.321,1140
2073,49361,1972-09-29,Don't Torture a Duckling,it,0.6492,7.321,416
2074,36208,1918-04-14,A Dog's Life,en,0.9808,7.321,365
2075,861,1990-06-01,Total Recall,en,12.5283,7.321,6502
2076,705996,2022-06-29,Decision to Leave,ko,6.7645,7.3,1529
2077,671295,2021-05-27,Blue Miracle,en,1.3448,7.32,305
2078,604605,2019-09-20,Hello World,ja,2.2133,7.32,408
2079,522369,2019-10-04,Sorry We Missed You,en,1.2744,7.3,835
2080,10669,1972-08-18,Deliverance,en,4.0164,7.3,1819
2081,3131,2002-12-14,Gangs of New York,en,5.3938,7.32,7264
2082,809,2004-05-19,Shrek 2,en,19.1886,7.32,13489
2083,289222,2017-03-24,The Zookeeper's Wife,en,2.1892,7.319,1574
2084,26736,2009-08-28,Wizards of Waverly Place: The Movie,en,1.751,7.32,1803
2085,25793,2009-11-06,Precious: Based on the Novel 'Push' by Sapphire,en,3.8902,7.319,1784
2086,11673,1990-03-28,Cyrano de Bergerac,fr,1.6119,7.319,828
2087,1429,2002-12-19,25th Hour,en,3.9717,7.316,2583
2088,470,2003-09-06,21 Grams,en,3.4008,7.318,3414
2089,30421,1987-07-18,A Chinese Ghost Story,cn,5.7207,7.3,335
2090,3063,1933-11-12,Duck Soup,en,1.504,7.3,861
2091,866,2004-10-29,Finding Neverland,en,3.0565,7.317,3756
2092,177,1991-09-20,The Fisher King,en,2.8331,7.316,1477
2093,1241983,2025-11-05,Train Dreams,en,5.6208,7.317,1026
2094,1147400,2024-02-11,"Miraculous World: Paris, Tales of Shadybug and Claw Noir",fr,5.1043,7.3,545
2095,550231,2020-04-16,The Secret: Dare to Dream,en,3.0077,7.317,664
2096,43266,1941-10-28,How Green Was My Valley,en,1.9968,7.317,456
2097,649,1967-05-24,Belle de Jour,fr,3.0883,7.312,1020
2098,400617,2017-12-25,Phantom Thread,en,6.3198,7.316,3789
2099,13688,2008-01-30,CJ7,cn,4.8273,7.316,800
2100,9571,1993-09-24,Dazed and Confused,en,3.759,7.313,2279
2101,701387,2025-10-23,Bugonia,en,9.6388,7.315,2017
2102,26638,1964-09-04,Red Desert,it,1.855,7.3,508
2103,10397,1999-12-25,Angela's Ashes,en,1.7805,7.315,351
2104,7445,2009-12-02,Brothers,en,6.6246,7.315,3949
2105,30061,2010-02-23,Justice League: Crisis on Two Earths,en,1.95,7.314,776
2106,28055,1964-03-14,Blood and Black Lace,it,1.5102,7.313,469
2107,3109,1952-07-21,The Quiet Man,en,2.265,7.3,607
2108,2798,1967-10-11,Oscar,fr,0.9247,7.3,535
2109,892,1991-04-17,Delicatessen,fr,2.1554,7.314,1638
2110,890980,2022-10-06,God's Crooked Lines,es,1.8477,7.313,843
2111,754609,2022-07-15,Mrs. Harris Goes to Paris,en,2.1828,7.3,515
2112,429174,2017-06-01,Loveless,ru,1.3145,7.3,820
2113,45612,2011-03-30,Source Code,en,7.0089,7.313,9161
2114,10312,1998-12-25,Patch Adams,en,4.2557,7.313,3457
2115,2977,2007-03-02,Becoming Jane,en,2.9108,7.313,1266
2116,558,2004-06-25,Spider-Man 2,en,8.5784,7.313,16431
2117,1151534,2023-09-29,Nowhere,es,3.6273,7.312,1583
2118,504608,2019-05-17,Rocketman,en,3.4236,7.312,5013
2119,9837,1998-12-16,The Prince of Egypt,en,8.0927,7.313,4328
2120,1223601,2025-10-21,Sisu: Road to Revenge,fi,13.3357,7.311,803
2121,489930,2018-07-20,Blindspotting,en,1.3933,7.311,732
2122,12902,2004-05-20,Scooby-Doo! and the Loch Ness Monster,en,1.6133,7.311,462
2123,621013,2020-08-21,Chemical Hearts,en,1.9915,7.31,1163
2124,614587,2019-12-06,Lupin III: The First,ja,2.8706,7.31,315
2125,507089,2023-10-25,Five Nights at Freddy's,en,9.9926,7.3,5054
2126,486947,2018-02-22,The Guilty,da,1.6714,7.31,1852
2127,259316,2016-11-16,Fantastic Beasts and Where to Find Them,en,15.6594,7.31,19742
2128,11886,1973-11-08,Robin Hood,en,5.4521,7.31,4663
2129,10234,1997-09-11,Funny Games,de,2.8582,7.31,2090
2130,631132,2020-02-01,Goblin Slayer: Goblin's Crown,ja,2.5637,7.309,306
2131,13635,2008-10-22,Mesrine: Killer Instinct,fr,1.1153,7.309,1003
2132,11807,2007-10-26,Jab We Met,hi,1.5158,7.3,327
2133,802,1962-06-13,Lolita,en,5.6717,7.3,2253
2134,27275,2004-11-12,G.O.R.A.,tr,0.9618,7.3,372
2135,813,1980-06-27,Airplane!,en,12.0661,7.308,5097
2136,87,1984-05-23,Indiana Jones and the Temple of Doom,en,7.4928,7.308,10147
2137,36040,1971-07-01,Walkabout,en,3.2355,7.302,449
2138,15487,2005-09-30,The Greatest Game Ever Played,en,1.6152,7.307,542
2139,14554,1955-01-13,Bad Day at Black Rock,en,1.3974,7.3,419
2140,11943,1972-09-10,Jeremiah Johnson,en,2.4246,7.307,696
2141,4771,2007-09-18,Gone Baby Gone,en,5.0055,7.307,4209
2142,801,1987-12-23,"Good Morning, Vietnam",en,3.4169,7.307,3017
2143,118412,2012-06-23,Berserk: The Golden Age Arc II - The Battle for Doldrey,ja,3.2579,7.3,466
2144,44264,2010-12-22,True Grit,en,6.0643,7.306,5777
2145,82695,2012-12-18,Les Misérables,en,7.9303,7.305,5588
2146,80184,2011-09-16,The Hidden Face,es,3.5557,7.305,1145
2147,57212,2011-12-25,War Horse,en,5.865,7.305,3697
2148,922,1995-12-23,Dead Man,en,2.6761,7.3,1739
2149,10112,1970-12-24,The Aristocats,en,9.474,7.3,5383
2150,762509,2024-12-18,Mufasa: The Lion King,en,17.7527,7.303,2686
2151,423333,2021-10-08,Mass,en,1.8412,7.303,302
2152,58857,2010-09-25,13 Assassins,ja,3.0325,7.3,1269
2153,14646,1996-09-07,Family Resemblances,fr,0.459,7.303,318
2154,9539,2008-06-12,Martyrs,fr,5.9823,7.303,3039
2155,65229,2011-04-20,Tomboy,fr,1.5243,7.302,752
2156,19913,2009-07-17,(500) Days of Summer,en,9.014,7.302,11075
2157,8337,1988-11-04,They Live,en,7.5631,7.303,3494
2158,544401,2021-02-26,Cherry,en,3.791,7.301,1382
2159,338766,2016-08-11,Hell or High Water,en,4.862,7.301,4883
2160,258230,2016-10-07,A Monster Calls,en,5.0929,7.302,3577
2161,14551,1950-07-06,Winchester '73,en,2.0425,7.3,403
2162,11698,1977-05-20,Stroszek,de,1.066,7.301,301
2163,4543,1983-03-31,Monty Python's The Meaning of Life,en,2.5719,7.301,2118
2164,941,1987-03-06,Lethal Weapon,en,8.3761,7.301,5065
2165,440596,2017-02-10,Kiss and Cry,en,0.9769,7.3,415
2166,420814,2018-08-01,Christopher Robin,en,3.3349,7.3,2919
2167,407449,2017-09-29,Lucky,en,1.6994,7.3,646
2168,49538,2011-06-01,X-Men: First Class,en,0.4702,7.3,13576
2169,14320,1946-12-26,Great Expectations,en,2.1921,7.3,375
2170,11647,2003-10-01,Infernal Affairs II,cn,4.4079,7.3,475
2171,11190,2003-06-25,The Return,ru,1.1809,7.3,707
2172,10911,1961-04-27,The Guns of Navarone,en,4.0098,7.3,869
2173,90369,2012-09-19,Now Is Good,en,1.9327,7.299,1108
2174,1491,2006-08-18,The Illusionist,en,4.3229,7.299,5342
2175,104,1998-08-20,Run Lola Run,de,3.9635,7.299,2577
2176,53565,1928-05-15,Steamboat Willie,en,1.0046,7.298,607
2177,1367,1979-06-15,Rocky II,en,5.7274,7.298,4830
2178,420809,2019-10-16,Maleficent: Mistress of Evil,en,9.2842,7.297,6515
2179,408220,2017-01-24,Justice League Dark,en,2.0983,7.297,1140
2180,167073,2015-10-20,Brooklyn,en,4.0572,7.297,3275
2181,27094,1974-11-10,Lenny,en,1.3448,7.297,310
2182,17111,2004-09-09,Shutter,th,4.9603,7.297,1410
2183,10794,1968-04-04,The Party,en,2.4748,7.297,863
2184,199,1996-11-22,Star Trek: First Contact,en,5.59,7.3,1959
2185,60308,2011-09-23,Moneyball,en,6.9672,7.296,5818
2186,13932,2005-03-15,Jack-Jack Attack,en,1.1891,7.296,993
2187,493922,2018-06-07,Hereditary,en,14.4753,7.295,8647
2188,926393,2023-08-30,The Equalizer 3,en,11.3526,7.295,3753
2189,583406,2021-02-12,Judas and the Black Messiah,en,3.6475,7.294,1709
2190,356296,2015-10-14,Suburra,it,1.3972,7.294,1309
2191,16227,1947-09-05,Dark Passage,en,1.6189,7.3,352
2192,10501,2000-03-31,The Road to El Dorado,en,6.287,7.3,4125
2193,535356,2019-05-24,Elisa & Marcela,es,1.4037,7.3,404
2194,185008,2013-05-31,Yeh Jawaani Hai Deewani,hi,2.0241,7.293,305
2195,34647,2010-05-05,Enter the Void,en,4.6623,7.293,2003
2196,545609,2020-04-23,Extraction,en,8.4345,7.292,6636
2197,259693,2016-06-08,The Conjuring 2,en,12.6591,7.293,9220
2198,5506,1955-12-08,The Ladykillers,en,1.3179,7.3,546
2199,986056,2025-04-30,Thunderbolts*,en,17.2189,7.291,3601
2200,323661,2015-02-05,Mune: Guardian of the Moon,fr,2.9856,7.294,605
2201,38142,2007-03-03,5 Centimeters per Second,ja,4.9335,7.291,2173
2202,25673,1951-06-12,A Place in the Sun,en,1.9705,7.3,419
2203,2270,2007-08-10,Stardust,en,5.8645,7.3,4470
2204,156022,2014-09-24,The Equalizer,en,15.1699,7.291,9984
2205,13008,2007-07-27,An American Crime,en,2.464,7.29,775
2206,10150,1982-11-19,The Last Unicorn,en,2.3836,7.29,598
2207,842675,2023-01-22,The Wandering Earth II,zh,8.7571,7.289,726
2208,809107,2022-07-09,Z-O-M-B-I-E-S 3,en,2.038,7.289,441
2209,318121,2016-06-16,The Fundamentals of Caring,en,3.001,7.289,2324
2210,11537,1978-03-01,Snake in the Eagle's Shadow,cn,3.4325,7.289,363
2211,1433,2001-04-20,The Devil's Backbone,es,2.6699,7.289,1367
2212,1262,2006-11-10,Stranger Than Fiction,en,2.0969,7.29,2558
2213,255,1968-09-04,Stolen Kisses,fr,2.0564,7.289,465
2214,740441,2023-02-17,Unlocked,ko,4.0411,7.287,407
2215,634544,2020-11-25,Uncle Frank,en,2.2399,7.288,443
2216,626735,2022-02-17,Dog,en,2.9762,7.288,1776
2217,16907,2004-08-21,Naruto the Movie: Ninja Clash in the Land of Snow,ja,4.6552,7.288,617
2218,451048,2021-07-28,Jungle Cruise,en,7.4221,7.287,6193
2219,390497,2016-08-10,Tunnel,ko,2.4255,7.287,652
2220,68734,2012-10-11,Argo,en,5.9895,7.287,8987
2221,13597,1986-06-27,Labyrinth,en,10.3676,7.3,2756
2222,12900,2001-05-19,Conspiracy,en,2.2428,7.287,479
2223,11948,1983-05-28,"Merry Christmas, Mr. Lawrence",ja,2.7859,7.287,524
2224,30497,1974-10-11,The Texas Chain Saw Massacre,en,7.1649,7.286,3838
2225,53457,2010-09-16,Sarah's Key,fr,1.4613,7.3,719
2226,14698,1959-12-22,"Suddenly, Last Summer",en,1.8589,7.285,314
2227,11426,1953-08-28,From Here to Eternity,en,1.6936,7.3,707
2228,457,1955-12-22,Sissi,de,3.0738,7.3,528
2229,259761,2014-05-10,Lights Out,xx,0.5849,7.284,391
2230,9473,1999-06-24,"South Park: Bigger, Longer & Uncut",en,3.7546,7.283,2966
2231,6404,1979-01-17,Nosferatu the Vampyre,de,2.9171,7.283,1084
2232,690,1959-12-16,Pickpocket,fr,1.0183,7.283,568
2233,837335,2023-10-12,La Chimera,it,2.2781,7.282,581
2234,37136,1988-12-02,The Naked Gun: From the Files of Police Squad!,en,6.2944,7.282,4531
2235,23566,2009-09-15,Barbie and the Three Musketeers,en,5.4956,7.282,728
2236,9325,1967-10-18,The Jungle Book,en,6.9291,7.282,6686
2237,1572,1995-05-19,Die Hard: With a Vengeance,en,6.9744,7.281,6696
2238,1000866,2024-11-27,The Marching Band,fr,1.5634,7.281,491
2239,842924,2025-06-02,The Life of Chuck,en,4.3721,7.284,1139
2240,801112,2023-05-25,Kidnapped,it,1.312,7.3,377
2241,454626,2020-02-12,Sonic the Hedgehog,en,12.2528,7.281,10420
2242,15601,2001-10-09,Scooby-Doo and the Cyber Chase,en,1.7255,7.281,559
2243,11499,2008-10-15,Frost/Nixon,en,2.4733,7.277,1304
2244,912598,2022-02-14,Bubble,ja,2.6998,7.28,482
2245,843527,2024-05-02,The Idea of You,en,16.8996,7.28,1964
2246,668461,2022-11-18,Slumberland,en,3.7156,7.28,942
2247,610120,2019-06-26,Anima,en,0.6135,7.3,483
2248,11963,1975-09-24,Three Days of the Condor,en,3.3401,7.28,1370
2249,4588,2007-09-24,"Lust, Caution",zh,12.4865,7.28,813
2250,964980,2023-04-05,Air,en,5.1132,7.279,2345
2251,615666,2021-11-24,A Boy Called Christmas,en,1.8788,7.3,816
2252,532321,2018-10-06,Re:ZERO -Starting Life in Another World- Memory Snow,ja,3.258,7.279,301
2253,442065,2020-01-23,The Last Full Measure,en,2.7127,7.279,499
2254,21956,2003-09-30,Scooby-Doo! and the Monster of Mexico,en,1.7121,7.279,344
2255,17159,1987-11-25,Eddie Murphy Raw,en,1.382,7.3,376
2256,399366,2017-10-27,Marrowbone,es,4.4398,7.278,1843
2257,23550,2001-03-16,His Secret Life,it,0.5902,7.3,594
2258,15362,2008-11-19,Mesrine: Public Enemy #1,fr,1.4627,7.278,947
2259,10559,2000-04-28,Frequency,en,4.536,7.278,2026
2260,9587,1994-12-21,Little Women,en,4.3995,7.278,1349
2261,764,1981-10-15,The Evil Dead,en,9.4357,7.277,4499
2262,335360,2017-10-05,My Little Pony: The Movie,en,9.2486,7.279,418
2263,15384,2009-01-07,Red Cliff II,zh,4.2222,7.277,498
2264,10009,2003-10-23,Brother Bear,en,9.1317,7.277,5776
2265,416494,2018-02-09,Status Update,en,2.5547,7.276,572
2266,332270,2015-04-02,Battle for Sevastopol,ru,2.3317,7.276,501
2267,304357,2015-03-20,Woman in Gold,en,2.9455,7.276,1459
2268,21450,1993-08-06,Naked,en,2.6687,7.3,674
2269,12614,1982-04-25,Victor/Victoria,en,2.0751,7.276,449
2270,18183,1992-04-16,Like Water for Chocolate,es,2.0208,7.275,557
2271,9474,1973-12-13,My Name Is Nobody,it,2.6984,7.3,1060
2272,300671,2016-01-14,13 Hours: The Secret Soldiers of Benghazi,en,9.0336,7.273,3969
2273,99861,2015-04-22,Avengers: Age of Ultron,en,24.9061,7.274,24523
2274,50646,2011-07-29,"Crazy, Stupid, Love.",en,11.3319,7.274,9324
2275,2657,1998-09-17,Pleasantville,en,3.3244,7.274,1893
2276,285,2007-05-19,Pirates of the Caribbean: At World's End,en,20.8561,7.274,15523
2277,17379,2006-01-13,Last Holiday,en,4.1314,7.273,878
2278,14168,1957-08-07,3:10 to Yuma,en,4.3503,7.3,419
2279,11502,1962-03-09,Knife in the Water,pl,1.3789,7.3,476
2280,603661,2021-12-09,The Hating Game,en,4.0339,7.272,1207
2281,379291,2016-03-26,Justice League vs. Teen Titans,en,2.7896,7.272,1040
2282,93289,1973-05-24,Now Where Did the Seventh Company Get to?,fr,0.6408,7.3,390
2283,16562,1992-03-27,The Cutting Edge,en,2.7129,7.3,419
2284,14621,1989-03-03,Lean On Me,en,2.2446,7.272,344
2285,8923,2005-09-09,Green Street Hooligans,en,3.1139,7.273,2588
2286,866398,2024-01-08,The Beekeeper,en,12.6509,7.27,4296
2287,663870,2020-11-19,Riders of Justice,da,2.0089,7.271,1073
2288,590223,2020-10-16,Love and Monsters,en,4.6963,7.271,4478
2289,576845,2021-10-21,Last Night in Soho,en,4.6839,7.3,3892
2290,508642,2018-03-28,Gonjiam: Haunted Asylum,ko,11.7765,7.271,949
2291,298115,2014-11-01,Dragons: Dawn of the Dragon Racers,en,1.7547,7.3,376
2292,228194,2014-08-06,The Hundred-Foot Journey,en,3.2445,7.271,1553
2293,114168,2011-03-04,Perras,es,4.005,7.271,314
2294,46919,1966-12-30,Daisies,cs,1.8844,7.271,432
2295,18311,1990-12-15,Days of Being Wild,cn,4.1063,7.3,589
2296,16620,1987-07-24,La Bamba,en,3.2336,7.274,796
2297,1802,1995-08-30,La Cérémonie,fr,3.1741,7.271,401
2298,889699,2022-07-13,Holy Spider,fa,1.862,7.27,514
2299,39356,2010-03-25,Boy,en,1.5584,7.27,489
2300,17814,1976-10-08,Assault on Precinct 13,en,1.6108,7.269,1214
2301,8363,2007-08-17,Superbad,en,9.1182,7.27,8141
2302,2640,1989-03-31,Heathers,en,3.7857,7.271,1889
2303,114150,2012-09-28,Pitch Perfect,en,5.7924,7.268,6892
2304,34653,2009-12-11,A Single Man,en,2.7646,7.3,1669
2305,33436,1969-03-07,The Brain,fr,1.4147,7.3,301
2306,13283,2007-09-17,Barbie as the Island Princess,en,4.3598,7.269,776
2307,11816,1981-12-04,On Golden Pond,en,2.3135,7.269,514
2308,509,1999-05-21,Notting Hill,en,7.8632,7.269,6736
2309,381,1955-08-03,To Catch a Thief,en,2.9586,7.268,1678
2310,1291608,2025-12-05,Dhurandhar,hi,59.8702,7.274,312
2311,11177,1985-03-08,Mask,en,2.4794,7.268,495
2312,9833,2004-12-08,The Phantom of the Opera,en,5.3146,7.268,1782
2313,3176,2000-12-16,Battle Royale,ja,6.259,7.268,3842
2314,2277,1999-12-17,Bicentennial Man,en,4.8925,7.268,3943
2315,1368166,2025-12-18,The Housemaid,en,53.8426,7.268,2499
2316,40794,2010-03-12,Loose Cannons,it,1.0793,7.267,808
2317,8393,1980-09-10,The Gods Must Be Crazy,en,5.36,7.3,1323
2318,1083862,2023-06-22,Resident Evil: Death Island,ja,3.9228,7.266,1118
2319,438148,2022-06-29,Minions: The Rise of Gru,en,16.0896,7.3,4030
2320,47653,1917-06-17,The Immigrant,en,0.5551,7.266,318
2321,19178,1956-10-26,La Traversée de Paris,fr,0.8601,7.266,303
2322,449924,2019-12-19,Ip Man 4: The Finale,cn,2.4276,7.265,2139
2323,438146,2018-08-02,Birds of Passage,es,0.6231,7.265,323
2324,424488,2017-06-09,Megan Leavey,en,2.6167,7.265,855
2325,11929,1995-03-24,Dolores Claiborne,en,3.3181,7.3,880
2326,9550,2004-08-03,House of Flying Daggers,zh,4.1649,7.263,1801
2327,1155089,2024-01-08,Justice League: Crisis on Infinite Earths Part One,en,3.2306,7.264,404
2328,436343,2017-03-02,On Body and Soul,hu,1.1837,7.264,615
2329,2748,1954-09-08,Journey to Italy,it,0.6791,7.3,329
2330,37724,2012-10-24,Skyfall,en,9.9572,7.263,16163
2331,6145,2007-04-19,Fracture,en,4.5899,7.263,4357
2332,1598,1991-11-13,Cape Fear,en,9.886,7.262,3907
2333,323677,2016-02-19,Race,en,2.6508,7.3,1627
2334,26900,1996-11-29,The Bandit,tr,1.1211,7.261,360
2335,14047,2007-12-25,The Great Debaters,en,2.596,7.261,714
2336,10440,1993-05-02,Manhattan Murder Mystery,en,1.5491,7.261,1182
2337,453278,2018-03-28,The Rider,en,1.5815,7.26,559
2338,79120,2011-10-23,Weekend,en,1.5835,7.26,572
2339,34134,2010-01-25,Barbie in A Mermaid Tale,en,3.5911,7.26,812
2340,19666,2001-06-15,Lagaan: Once Upon a Time in India,hi,2.7349,7.258,648
2341,3,1986-10-17,Shadows in Paradise,fi,1.0321,7.26,441
2342,498248,2018-08-02,Mia and the White Lion,fr,2.5533,7.259,921
2343,399579,2019-01-31,Alita: Battle Angel,en,13.2285,7.259,10076
2344,121642,2012-09-13,Twice Born,it,1.4772,7.259,473
2345,44874,2010-09-14,Barbie: A Fashion Fairytale,en,3.2651,7.259,794
2346,20352,2010-07-08,Despicable Me,en,18.8144,7.259,16097
2347,19908,2009-10-02,Zombieland,en,7.8686,7.259,13225
2348,571468,2021-10-28,Freaks Out,it,1.0555,7.3,952
2349,401306,1975-12-10,The Seventh Company Has Been Found,fr,0.5939,7.3,316
2350,284689,2015-01-16,Testament of Youth,en,1.6604,7.3,798
2351,14202,2006-12-09,The Painted Veil,en,4.4333,7.258,1278
2352,10654,1979-03-15,Hair,en,3.1313,7.258,742
2353,9609,1992-09-16,Of Mice and Men,en,2.4861,7.258,718
2354,2759,1994-08-10,"The Adventures of Priscilla, Queen of the Desert",en,3.2276,7.258,921
2355,766,1992-10-31,Army of Darkness,en,7.2075,7.258,3532
2356,1078605,2025-08-04,Weapons,en,17.1243,7.257,3516
2357,362045,2015-12-18,Bajirao Mastani,hi,4.4588,7.25,310
2358,2609,1987-11-26,"Planes, Trains and Automobiles",en,3.5182,7.255,2224
2359,823452,2023-12-25,The Boys in the Boat,en,2.6143,7.256,359
2360,541671,2025-06-04,Ballerina,en,19.9223,7.256,2687
2361,269258,2014-12-25,Head Full of Honey,de,1.4722,7.256,373
2362,64956,2010-12-07,Inception: The Cobol Job,en,0.5348,7.3,314
2363,969492,2024-02-09,Land of Bad,en,10.6903,7.256,1506
2364,785663,2021-10-01,Old Henry,en,2.5909,7.255,703
2365,75624,2011-07-30,Naruto Shippuden the Movie: Blood Prison,ja,4.3819,7.255,702
2366,75258,2012-08-17,Secret of the Wings,en,5.3477,7.257,1370
2367,34433,1993-03-06,Dragon Ball Z: Broly - The Legendary Super Saiyan,ja,6.6987,7.255,1007
2368,9660,1959-12-05,Operation Petticoat,en,1.8,7.255,417
2369,9603,1995-07-19,Clueless,en,6.7731,7.255,4820
2370,2639,1997-12-12,Deconstructing Harry,en,2.4989,7.255,1054
2371,590,2002-12-27,The Hours,en,4.859,7.255,1873
2372,286192,2015-06-18,Lava,en,1.3218,7.3,1135
2373,41201,2010-06-16,The Illusionist,fr,2.2581,7.3,686
2374,11868,1958-04-21,Dracula,en,2.2291,7.254,709
2375,11663,1991-08-14,The Commitments,en,1.7946,7.254,609
2376,11450,1994-08-25,Quiz Show,en,2.7738,7.3,993
2377,3086,1941-02-25,The Lady Eve,en,1.7056,7.254,398
2378,1791,2001-09-05,The Piano Teacher,fr,9.0852,7.3,1281
2379,451,1995-10-27,Leaving Las Vegas,en,3.7206,7.256,1663
2380,340,2005-09-05,Everything Is Illuminated,en,1.3272,7.254,826
2381,805627,2020-06-05,Beyond the Infinite Two Minutes,ja,1.3219,7.256,301
2382,547258,2019-09-04,Play,fr,0.5581,7.253,367
2383,318781,2016-02-12,Colonia,de,5.7199,7.253,1995
2384,91417,2011-11-15,Dragons: Gift of the Night Fury,en,2.182,7.3,430
2385,79707,2011-05-07,Children Who Chase Lost Voices,ja,3.1537,7.253,793
2386,779,1932-05-06,Vampyr,de,1.7227,7.3,592
2387,12162,2008-10-10,The Hurt Locker,en,5.9964,7.252,6207
2388,11368,1985-01-18,Blood Simple,en,2.6924,7.253,1632
2389,923939,2023-09-20,The Wonderful Story of Henry Sugar,en,2.5891,7.251,1400
2390,403450,2016-10-27,At War for Love,it,0.4513,7.251,519
2391,391713,2017-09-01,Lady Bird,en,7.3493,7.25,9041
2392,375315,2016-06-24,The Salesman,fa,1.6132,7.3,935
2393,76543,2011-10-07,Tyrannosaur,en,1.066,7.251,504
2394,67884,2011-03-24,Chinese Take-Away,es,1.148,7.251,443
2395,17687,1931-04-23,The Public Enemy,en,1.6106,7.3,390
2396,1056360,2023-11-10,American Fiction,en,3.1031,7.25,1356
2397,483980,2018-02-16,Z-O-M-B-I-E-S,en,3.3936,7.25,771
2398,407448,2017-07-28,Detroit,en,2.2913,7.25,1752
2399,8374,1999-01-22,The Boondock Saints,en,4.0542,7.25,2709
2400,875828,2026-03-05,Peaky Blinders: The Immortal Man,en,22.8884,7.248,1038
2401,637693,2021-05-20,Spirit Untamed,en,2.8382,7.249,571
2402,324849,2017-02-08,The Lego Batman Movie,en,8.3921,7.249,5433
2403,109445,2013-11-20,Frozen,en,16.6989,7.249,17617
2404,15600,1982-02-12,Missing,en,1.5693,7.249,431
2405,902,1995-05-17,The City of Lost Children,fr,2.1689,7.2,1221
2406,837,1983-02-04,Videodrome,en,3.3122,7.248,2483
2407,901362,2023-10-12,Trolls Band Together,en,6.8235,7.2,988
2408,594328,2020-06-14,Phineas and Ferb the Movie: Candace Against the Universe,en,2.919,7.248,403
2409,140607,2015-12-15,Star Wars: The Force Awakens,en,9.8179,7.248,20590
2410,13933,2005-06-21,One Man Band,en,1.0947,7.248,606
2411,11072,1974-02-07,Blazing Saddles,en,3.8063,7.247,2090
2412,3121,1975-06-11,Nashville,en,1.9304,7.248,461
2413,3080,1935-08-29,Top Hat,en,1.6109,7.248,330
2414,72478,2011-03-04,Suicide Room,pl,1.886,7.2,485
2415,69735,2011-09-27,Batman: Year One,en,2.1893,7.247,1052
2416,8844,1995-12-15,Jumanji,en,3.1048,7.247,11354
2417,392982,2017-10-13,Marshall,en,2.1081,7.246,681
2418,45958,2010-10-20,Biutiful,es,1.9191,7.246,1216
2419,19067,1977-08-31,The Duellists,en,1.6808,7.246,635
2420,10722,1995-10-20,The Day of the Beast,es,1.2403,7.246,616
2421,710356,2020-10-16,2 Hearts,en,5.0404,7.2,649
2422,365045,2015-12-10,Heidi,de,12.751,7.245,437
2423,57447,1976-08-20,The House with Laughing Windows,it,0.9578,7.245,392
2424,1220564,2025-07-23,The Secret Agent,pt,6.7714,7.242,724
2425,449406,2021-07-30,Vivo,en,3.0718,7.2,769
2426,10360,2008-05-15,Hunger,en,2.3143,7.2,1219
2427,1538,2004-08-04,Collateral,en,5.8002,7.244,6294
2428,830,1956-03-23,Forbidden Planet,en,3.2488,7.244,1068
2429,170,2002-10-31,28 Days Later,en,10.201,7.244,8558
2430,465136,2018-02-22,Every Day,en,2.6428,7.243,2302
2431,152780,2013-05-17,The Past,fr,1.2152,7.243,623
2432,36940,2010-01-15,The First Beautiful Thing,it,1.4873,7.2,523
2433,26405,1971-07-21,Wake in Fright,en,1.597,7.243,337
2434,11020,1975-09-02,Picnic at Hanging Rock,en,2.0869,7.243,886
2435,9652,1975-02-28,The Passenger,it,1.2421,7.2,544
2436,6619,1971-03-05,Death in Venice,it,1.9367,7.243,544
2437,211387,2013-10-04,Marvel One-Shot: Agent Carter,en,1.9122,7.242,877
2438,19673,1984-05-13,Sexmission,pl,2.3986,7.242,334
2439,4107,2002-01-25,Bloody Sunday,en,1.3468,7.242,353
2440,346364,2017-09-06,It,en,10.7513,7.241,20383
2441,296098,2015-10-15,Bridge of Spies,en,6.0549,7.241,7293
2442,271674,2015-03-12,Suite Française,en,2.5701,7.2,1151
2443,51497,2011-04-20,Fast Five,en,1.5723,7.241,8886
2444,21733,1988-02-11,Dragons Forever,cn,3.7527,7.24,306
2445,13446,1987-06-19,Withnail & I,en,1.6975,7.241,629
2446,2014,2007-09-27,The Edge of Heaven,de,0.8314,7.2,359
2447,113082,2012-02-04,Berserk: The Golden Age Arc I - The Egg of the King,ja,3.1932,7.2,546
2448,9400,1996-11-06,Set It Off,en,2.7007,7.24,401
2449,251,1990-07-13,Ghost,en,8.673,7.24,6058
2450,11578,1953-06-05,The Return of Don Camillo,fr,0.48,7.2,308
2451,403,1989-12-13,Driving Miss Daisy,en,3.9457,7.238,1793
2452,417678,2017-05-18,"Everything, Everything",en,2.2996,7.238,3752
2453,360606,2016-06-24,Adventures in Babysitting,en,2.9426,7.2,443
2454,250480,1977-03-11,The Many Adventures of Winnie the Pooh,en,3.8187,7.2,1170
2455,19597,2009-07-01,The Hedgehog,fr,1.4824,7.238,421
2456,11035,1972-03-16,Roma,it,1.0958,7.238,361
2457,446893,2020-03-11,Trolls World Tour,en,6.865,7.237,2278
2458,399055,2017-12-01,The Shape of Water,en,6.9703,7.237,12888
2459,256962,2015-04-23,Little Boy,en,2.1378,7.237,565
2460,121875,2012-09-26,In the House,fr,4.4518,7.2,915
2461,246,2003-09-06,Zatoichi,ja,7.5375,7.236,969
2462,21641,2009-03-27,The Damned United,en,1.3842,7.235,698
2463,9701,2005-02-12,North Country,en,2.8871,7.235,746
2464,949423,2022-09-16,Pearl,en,7.6368,7.2,2606
2465,807196,2021-07-05,Boiling Point,en,2.227,7.234,769
2466,454639,2026-06-03,Masters of the Universe,en,111.4584,7.207,307
2467,302429,2015-01-23,Strange Magic,en,3.073,7.2,567
2468,70670,2011-08-26,Headhunters,no,2.6903,7.234,1377
2469,10938,1996-06-21,Beautiful Thing,en,1.5498,7.234,351
2470,8424,2003-09-17,Love Me If You Dare,fr,1.5679,7.234,1881
2471,1850,1999-12-22,Man on the Moon,en,3.7868,7.234,1994
2472,998022,2023-05-04,The Teachers' Lounge,de,1.8681,7.233,724
2473,198277,2014-06-27,Begin Again,en,3.8286,7.233,4012
2474,8329,2007-11-23,[REC],es,7.777,7.233,4890
2475,850,1983-11-18,A Christmas Story,en,2.1204,7.233,1429
2476,268,1989-06-21,Batman,en,14.271,7.233,8604
2477,811634,2021-04-02,The Monkey King: Reborn,zh,2.3504,7.2,341
2478,315011,2016-07-29,Shin Godzilla,ja,6.4014,7.232,1580
2479,112949,2013-02-07,Safe Haven,en,3.5421,7.232,2431
2480,25205,2009-11-04,The Concert,fr,1.5326,7.232,529
2481,24748,1963-05-24,Hud,en,2.2856,7.232,358
2482,5825,1989-11-30,National Lampoon's Christmas Vacation,en,4.3292,7.2,2717
2483,317557,2016-09-23,Queen of Katwe,en,1.9718,7.231,467
2484,257211,2015-09-23,The Intern,en,8.4558,7.231,7355
2485,453395,2022-05-04,Doctor Strange in the Multiverse of Madness,en,16.692,7.23,10401
2486,353577,2023-09-15,Love at First Sight,en,2.5607,7.23,699
2487,330457,2019-11-20,Frozen II,en,17.8427,7.23,10313
2488,35690,2010-03-31,The Last Song,en,2.5882,7.2,3397
2489,10243,1965-12-15,The Flight of the Phoenix,en,2.0854,7.23,372
2490,5176,2007-09-06,3:10 to Yuma,en,4.5191,7.231,4039
2491,3019,1931-12-24,Dr. Jekyll and Mr. Hyde,en,1.9917,7.2,324
2492,336845,2015-05-02,Cleveland Abduction,en,2.018,7.2,430
2493,72570,2012-02-05,The Vow,en,5.3377,7.2,4263
2494,12159,1998-10-02,What Dreams May Come,en,4.9483,7.229,2535
2495,1725,1961-12-13,West Side Story,en,3.1753,7.229,2046
2496,1621,1983-06-07,Trading Places,en,11.2392,7.229,3680
2497,321528,2015-04-03,Batman vs. Robin,en,2.2894,7.228,994
2498,20367,1945-11-30,Detour,en,1.3153,7.228,414
2499,15152,2006-04-19,"OSS 117: Cairo, Nest of Spies",fr,1.5282,7.228,1856
2500,12622,1989-08-12,Violent Cop,ja,1.9799,7.228,413
2501,6537,2007-05-20,The Orphanage,es,4.7629,7.228,3131
2502,413279,2016-08-28,Team Thor,en,1.6242,7.227,580
2503,374205,2016-07-23,One Piece Film: GOLD,ja,4.2062,7.227,538
2504,18947,2009-04-01,The Boat That Rocked,en,2.4226,7.227,2302
2505,15906,2005-10-04,Barbie and the Magic of Pegasus,en,2.6403,7.2,775
2506,10198,2009-12-08,The Princess and the Frog,en,12.7901,7.227,6145
2507,10086,1992-08-20,Man Bites Dog,fr,1.2977,7.227,1008
2508,844,2004-09-29,2046,zh,2.8157,7.2,1081
2509,863873,2024-11-28,Caddo Lake,en,5.6164,7.226,512
2510,129112,2012-12-06,Wadjda,ar,1.8387,7.226,512
2511,10625,2004-04-30,Mean Girls,en,11.0813,7.226,9491
2512,10178,1954-06-24,The Caine Mutiny,en,3.0991,7.226,368
2513,283591,2017-03-23,The Secret Scripture,en,1.4159,7.2,325
2514,116745,2013-12-18,The Secret Life of Walter Mitty,en,8.1041,7.225,8298
2515,50848,2010-11-24,The Names of Love,fr,0.6631,7.225,333
2516,10795,2006-11-01,Tell No One,fr,1.8567,7.225,1522
2517,4415,1998-05-01,Les Misérables,en,2.8596,7.225,682
2518,1885,1984-06-22,The Karate Kid,en,7.3482,7.2,4735
2519,899112,2022-11-30,Violent Night,en,3.1342,7.2,2565
2520,846214,2021-07-07,"The Good, the Bart, and the Loki",en,1.3026,7.224,693
2521,614930,2023-07-31,Teenage Mutant Ninja Turtles: Mutant Mayhem,en,5.6368,7.224,1601
2522,497582,2020-09-23,Enola Holmes,en,8.5015,7.223,6587
2523,432616,2017-12-20,Promise at Dawn,fr,0.921,7.224,510
2524,204436,2014-01-29,Jack and the Cuckoo-Clock Heart,fr,2.391,7.224,762
2525,177677,2015-07-28,Mission: Impossible - Rogue Nation,en,11.7258,7.224,9743
2526,28966,1927-08-12,Wings,en,1.5902,7.2,328
2527,23168,2010-09-15,The Town,en,7.4778,7.224,5673
2528,9078,1963-12-25,The Sword in the Stone,en,4.9405,7.224,4109
2529,607,1997-07-02,Men in Black,en,11.1756,7.224,14893
2530,70160,2012-03-12,The Hunger Games,en,6.7516,7.223,23358
2531,34584,1984-04-06,The NeverEnding Story,de,4.679,7.223,4403
2532,12105,1968-07-17,Yellow Submarine,en,1.6232,7.2,554
2533,11850,1978-12-20,Invasion of the Body Snatchers,en,3.4069,7.223,1328
2534,53486,2006-10-01,The Family Friend,it,1.015,7.222,309
2535,11713,1972-03-22,Fist of Fury,zh,6.0646,7.222,1079
2536,11524,1981-03-27,Thief,en,2.9498,7.222,849
2537,10528,2009-12-23,Sherlock Holmes,en,7.4487,7.221,14813
2538,73624,2011-09-02,The Man from the Future,pt,1.0427,7.2,388
2539,16646,2002-05-22,Russian Ark,ru,1.3192,7.2,508
2540,12598,1971-08-31,Jo,fr,0.7724,7.22,339
2541,10223,1998-12-11,A Simple Plan,en,2.9595,7.22,1086
2542,9303,1996-09-13,Bound,en,6.0812,7.219,1096
2543,2355,2007-03-22,Reign Over Me,en,2.3661,7.22,1207
2544,948713,2023-04-14,The Last Kingdom: Seven Kings Must Die,en,5.1819,7.224,838
2545,393624,2019-08-30,Official Secrets,en,2.1985,7.219,1112
2546,345920,2016-12-15,Collateral Beauty,en,3.2633,7.219,5561
2547,14675,1937-10-21,The Awful Truth,en,1.5697,7.2,358
2548,13156,2003-09-19,Secondhand Lions,en,2.7107,7.219,837
2549,2055,2003-08-11,Open Range,en,3.8684,7.219,1223
2550,1151949,2024-09-10,The Shadow Strays,id,5.0455,7.218,319
2551,1071806,2023-04-04,Hunger,th,2.1643,7.218,486
2552,281338,2017-07-11,War for the Planet of the Apes,en,9.9619,7.219,9752
2553,209274,2013-10-25,Ida,pl,1.9109,7.218,1065
2554,56831,2011-02-12,The Sunset Limited,en,1.0899,7.218,516
2555,20246,1946-06-02,The Stranger,en,1.2902,7.2,640
2556,18030,1955-04-28,Kiss Me Deadly,en,1.6893,7.2,409
2557,11176,1979-06-22,The Muppet Movie,en,3.4302,7.218,700
2558,4710,1966-03-22,Masculin Féminin,fr,1.5152,7.218,425
2559,2567,2004-12-17,The Aviator,en,5.8664,7.218,5872
2560,1640,2005-05-06,Crash,en,4.2463,7.218,3899
2561,220289,2014-04-06,Coherence,en,7.2879,7.218,3442
2562,213121,2013-10-16,Toy Story of Terror!,en,0.6691,7.2,1016
2563,168259,2015-04-01,Furious 7,en,15.9218,7.217,11319
2564,55931,2003-05-09,The Animatrix,en,4.7151,7.217,1787
2565,9820,1998-07-28,The Parent Trap,en,10.6905,7.216,4550
2566,6479,2007-12-12,I Am Legend,en,12.8026,7.217,16910
2567,546121,2020-11-20,Run,en,3.8659,7.216,2902
2568,197082,2013-05-28,Venus in Fur,fr,1.0325,7.216,753
2569,9267,1971-09-28,And Now for Something Completely Different,en,1.0755,7.216,585
2570,695,1993-10-01,Short Cuts,en,2.6923,7.216,679
2571,900667,2022-08-06,One Piece Film Red,ja,5.4534,7.215,1131
2572,614696,2020-06-24,#Alive,ko,5.8997,7.214,2061
2573,42297,2010-11-23,Burlesque,en,4.631,7.215,2382
2574,11051,1988-05-28,The Last Temptation of Christ,en,2.6314,7.215,1196
2575,3543,1987-11-12,Bagdad Cafe,de,1.6499,7.215,438
2576,43920,2010-04-24,Dog Pound,en,1.8875,7.2,400
2577,19120,1965-10-22,Juliet of the Spirits,it,1.2981,7.214,338
2578,364689,2017-12-09,Ferdinand,en,7.8344,7.214,3105
2579,187022,2013-10-04,A Touch of Sin,zh,2.1203,7.213,385
2580,10139,2008-11-05,Milk,en,3.5547,7.213,2438
2581,1716,1980-09-17,The Last Metro,fr,1.9194,7.2,523
2582,1076487,2023-06-30,Warhorse One,en,3.5759,7.212,335
2583,1029575,2023-12-14,The Family Plan,en,11.3557,7.212,1901
2584,970348,2023-09-29,The Old Oak,en,1.4083,7.211,422
2585,50348,2011-03-17,The Lincoln Lawyer,en,3.4675,7.21,3664
2586,16553,2005-09-26,Little Manhattan,en,1.888,7.2,767
2587,16136,1992-01-17,Juice,en,2.045,7.2,460
2588,11287,1992-07-01,A League of Their Own,en,3.6309,7.211,1548
2589,6978,1986-05-30,Big Trouble in Little China,en,4.7004,7.211,3377
2590,167,2001-10-26,K-PAX,en,4.0892,7.211,2772
2591,475094,2018-02-02,The Captain,de,1.8653,7.2,498
2592,429200,2017-08-11,Good Time,en,7.4012,7.21,3133
2593,298582,2015-09-11,Full Out,en,1.2958,7.2,348
2594,2654,1995-02-03,In the Mouth of Madness,en,3.6944,7.209,1918
2595,504,2003-12-24,Monster,en,4.7764,7.2,2560
2596,436,2004-04-02,Maria Full of Grace,es,1.1822,7.2,429
2597,90,1984-12-05,Beverly Hills Cop,en,5.2456,7.21,4622
2598,1100099,2024-10-10,We Live in Time,en,5.2142,7.209,1294
2599,955555,2023-05-31,The Roundup: No Way Out,ko,7.7007,7.2,546
2600,33954,1966-05-04,The Hawks and the Sparrows,it,0.6479,7.203,370
2601,11832,1987-08-11,Babette's Feast,da,1.9657,7.2,443
2602,10772,1966-04-06,Django,it,2.4134,7.209,1001
2603,5590,1970-12-16,Donkey Skin,fr,2.0752,7.209,552
2604,761,1976-10-27,The Wing or the Thigh?,fr,1.0509,7.2,970
2605,623,1988-07-15,A Fish Called Wanda,en,3.1668,7.209,2439
2606,342473,2016-12-14,Ballerina,en,6.2293,7.208,1996
2607,297762,2017-05-30,Wonder Woman,en,11.5495,7.208,20947
2608,552524,2025-05-17,Lilo & Stitch,en,18.786,7.2,2180
2609,9576,1982-12-17,Tootsie,en,3.0193,7.207,1931
2610,874299,2021-11-25,South Park: Post COVID,en,0.8932,7.206,400
2611,812583,2025-11-26,Wake Up Dead Man: A Knives Out Mystery,en,10.4972,7.206,2565
2612,519035,2018-09-21,Nappily Ever After,en,1.4904,7.206,827
2613,795811,2021-04-11,Wheel of Fortune and Fantasy,ja,1.7649,7.205,359
2614,374671,2016-05-21,After the Storm,ja,1.4939,7.205,396
2615,15196,1985-12-13,Clue,en,5.0185,7.205,1966
2616,14359,2008-12-12,Doubt,en,2.8908,7.204,1926
2617,14163,2007-08-09,Chak De! India,hi,2.8271,7.202,381
2618,363676,2016-09-07,Sully,en,5.4865,7.204,7744
2619,109410,2013-04-12,42,en,3.8461,7.204,1965
2620,109410,2013-04-12,42,en,3.8461,7.204,1965
2621,11837,1978-10-14,Watership Down,en,2.031,7.2,710
2622,2024,2000-06-28,The Patriot,en,10.8739,7.204,4354
2623,348893,2016-08-01,Boyka: Undisputed IV,en,11.8079,7.203,1468
2624,306745,2015-10-02,Freeheld,en,2.0783,7.203,676
2625,13581,1945-09-09,Dead of Night,en,1.153,7.203,305
2626,5902,1977-06-15,A Bridge Too Far,en,3.902,7.2,939
2627,1878,1998-05-22,Fear and Loathing in Las Vegas,en,4.6071,7.2,5050
2628,1271,2007-03-07,300,en,10.189,7.204,14779
2629,1254,2006-09-06,"Don't Worry, I'm Fine",fr,0.7567,7.2,604
2630,778730,2021-02-26,Crazy About Her,es,0.7192,7.202,486
2631,583689,2021-03-03,Moxie,en,1.7638,7.202,865
2632,152603,2013-12-12,Only Lovers Left Alive,en,2.7488,7.202,2405
2633,11986,1986-04-09,Betty Blue,fr,12.5568,7.2,467
2634,1071585,2025-06-25,M3GAN 2.0,en,10.3895,7.199,1374
2635,421467,1984-12-15,The Return of Godzilla,ja,2.0541,7.201,334
2636,401104,2017-01-22,To the Bone,en,2.0033,7.201,3602
2637,51876,2011-03-17,Limitless,en,6.8957,7.202,11519
2638,9388,2005-09-09,Thank You for Smoking,en,2.7946,7.201,2415
2639,338189,2016-09-21,It's Only the End of the World,fr,1.233,7.2,1661
2640,38684,2011-03-11,Jane Eyre,en,3.9765,7.2,1564
2641,25846,2009-09-25,Baaria,it,3.3836,7.2,668
2642,6615,2007-10-12,Lars and the Real Girl,en,3.5521,7.2,2083
2643,1420,2005-11-16,Breakfast on Pluto,en,1.7724,7.2,437
2644,788,1993-11-24,Mrs. Doubtfire,en,6.6966,7.2,6645
2645,1002155,2024-10-23,Monsieur Aznavour,fr,0.8675,7.199,350
2646,820446,2022-04-27,Downton Abbey: A New Era,en,2.8847,7.2,617
2647,75629,2012-11-17,Evangelion: 3.0 You Can (Not) Redo,ja,3.2265,7.199,939
2648,16085,1968-09-19,Funny Girl,en,1.832,7.199,428
2649,1213,1999-12-25,The Talented Mr. Ripley,en,5.7623,7.199,4165
2650,793998,2021-11-04,Happening,fr,3.2696,7.197,513
2651,549053,2019-11-07,Last Christmas,en,2.5081,7.197,2643
2652,363579,2016-09-07,The Age of Shadows,ko,2.1501,7.197,375
2653,110398,2012-08-09,No,es,1.1806,7.197,474
2654,15359,2009-03-03,Wonder Woman,en,2.1831,7.197,623
2655,372519,2016-01-28,The Ten Commandments: The Movie,pt,1.6806,7.2,308
2656,48254,1997-09-12,Ovosodo,it,1.7501,7.196,482
2657,8619,2003-11-14,Master and Commander: The Far Side of the World,en,5.6643,7.196,3545
2658,859,1988-12-21,Dangerous Liaisons,en,4.0286,7.196,1276
2659,330483,2016-02-04,The Choice,en,3.7382,7.2,1968
2660,10925,1985-04-25,The Return of the Living Dead,en,4.33,7.195,2302
2661,348657,2018-05-22,Woman at War,is,0.9344,7.2,439
2662,69315,2007-11-12,Battlestar Galactica: Razor,en,1.6087,7.194,464
2663,10403,1992-05-08,The Player,en,3.8887,7.193,957
2664,10149,1995-06-09,Smoke,en,2.0347,7.2,531
2665,2668,1999-11-19,Sleepy Hollow,en,7.9759,7.193,7400
2666,974576,2024-10-25,Conclave,en,5.9576,7.193,3433
2667,130739,2012-11-01,A Coffee in Berlin,de,1.23,7.193,353
2668,11109,2004-10-22,Vera Drake,en,1.5238,7.2,401
2669,567646,2019-01-23,Extreme Job,ko,4.5557,7.192,354
2670,59421,2010-08-19,Bedevilled,ko,3.1454,7.192,487
2671,11577,1973-05-23,Pat Garrett & Billy the Kid,en,2.5234,7.192,466
2672,10693,1953-02-05,Peter Pan,en,7.1928,7.192,5759
2673,7350,2007-12-25,The Bucket List,en,3.7955,7.192,4122
2674,1209290,2024-07-15,Justice League: Crisis on Infinite Earths Part Three,en,3.1193,7.2,325
2675,505954,2018-12-27,T-34,ru,2.2853,7.191,946
2676,245168,2015-10-16,Suffragette,en,2.303,7.191,1677
2677,78480,2011-09-10,Monsieur Lazhar,fr,1.0845,7.2,354
2678,13459,2008-11-03,Barbie in 'A Christmas Carol',en,1.7206,7.191,587
2679,3084,1939-04-07,Wuthering Heights,en,4.7458,7.2,322
2680,10452,1994-05-13,Queen Margot,fr,2.5464,7.19,424
2681,1672,1981-10-21,The Professional,fr,3.1974,7.2,591
2682,959604,2024-10-16,Beating Hearts,fr,2.7406,7.189,1028
2683,198663,2014-09-10,The Maze Runner,en,19.6061,7.189,18165
2684,10860,1989-11-15,Steel Magnolias,en,3.6735,7.2,730
2685,446696,2018-09-21,Life Itself,en,3.3927,7.193,628
2686,355338,2015-11-03,Riley's First Date?,en,2.1335,7.188,1108
2687,82825,2012-03-08,Kahaani,hi,1.1125,7.188,348
2688,10886,2006-10-09,The Unknown Woman,it,1.8059,7.188,373
2689,2832,2003-04-25,Identity,en,12.0575,7.188,4391
2690,12717,1990-10-26,My Mother's Castle,fr,0.8498,7.187,300
2691,8963,1995-05-12,Crimson Tide,en,6.1339,7.187,2000
2692,39105,1993-07-10,Dragon Ball Z: Bojack Unbound,ja,3.8589,7.186,633
2693,12092,1951-08-09,Alice in Wonderland,en,9.0873,7.186,6292
2694,2280,1988-06-03,Big,en,4.8878,7.186,4053
2695,227,1983-03-25,The Outsiders,en,5.991,7.186,1564
2696,560050,2020-10-16,Over the Moon,en,2.8475,7.186,1404
2697,9013,1988-07-20,Midnight Run,en,3.2004,7.185,1285
2698,1818,1960-11-25,Shoot the Piano Player,fr,1.542,7.185,440
2699,931102,2023-04-07,Ride On,zh,4.2862,7.184,419
2700,612368,2019-09-25,In the Name of the Land,fr,0.5146,7.2,321
2701,287495,2014-11-06,Labyrinth of Lies,de,1.1682,7.2,602
2702,86829,2013-10-18,Inside Llewyn Davis,en,2.993,7.184,2940
2703,28043,1963-08-17,Black Sabbath,it,1.542,7.182,484
2704,407655,2016-08-02,A Cinderella Story: If the Shoe Fits,en,2.2411,7.182,868
2705,23637,1992-10-09,"Ciao, Professore!",it,0.6507,7.182,401
2706,19625,2003-12-19,Munna Bhai M.B.B.S.,hi,3.1489,7.176,367
2707,40807,2011-09-30,50/50,en,3.5796,7.181,4116
2708,22954,2009-12-11,Invictus,en,3.6901,7.181,4360
2709,14807,1980-11-01,The Long Good Friday,en,3.0193,7.181,429
2710,14306,2008-12-25,Marley & Me,en,4.5353,7.18,4807
2711,13885,2007-12-21,Sweeney Todd: The Demon Barber of Fleet Street,en,5.7102,7.18,6368
2712,11773,1960-06-16,Village of the Damned,en,1.9085,7.181,500
2713,591274,2021-07-08,Fear Street: 1978,en,3.5212,7.18,2245
2714,12554,1995-02-25,Citizen X,en,2.1699,7.18,391
2715,10830,1996-08-02,Matilda,en,9.7586,7.179,4828
2716,9071,1995-07-21,Living in Oblivion,en,1.367,7.18,327
2717,1278,2003-10-10,The Dreamers,en,9.8333,7.2,3101
2718,979,2002-05-22,Irreversible,fr,36.9138,7.18,3324
2719,837881,2022-11-17,She Said,en,2.4516,7.179,719
2720,593643,2022-11-17,The Menu,en,8.7731,7.179,6293
2721,168,1986-11-26,Star Trek IV: The Voyage Home,en,4.1153,7.2,1662
2722,651881,2020-10-21,Bye Bye Morons,fr,1.4459,7.178,956
2723,632617,2021-11-19,C'mon C'mon,en,1.6375,7.178,772
2724,403300,2019-08-27,A Hidden Life,en,1.8122,7.178,785
2725,129533,2012-09-13,Barbie: The Princess & the Popstar,en,2.5803,7.178,642
2726,2576,1959-03-18,The Diary of Anne Frank,en,1.9815,7.2,374
2727,1014590,2024-02-07,Upgraded,en,6.3105,7.177,1021
2728,499932,2020-09-11,The Devil All the Time,en,3.3813,7.177,3674
2729,6023,2007-11-15,P.S. I Love You,en,3.6083,7.177,3495
2730,425373,2018-04-13,The Miracle Season,en,1.6199,7.176,339
2731,44826,2011-11-22,Hugo,en,4.931,7.176,7686
2732,13368,1954-10-14,White Christmas,en,2.3225,7.176,579
2733,652,2004-05-13,Troy,en,17.0182,7.176,11107
2734,912908,2023-08-17,Strays,en,3.8748,7.175,1018
2735,12230,1961-01-25,One Hundred and One Dalmatians,en,6.0922,7.2,6681
2736,2100,2001-10-19,The Last Castle,en,3.654,7.175,1435
2737,994,1971-11-25,Straw Dogs,en,2.8892,7.175,1066
2738,561,2005-02-08,Constantine,en,18.2441,7.176,8220
2739,577922,2020-08-22,Tenet,en,10.0081,7.175,11156
2740,10518,1976-10-08,Marathon Man,en,2.5142,7.174,1227
2741,15067,2008-07-16,"The Good, the Bad, the Weird",ko,3.0373,7.173,819
2742,502425,2020-03-06,Escape from Pretoria,en,4.0328,7.172,1496
2743,373226,2019-01-11,Belzebuth,es,1.3358,7.168,374
2744,11165,1970-01-26,Tora! Tora! Tora!,en,3.3271,7.172,603
2745,2153,1978-06-08,The Driver,en,3.2771,7.172,514
2746,370964,2015-12-03,I Am Dragon,ru,2.7717,7.2,415
2747,72113,2011-09-16,Carnage,en,1.7931,7.171,3154
2748,50723,2010-07-31,Naruto Shippuden the Movie: The Lost Tower,ja,3.9876,7.171,510
2749,11770,2001-07-05,Shaolin Soccer,cn,15.1959,7.171,2548
2750,1164,2006-10-26,Babel,en,5.0075,7.171,4089
2751,1246049,2025-07-30,Dracula,fr,39.251,7.172,1291
2752,474395,2018-07-27,Teen Titans Go! To the Movies,en,3.3235,7.17,1179
2753,21519,1983-12-22,Project A,cn,4.3685,7.184,553
2754,15283,1994-07-16,Pom Poko,ja,3.8276,7.2,1210
2755,1594,1964-06-23,A Shot in the Dark,en,2.4305,7.17,654
2756,647,2005-07-14,Final Fantasy VII: Advent Children,ja,2.9094,7.17,1258
2757,788734,2022-09-30,Sick of Myself,no,1.3806,7.169,413
2758,667538,2023-06-06,Transformers: Rise of the Beasts,en,12.0015,7.168,5300
2759,555285,2023-03-29,"Are You There God? It's Me, Margaret.",en,2.9257,7.169,513
2760,77877,2012-04-19,The Lucky One,en,4.147,7.169,3833
2761,49047,2013-10-03,Gravity,en,6.3993,7.169,16389
2762,18240,2009-06-02,The Proposal,en,16.0898,7.169,7573
2763,1062807,2023-12-22,SPY x FAMILY CODE: White,ja,4.3201,7.2,650
2764,581734,2021-01-29,Nomadland,en,3.5479,7.168,3373
2765,575265,2025-05-17,Mission: Impossible - The Final Reckoning,en,28.3549,7.17,2885
2766,294016,2015-10-27,Trumbo,en,1.9518,7.168,1694
2767,244403,2014-10-17,Rudderless,en,1.7359,7.2,339
2768,978,1997-09-12,Seven Years in Tibet,en,4.8901,7.2,3134
2769,497698,2021-07-07,Black Widow,en,12.1602,7.2,11282
2770,473033,2019-08-30,Uncut Gems,en,6.4781,7.166,5407
2771,1924,1978-12-14,Superman,en,8.9246,7.167,4297
2772,628704,2021-06-30,Midnight,ko,4.9689,7.2,316
2773,59,2005-09-23,A History of Violence,en,11.6929,7.165,3748
2774,951491,2023-09-27,Saw X,en,7.0073,7.163,2385
2775,583903,2019-09-04,Our Friend,en,1.8459,7.164,362
2776,319888,2016-02-25,Eddie the Eagle,en,2.9573,7.164,2300
2777,8879,1985-06-28,Pale Rider,en,3.8851,7.164,1210
2778,4518,1998-09-13,Elizabeth,en,3.4635,7.16,1505
2779,138,1931-02-12,Dracula,en,3.4603,7.164,1382
2780,657644,2021-12-16,Minnal Murali,ml,1.7334,7.163,340
2781,18320,2009-03-04,The Young Victoria,en,1.7745,7.163,1066
2782,14375,2005-09-30,Romanzo Criminale,it,0.8744,7.2,692
2783,11533,1963-06-13,Jason and the Argonauts,en,2.7662,7.163,692
2784,10673,1987-12-10,Wall Street,en,4.1468,7.163,2265
2785,420622,2017-10-13,Professor Marston and the Wonder Women,en,2.5858,7.162,932
2786,45162,2010-09-28,Superman/Batman: Apocalypse,en,2.2555,7.162,776
2787,609,1982-06-04,Poltergeist,en,4.8501,7.162,3348
2788,276,2004-10-25,The Edukators,de,0.8151,7.162,385
2789,945961,2024-08-13,Alien: Romulus,en,15.0605,7.2,4596
2790,736732,2022-06-08,Broker,ko,2.6692,7.161,552
2791,515916,2018-09-18,Girl,nl,20.7674,7.161,764
2792,512895,2019-11-12,Lady and the Tramp,en,3.3697,7.161,1641
2793,479226,2018-10-04,The Purity of Vengeance,da,1.9062,7.161,550
2794,454983,2018-05-11,The Kissing Booth,en,6.6557,7.161,7466
2795,404368,2018-11-20,Ralph Breaks the Internet,en,8.3525,7.161,8124
2796,19236,1989-11-24,Santa Sangre,en,2.0707,7.2,503
2797,5236,2005-09-14,Kiss Kiss Bang Bang,en,3.3993,7.161,3028
2798,1312157,2025-02-20,Somebody to Love,it,1.2429,7.2,564
2799,500006,2018-03-09,Utøya: July 22,no,1.9742,7.16,447
2800,459003,2023-03-02,Mavka: The Forest Song,uk,4.1138,7.2,850
2801,353326,2016-04-08,The Man Who Knew Infinity,en,3.8726,7.16,1582
2802,29005,1971-07-08,McCabe & Mrs. Miller,en,1.6329,7.16,449
2803,11093,2003-12-19,House of Sand and Fog,en,1.7395,7.16,854
2804,10142,1989-08-18,Casualties of War,en,2.6484,7.16,1015
2805,585245,2021-11-10,Clifford the Big Red Dog,en,4.1475,7.159,1835
2806,539681,2022-07-27,DC League of Super-Pets,en,5.4005,7.159,1736
2807,539617,2020-03-13,Big Time Adolescence,en,1.3178,7.159,374
2808,537056,2019-07-19,Batman: Hush,en,3.0677,7.159,964
2809,277217,2015-07-31,Descendants,en,7.9093,7.159,2514
2810,97365,2012-05-17,Rust and Bone,fr,1.6137,7.159,1463
2811,33511,2009-12-25,Nowhere Boy,en,1.8196,7.159,864
2812,11330,2005-08-22,Pusher III,da,2.7221,7.159,431
2813,11328,2004-12-25,Pusher II,da,2.7262,7.159,527
2814,1888,1966-10-19,The Fortune Cookie,en,1.1534,7.2,348
2815,606,1985-12-20,Out of Africa,en,4.2367,7.159,1542
2816,571785,2020-02-22,Time to Hunt,ko,1.6532,7.2,346
2817,329819,2015-05-13,Standing Tall,fr,0.8464,7.2,489
2818,96714,2012-04-13,Diaz - Don't Clean Up This Blood,it,0.5842,7.158,436
2819,26842,1976-03-09,The Message,en,2.0064,7.158,400
2820,10948,1981-07-10,The Fox and the Hound,en,4.9214,7.158,3511
2821,9441,1998-12-25,Stepmom,en,3.8241,7.158,1547
2822,527435,2018-11-22,The Christmas Chronicles,en,2.5726,7.157,2396
2823,504949,2019-10-11,The King,en,4.7479,7.2,3578
2824,88284,2012-03-08,Barbara,de,1.2779,7.157,362
2825,11044,1993-01-06,Arizona Dream,en,2.0351,7.157,769
2826,6037,1976-06-23,Murder by Death,en,1.9101,7.157,899
2827,1016084,2023-02-13,BlackBerry,en,4.9175,7.2,902
2828,62215,2011-05-26,Melancholia,en,3.3169,7.156,3838
2829,10986,1980-12-20,The Taming of the Scoundrel,it,1.8031,7.2,508
2830,1637,1994-06-09,Speed,en,11.9249,7.156,6873
2831,1040148,2023-06-28,"Ruby Gillman, Teenage Kraken",en,6.4064,7.155,1111
2832,520736,2018-05-10,Loro 2,it,0.801,7.2,391
2833,10511,2003-09-22,In America,en,2.1502,7.155,388
2834,8088,2009-03-18,Broken Embraces,es,1.4692,7.148,717
2835,1089,1991-07-12,Point Break,en,8.0933,7.155,4008
2836,558144,2017-03-03,Deadpool: No Good Deed,en,1.2308,7.154,550
2837,396371,2017-12-07,Molly's Game,en,5.0197,7.154,4036
2838,82693,2012-11-16,Silver Linings Playbook,en,6.4719,7.154,12676
2839,16436,2008-10-23,North Face,de,1.3317,7.154,309
2840,376660,2016-11-18,The Edge of Seventeen,en,3.9232,7.153,4268
2841,340270,2017-02-17,The Healer,en,2.0865,7.142,529
2842,89636,2010-11-11,Dragon Ball Z: Plan to Eradicate the Super Saiyans,ja,2.2013,7.153,313
2843,11636,2004-09-23,New Police Story,cn,4.6282,7.151,830
2844,11489,1999-09-29,Rosetta,fr,1.0765,7.153,340
2845,9316,2003-01-31,Ong-Bak,th,6.4932,7.153,1905
2846,469,1984-10-01,Stranger Than Paradise,en,1.188,7.2,607
2847,475215,2018-07-20,Mirai,ja,2.4579,7.152,861
2848,430447,2017-07-08,Mary and The Witch's Flower,ja,3.3082,7.152,914
2849,9802,1996-06-07,The Rock,en,12.7693,7.152,5220
2850,2771,2003-08-15,American Splendor,en,1.1414,7.152,539
2851,613504,2020-09-02,After We Collided,en,8.7866,7.2,5467
2852,581997,2019-03-31,Batman vs Teenage Mutant Ninja Turtles,en,3.1703,7.151,556
2853,489925,2018-01-19,Eighth Grade,en,2.9238,7.2,1672
2854,9606,2001-05-26,Metropolis,ja,2.786,7.151,562
2855,324560,2016-03-12,Brimstone,en,3.3774,7.15,1278
2856,285733,2014-08-30,Barbie and the Secret Door,en,1.319,7.15,436
2857,12144,1988-11-18,The Land Before Time,en,4.3185,7.2,2757
2858,552,2000-03-03,Bread and Tulips,it,1.6237,7.2,309
2859,4538,2007-09-07,The Darjeeling Limited,en,3.3457,7.149,3984
2860,4176,1974-11-22,Murder on the Orient Express,en,4.2493,7.149,1583
2861,642885,2022-09-27,Hocus Pocus 2,en,3.84,7.148,1831
2862,530385,2019-07-03,Midsommar,en,14.0006,7.148,8134
2863,14903,1997-08-05,Pooh's Grand Adventure: The Search for Christopher Robin,en,2.0193,7.1,393
2864,12762,1984-01-27,Broadway Danny Rose,en,1.178,7.148,494
2865,645757,2024-11-27,That Christmas,en,3.4176,7.1,434
2866,310307,2016-11-24,The Founder,en,6.4287,7.147,5413
2867,11639,1982-12-17,The Dark Crystal,en,3.1381,7.149,1263
2868,3111,1954-10-01,A Star Is Born,en,1.5795,7.1,330
2869,551,1972-12-01,The Poseidon Adventure,en,4.7667,7.147,1017
2870,1456349,2025-10-01,It Was Just an Accident,fr,4.1211,7.146,587
2871,509364,2019-02-20,By the Grace of God,fr,1.4997,7.146,588
2872,461615,2018-05-23,MFKZ,fr,1.4403,7.146,353
2873,10634,1995-04-26,Friday,en,7.0835,7.1,2033
2874,8438,1995-01-20,Murder in the First,en,2.1159,7.146,615
2875,916,1968-10-17,Bullitt,en,3.3656,7.146,1299
2876,1222248,2024-10-30,Number 24,no,2.1043,7.1,368
2877,406990,2017-08-18,What Happened to Monday,en,5.4032,7.145,6456
2878,58574,2011-11-22,Sherlock Holmes: A Game of Shadows,en,6.104,7.145,10966
2879,16559,1945-03-03,The Picture of Dorian Gray,en,2.1021,7.145,301
2880,13012,2008-07-17,Felon,en,2.3758,7.145,990
2881,10476,2005-07-22,Hustle & Flow,en,3.1482,7.145,449
2882,4192,1978-09-29,Death on the Nile,en,3.6196,7.146,909
2883,501170,2019-10-30,Doctor Sleep,en,5.249,7.145,4903
2884,329805,2015-10-21,My King,fr,1.2842,7.144,809
2885,56825,1988-12-21,Compagni di scuola,it,0.717,7.144,402
2886,37767,1980-01-19,Fun Is Beautiful,it,0.6125,7.144,418
2887,22527,1956-12-22,The Wrong Man,en,1.3671,7.1,613
2888,9741,2000-11-22,Unbreakable,en,5.5458,7.144,9959
2889,5916,1972-12-13,The Getaway,en,3.2316,7.142,665
2890,1857,1986-08-08,The Transformers: The Movie,en,3.5414,7.144,601
2891,409,1996-11-14,The English Patient,en,4.186,7.144,2401
2892,65,2002-11-08,8 Mile,en,7.1419,7.145,7851
2893,1008042,2023-07-26,Talk to Me,en,9.6296,7.142,3776
2894,20345,1970-02-27,The Bird with the Crystal Plumage,it,1.6096,7.139,835
2895,10876,2000-11-22,Quills,en,2.5385,7.143,725
2896,927,1984-06-08,Gremlins,en,6.9049,7.143,7008
2897,744857,2023-10-05,When Evil Lurks,es,4.7539,7.142,1479
2898,254172,2015-10-01,Fathers and Daughters,en,2.7464,7.142,1044
2899,3549,2006-02-24,After the Wedding,da,1.117,7.142,486
2900,82881,2012-01-13,Tangled Ever After,en,5.1774,7.141,1117
2901,8697,1998-01-17,Who Am I?,cn,5.3981,7.141,1003
2902,985939,2022-08-11,Fall,en,14.4953,7.14,4651
2903,44716,2010-08-26,In a Better World,da,0.8498,7.14,460
2904,147773,2013-06-06,The Way Way Back,en,3.3572,7.139,1948
2905,21521,1987-07-25,Project A Part II,cn,3.3129,7.1,339
2906,535544,2019-09-12,Downton Abbey,en,3.6528,7.138,1266
2907,351339,2016-08-12,Anthropoid,en,3.2625,7.14,1158
2908,302946,2016-10-13,The Accountant,en,7.3142,7.138,7391
2909,12914,2008-07-29,Stargate: Continuum,en,1.8007,7.138,595
2910,4952,1959-10-07,Pillow Talk,en,2.698,7.138,320
2911,411,2005-12-07,"The Chronicles of Narnia: The Lion, the Witch and the Wardrobe",en,20.1785,7.138,11535
2912,616251,2020-09-11,The Broken Hearts Gallery,en,1.3039,7.137,343
2913,988,1979-03-16,The China Syndrome,en,1.767,7.137,519
2914,15400,1999-10-31,Mickey's Once Upon a Christmas,en,1.6809,7.136,718
2915,10601,2003-12-18,Peter Pan,en,5.3149,7.1,2774
2916,10590,2002-03-01,We Were Soldiers,en,4.0341,7.135,2294
2917,2760,1927-02-14,The Lodger: A Story of the London Fog,en,1.1345,7.135,334
2918,1299046,2024-12-19,Diamonds,it,1.5261,7.1,310
2919,672647,2021-02-12,The Map of Tiny Perfect Things,en,2.253,7.137,883
2920,536743,2019-11-27,Queen & Slim,en,2.5586,7.134,761
2921,17887,1967-05-25,Barefoot in the Park,en,1.6853,7.134,614
2922,612,2005-12-23,Munich,en,3.5544,7.134,3014
2923,160,1896-06-30,The Arrival of a Train at La Ciotat,fr,1.6655,7.134,538
2924,1010821,2022-08-10,Groot Takes a Bath,en,1.3066,7.133,360
2925,537996,2018-11-09,The Ballad of Buster Scruggs,en,4.443,7.1,4444
2926,290250,2016-05-15,The Nice Guys,en,7.861,7.133,8698
2927,71325,2011-07-29,With Every Heartbeat,sv,2.023,7.133,384
2928,8092,1993-04-09,This Boy's Life,en,3.0101,7.133,1091
2929,243,2000-03-17,High Fidelity,en,3.6152,7.133,2199
2930,1272837,2026-01-14,28 Years Later: The Bone Temple,en,28.9364,7.133,1328
2931,933260,2024-09-07,The Substance,en,24.0244,7.132,6096
2932,440472,2019-01-10,The Upside,en,4.6056,7.132,1405
2933,226448,2014-04-20,In Your Eyes,en,1.6779,7.1,729
2934,15370,2002-07-19,The Cat Returns,ja,5.6019,7.132,2466
2935,11485,1969-08-18,Take the Money and Run,en,1.0544,7.132,794
2936,10545,1996-06-21,The Hunchback of Notre Dame,en,7.5894,7.1,5378
2937,8470,2002-02-15,John Q,en,6.2137,7.132,2637
2938,1574,2002-12-10,Chicago,en,3.8626,7.132,2916
2939,11296,1984-12-14,Birdy,en,1.7659,7.131,573
2940,4643,2006-09-28,The Guardian,en,4.3108,7.1,1686
2941,1443,2000-04-21,The Virgin Suicides,en,4.675,7.131,3618
2942,533,2005-09-15,Wallace & Gromit: The Curse of the Were-Rabbit,en,6.3009,7.13,3101
2943,459,1957-12-18,Sissi: The Fateful Years of an Empress,de,1.6733,7.1,358
2944,197950,2014-12-03,The Connection,fr,2.4097,7.13,948
2945,11414,1958-08-14,The Defiant Ones,en,1.3995,7.1,324
2946,8982,2005-08-11,The Protector,th,4.182,7.124,942
2947,964960,2023-11-08,The Taste of Things,fr,1.9022,7.129,390
2948,524047,2020-07-29,Greenland,en,14.6849,7.128,5358
2949,20410,2000-10-03,Scooby-Doo and the Alien Invaders,en,1.4829,7.129,408
2950,11660,1999-04-02,Following,en,2.422,7.129,1862
2951,1160018,2024-07-03,Kill,hi,7.6381,7.127,501
2952,472674,2019-09-12,The Goldfinch,en,2.5371,7.1,942
2953,468198,2017-11-04,The Place,it,1.3541,7.128,1250
2954,14748,2008-07-23,Boy A,en,1.8037,7.128,502
2955,809140,2022-04-13,Father Stu,en,2.9425,7.127,739
2956,435577,2017-12-25,The 12th Man,no,2.003,7.127,614
2957,336050,2015-06-11,Son of Saul,hu,3.2621,7.1,1173
2958,19123,1981-12-09,La Chèvre,fr,1.308,7.127,714
2959,17187,2002-11-22,The Emperor's Club,en,1.7338,7.127,402
2960,11050,1983-11-20,Terms of Endearment,en,2.3609,7.127,831
2961,6396,1998-09-24,SLC Punk,en,2.3653,7.1,443
2962,411728,2019-03-07,The Professor and the Madman,en,1.6815,7.126,1290
2963,352490,2016-10-20,This Beautiful Fantastic,en,1.6638,7.1,346
2964,103332,2012-07-25,Ruby Sparks,en,2.8672,7.126,1782
2965,22302,2009-02-06,Polytechnique,fr,1.1843,7.1,698
2966,11462,1941-11-14,Suspicion,en,2.0344,7.126,897
2967,10340,1955-06-22,Lady and the Tramp,en,5.828,7.126,5660
2968,7485,2007-03-22,Shooter,en,9.9962,7.127,5487
2969,335797,2016-11-23,Sing,en,10.7557,7.1,8446
2970,23483,2010-03-26,Kick-Ass,en,7.6549,7.125,12420
2971,9846,1985-11-01,To Live and Die in L.A.,en,2.065,7.125,787
2972,635,1987-03-06,Angel Heart,en,4.4266,7.125,1740
2973,11687,1993-01-27,The Visitors,fr,2.2763,7.124,2067
2974,1072371,2023-08-10,Jules,en,1.7569,7.123,399
2975,130925,2012-09-14,Partysaurus Rex,en,7.431,7.1,519
2976,11075,2000-03-03,Audition,ja,3.3043,7.123,1782
2977,9540,1988-09-23,Dead Ringers,en,1.9713,7.123,1004
2978,9464,1998-01-20,Buffalo '66,en,3.1404,7.123,1052
2979,408,1938-01-22,Snow White and the Seven Dwarfs,en,12.1287,7.123,7995
2980,785539,2021-07-29,Resort to Love,en,1.718,7.122,434
2981,475946,2017-09-26,Blade Runner: Black Out 2022,en,2.0942,7.1,448
2982,68730,2016-12-23,Silence,en,4.4835,7.122,3327
2983,711,2000-12-21,Finding Forrester,en,4.6844,7.123,1219
2984,986280,2023-09-14,Fallen Leaves,fi,2.234,7.121,737
2985,116149,2014-11-24,Paddington,en,5.0557,7.121,4260
2986,10839,1977-01-28,Cross of Iron,en,2.5454,7.121,482
2987,2,1988-10-21,Ariel,fi,2.065,7.121,375
2988,14292,2004-02-06,Miracle,en,2.1809,7.12,677
2989,4441,2006-05-25,Candy,en,1.4132,7.1,650
2990,2117,2005-02-13,Sophie Scholl: The Final Days,de,1.3012,7.119,459
2991,1114513,2024-09-11,Speak No Evil,en,6.2588,7.118,2150
2992,12473,2008-02-21,The Visitor,en,1.4933,7.1,506
2993,1252037,2025-09-18,The Tank,de,9.6463,7.1,444
2994,595671,2020-03-13,Never Rarely Sometimes Always,en,1.1457,7.117,591
2995,272878,2015-06-25,Max,en,2.1842,7.117,938
2996,241863,2014-11-15,As the Gods Will,ja,3.6058,7.117,573
2997,22536,2009-04-30,Thirst,ko,2.9732,7.117,1094
2998,1555,2002-06-19,The Spanish Apartment,fr,1.2723,7.1,1229
2999,765245,2021-12-17,Swan Song,en,3.4311,7.116,595
3000,140212,2012-11-08,Confession of Murder,ko,1.4132,7.1,329
3001,14626,2000-05-03,Beau Travail,fr,3.0022,7.119,367
3002,9675,2004-10-22,Sideways,en,2.9853,7.116,1898
3003,506,1964-07-17,Marnie,en,2.5455,7.116,1227
3004,398173,2018-10-04,The House That Jack Built,en,4.5273,7.115,3075
3005,239563,2014-10-09,St. Vincent,en,3.5739,7.1,2064
3006,54551,2010-12-13,Banana,en,1.1921,7.1,300
3007,473,1998-07-10,Pi,en,2.2999,7.115,2502
3008,978870,2023-03-09,Last Night of Amore,it,0.6744,7.114,543
3009,754067,2021-12-15,Vicky and Her Mystery,fr,1.269,7.1,516
3010,673309,2021-12-25,American Underdog,en,1.8614,7.114,431
3011,127373,2013-05-02,What Maisie Knew,en,1.197,7.1,448
3012,56292,2011-12-07,Mission: Impossible - Ghost Protocol,en,11.9321,7.114,10804
3013,7972,2007-09-26,Before the Devil Knows You're Dead,en,2.9862,7.114,1736
3014,814340,2022-06-17,Cha Cha Real Smooth,en,2.2447,7.113,412
3015,664300,2021-03-26,Shiva Baby,en,1.8778,7.113,785
3016,212778,2014-05-08,Chef,en,4.2749,7.113,3662
3017,14533,1998-09-22,Gia,en,3.5861,7.113,835
3018,9829,2006-04-28,United 93,en,3.0205,7.1,1638
3019,1714,1966-09-07,Fahrenheit 451,en,3.1618,7.113,1078
3020,826769,2022-10-11,Rosaline,en,1.4589,7.112,336
3021,370755,2016-11-17,Paterson,en,3.0835,7.112,2066
3022,302401,2016-09-15,Snowden,en,3.3042,7.112,4676
3023,39254,2011-09-28,Real Steel,en,50.4903,7.112,9256
3024,38700,2020-01-15,Bad Boys for Life,en,7.261,7.113,8770
3025,12289,2008-07-10,Red Cliff,zh,4.0568,7.112,891
3026,10895,1940-02-23,Pinocchio,en,26.8563,7.112,6263
3027,10537,1991-03-01,The Doors,en,3.8199,7.112,1610
3028,10497,1992-09-02,Bitter Moon,en,3.7186,7.1,856
3029,9631,1998-07-29,The Negotiator,en,5.7813,7.1,2400
3030,4688,2007-09-14,Across the Universe,en,3.2771,7.1,1451
3031,71689,2011-08-05,Phineas and Ferb The Movie: Across the 2nd Dimension,en,2.9333,7.111,606
3032,25300,2003-02-08,I'm Not Scared,it,1.6405,7.111,965
3033,16563,1954-07-22,Seven Brides for Seven Brothers,en,1.9423,7.111,570
3034,15767,2004-12-04,Godzilla: Final Wars,ja,3.3033,7.1,368
3035,9769,1997-09-27,Lolita,en,13.403,7.1,1980
3036,9322,1990-02-21,Nikita,fr,2.8946,7.111,2161
3037,8079,2007-11-07,Om Shanti Om,hi,3.4616,7.111,404
3038,2323,1989-04-21,Field of Dreams,en,3.8068,7.111,1678
3039,964,1925-06-29,The Phantom of the Opera,en,1.9396,7.111,401
3040,938614,2024-03-19,Late Night with the Devil,en,4.7153,7.11,2145
3041,103758,2012-05-04,Reality,it,0.5212,7.11,346
3042,41662,1977-04-29,3 Women,en,1.8479,7.104,348
3043,567604,2018-12-11,Once Upon a Deadpool,en,4.2076,7.109,851
3044,437033,2017-09-01,Toc Toc,es,2.8015,7.109,1269
3045,1547,1987-07-31,The Lost Boys,en,5.4264,7.107,2312
3046,334517,2016-09-19,The Siege of Jadotville,en,1.7221,7.107,942
3047,30074,2003-03-04,Scooby-Doo! and the Legend of the Vampire,en,1.7635,7.107,350
3048,25431,1949-11-17,Adam's Rib,en,1.5171,7.107,336
3049,10648,1973-12-13,Magnum Force,en,4.362,7.107,1214
3050,563,1997-11-07,Starship Troopers,en,9.09,7.108,5525
3051,594530,2020-01-31,Lamp Life,en,8.8659,7.1,331
3052,537915,2019-04-11,After,en,20.0166,7.1,8531
3053,10617,1991-08-15,Once Upon a Time in China,cn,6.2768,7.108,485
3054,1152014,2024-04-18,A Little Something Extra,fr,0.9465,7.105,855
3055,336000,2017-08-11,The Glass Castle,en,2.5878,7.105,903
3056,11620,1951-11-08,Quo Vadis,en,3.7328,7.1,453
3057,1931,2007-05-16,Stomp the Yard,en,2.3121,7.105,536
3058,565179,2019-01-31,The First King,la,1.3136,7.104,1128
3059,157832,2014-04-11,Calvary,en,1.7393,7.104,1066
3060,8764,1984-06-22,Top Secret!,en,5.6856,7.104,1413
3061,279229,2014-08-14,Sapphire Blue,de,1.2324,7.1,1027
3062,59468,2010-09-10,The Way,en,3.1097,7.103,656
3063,23169,2010-03-11,Remember Me,en,3.2997,7.103,3739
3064,18861,2006-08-05,Naruto the Movie: Guardians of the Crescent Moon Kingdom,ja,6.595,7.103,487
3065,12545,1973-08-15,Jesus Christ Superstar,en,2.7849,7.103,619
3066,11575,1965-07-01,The Great Race,en,2.5875,7.103,372
3067,8051,2002-10-11,Punch-Drunk Love,en,4.1425,7.103,2769
3068,3073,1948-06-01,Bud Abbott and Lou Costello Meet Frankenstein,en,1.5374,7.103,350
3069,467909,2021-06-10,In the Heights,en,2.4252,7.105,795
3070,120475,2011-12-17,Dragon Ball: Episode of Bardock,ja,2.9242,7.101,449
3071,13701,1994-12-16,Immortal Beloved,en,2.002,7.1,374
3072,1581,2006-12-05,The Holiday,en,7.3092,7.101,5656
3073,12877,2004-09-29,Dead Man's Shoes,en,1.452,7.1,607
3074,11942,1974-08-01,Bring Me the Head of Alfredo Garcia,en,1.6701,7.1,422
3075,11153,1983-07-29,National Lampoon's Vacation,en,7.1664,7.1,1740
3076,2383,1988-10-21,The Bear,fr,2.2967,7.1,525
3077,522162,2019-11-06,Midway,en,5.6701,7.1,2729
3078,508,2003-09-07,Love Actually,en,5.6292,7.099,7411
3079,817758,2022-10-07,TÁR,en,3.1569,7.098,1533
3080,606952,2019-12-19,The Goddess of Fortune,it,1.0627,7.1,521
3081,403431,2017-07-27,Brigsby Bear,en,1.8199,7.098,418
3082,371638,2017-03-12,The Disaster Artist,en,3.1177,7.098,3770
3083,10705,1989-10-05,Henry V,en,1.9241,7.098,412
3084,327,2000-12-13,Brother,ja,2.858,7.098,532
3085,547016,2020-07-09,The Old Guard,en,4.8108,7.097,4844
3086,68722,2012-09-14,The Master,en,5.3101,7.097,3323
3087,48034,2010-10-20,Little White Lies,fr,1.1324,7.1,1633
3088,24804,2009-10-16,Black Dynamite,en,1.5494,7.097,708
3089,15588,2009-04-15,OSS 117: Lost in Rio,fr,1.4065,7.097,1530
3090,4552,2003-06-13,A Tale of Two Sisters,ko,5.1323,7.097,1349
3091,420818,2019-07-12,The Lion King,en,13.8563,7.096,10769
3092,259954,2014-04-19,5 to 7,en,2.0359,7.096,413
3093,36955,1994-07-15,True Lies,en,6.3385,7.096,4602
3094,30675,2010-02-02,Planet Hulk,en,2.6229,7.096,552
3095,13001,2008-03-11,Stargate: The Ark of Truth,en,2.7826,7.096,578
3096,4043,1987-02-07,Law of Desire,es,1.7948,7.1,332
3097,1900,2000-12-27,Traffic,en,4.0087,7.096,2433
3098,774752,2022-11-24,The Guardians of the Galaxy Holiday Special,en,4.2444,7.095,2374
3099,749004,2021-06-02,Petite Maman,fr,1.2097,7.095,461
3100,487242,2018-03-23,Suicide Squad: Hell to Pay,en,2.6179,7.095,720
3101,22383,1966-11-01,The Professionals,en,2.3702,7.1,343
3102,14072,2008-12-11,Rab Ne Bana Di Jodi,hi,2.86,7.098,322
3103,13192,1988-10-29,Moonwalker,en,5.8492,7.1,663
3104,10564,2000-04-27,Where the Heart Is,en,3.4769,7.1,752
3105,1259,2006-12-25,Notes on a Scandal,en,3.1092,7.095,988
3106,573,1972-05-25,Frenzy,en,2.1927,7.095,1022
3107,31602,1966-02-18,The Chase,en,2.5772,7.094,326
3108,24615,2005-02-08,Aloha Scooby-Doo!,en,1.7568,7.1,459
3109,16520,1956-06-29,The King and I,en,2.048,7.094,405
3110,10141,1988-12-14,Dirty Rotten Scoundrels,en,2.1031,7.094,1048
3111,2007,1992-12-30,Lorenzo's Oil,en,2.1928,7.094,571
3112,291270,2015-12-30,Anomalisa,en,1.9443,7.093,1841
3113,206563,2014-10-09,Trash,en,2.043,7.093,669
3114,51241,2010-06-11,Heartbeats,fr,1.6859,7.093,1056
3115,11222,1977-06-24,The American Friend,de,1.4926,7.1,441
3116,4972,2003-03-08,The Green Butchers,da,1.2745,7.093,343
3117,258,1970-09-09,Bed and Board,fr,3.0504,7.1,308
3118,912480,2023-08-11,Red Rooms,fr,2.5152,7.1,495
3119,16161,2001-06-27,Baby Boy,en,3.5908,7.1,357
3120,9787,2005-06-03,Lords of Dogtown,en,2.8568,7.092,815
3121,9281,1985-02-08,Witness,en,3.3836,7.092,1898
3122,1374,1985-11-21,Rocky IV,en,6.507,7.092,4836
3123,428836,2019-06-28,Ophelia,en,1.4701,7.091,607
3124,323027,2015-06-18,Justice League: Gods and Monsters,en,2.2254,7.091,616
3125,22855,2009-09-29,Superman/Batman: Public Enemies,en,2.206,7.091,724
3126,17443,1979-10-19,...And Justice for All,en,2.6428,7.1,591
3127,12613,1994-08-06,Street Fighter II: The Animated Movie,ja,2.7735,7.091,318
3128,11382,1994-10-14,Bullets Over Broadway,en,1.6549,7.091,673
3129,1715,1999-12-17,The Cider House Rules,en,3.9381,7.091,1295
3130,585077,2019-06-07,Children of the Sea,ja,2.0112,7.09,344
3131,44115,2010-11-12,127 Hours,en,7.7862,7.09,8121
3132,21614,2000-03-31,Hera Pheri,hi,2.6116,7.09,310
3133,11447,2001-03-09,The Son's Room,it,0.985,7.1,555
3134,2671,1998-01-31,Ring,ja,7.2322,7.091,1669
3135,1548,2001-07-20,Ghost World,en,2.2074,7.09,1586
3136,513692,2021-07-28,Raging Fire,cn,2.8396,7.1,302
3137,11836,2004-11-19,The SpongeBob SquarePants Movie,en,9.6063,7.089,3217
3138,11457,2001-10-25,Life as a House,en,1.5771,7.089,453
3139,1306368,2026-01-13,The Rip,en,20.9822,7.088,1693
3140,927855,2022-02-11,Love Tactics,tr,1.677,7.088,331
3141,570670,2020-02-26,The Invisible Man,en,10.064,7.088,6302
3142,102651,2014-05-28,Maleficent,en,14.7918,7.1,13768
3143,43539,2010-11-18,The Next Three Days,en,4.8297,7.086,3119
3144,915931,2022-09-07,Revoir Paris,fr,1.1091,7.1,346
3145,520172,2020-11-26,Happiest Season,en,2.6789,7.087,1332
3146,414453,2017-08-04,Columbus,en,2.3895,7.1,479
3147,369523,2018-01-20,The Tale,en,1.9517,7.1,472
3148,1623,1980-06-20,Brubaker,en,2.8258,7.087,518
3149,870028,2025-04-23,The Accountant²,en,8.4101,7.085,1801
3150,799876,2022-02-25,The Outfit,en,4.0736,7.086,1371
3151,633515,2021-06-05,The Forgotten Battle,nl,1.8076,7.1,774
3152,597219,2020-05-01,The Half of It,en,1.9513,7.086,1599
3153,591275,2021-07-14,Fear Street: 1666,en,2.3531,7.086,2009
3154,205601,2013-05-01,Belle,en,2.337,7.086,729
3155,1584,2003-10-03,The School of Rock,en,6.6077,7.086,6216
3156,1440,2006-10-06,Little Children,en,11.4727,7.086,1159
3157,476,1989-10-20,Drugstore Cowboy,en,2.2254,7.086,618
3158,1242419,2025-10-06,Roofman,en,7.3243,7.085,842
3159,677179,2023-03-01,Creed III,en,7.5342,7.086,2893
3160,209276,2014-03-21,Starred Up,en,1.74,7.1,1020
3161,42246,2005-09-03,Tom and Jerry: The Fast and the Furry,en,3.059,7.085,312
3162,11772,1963-03-28,The Haunting,en,2.4944,7.085,718
3163,420817,2019-05-22,Aladdin,en,12.6696,7.084,10645
3164,10868,1988-10-14,The Accused,en,2.9282,7.084,682
3165,926,1999-12-25,Galaxy Quest,en,4.9044,7.084,2535
3166,785538,2021-10-22,7 Prisoners,pt,0.9857,7.083,381
3167,1997,2004-04-07,Two Brothers,en,2.4936,7.083,870
3168,1241436,2025-04-09,Warfare,en,9.5279,7.082,1476
3169,895549,2023-10-18,NYAD,en,2.1018,7.082,552
3170,336843,2018-01-10,Maze Runner: The Death Cure,en,8.7968,7.082,8426
3171,10753,1988-08-13,Police Story 2,cn,3.7935,7.082,632
3172,1156593,2024-12-26,Your Fault,es,37.2597,7.083,1571
3173,618353,2020-10-13,DC Showcase - Batman: Death in the Family,en,2.7266,7.081,477
3174,188538,2013-04-21,Remember Sunday,en,1.0962,7.081,506
3175,39057,2009-07-18,Pokémon: Arceus and the Jewel of Life,ja,3.0649,7.091,314
3176,30159,1953-02-12,I Confess,en,2.2152,7.081,485
3177,26617,1970-09-12,Five Easy Pieces,en,1.8022,7.081,596
3178,11446,1996-03-22,Welcome to the Dollhouse,en,1.6611,7.1,504
3179,11209,1960-10-23,The Alamo,en,2.9971,7.1,396
3180,519141,2019-10-09,Matthias & Maxime,fr,1.3354,7.1,510
3181,117691,2012-06-22,Gangs of Wasseypur - Part 1,hi,7.9288,7.082,441
3182,14299,2008-12-05,Cadillac Records,en,2.3807,7.08,480
3183,11951,1971-01-15,Vanishing Point,en,2.8326,7.08,523
3184,11634,1998-10-23,Show Me Love,sv,2.1982,7.1,593
3185,11316,1971-12-20,Macbeth,en,1.621,7.08,301
3186,10102,1973-05-16,La Grande Bouffe,fr,2.2858,7.08,549
3187,3059,1916-09-04,Intolerance: Love's Struggle Throughout the Ages,en,1.8939,7.1,377
3188,2109,1998-09-18,Rush Hour,en,12.9624,7.08,5708
3189,458423,2018-07-18,Mamma Mia! Here We Go Again,en,4.3224,7.079,3576
3190,436931,2017-07-15,Pokémon the Movie: I Choose You!,ja,3.4489,7.079,680
3191,179150,2015-02-18,Reality,fr,0.8652,7.079,548
3192,13580,1965-12-16,The Spy Who Came In from the Cold,en,1.4648,7.079,331
3193,604,2003-05-15,The Matrix Reloaded,en,11.1577,7.078,12027
3194,537681,2019-01-03,Giant Little Ones,en,1.289,7.078,300
3195,517331,2018-09-28,The Realm,es,1.0339,7.078,475
3196,203801,2015-08-13,The Man from U.N.C.L.E.,en,5.6391,7.079,6891
3197,20993,2000-05-11,Brother 2,ru,1.351,7.078,321
3198,856289,2023-07-15,Creation of the Gods I: Kingdom of Storms,zh,6.7409,7.077,483
3199,845222,2021-07-23,Kingdom: Ashin of the North,ko,3.9313,7.077,629
3200,251519,2014-05-13,Son of Batman,en,2.2331,7.077,1150
3201,567609,2019-08-21,Ready or Not,en,13.5413,7.076,5552
3202,270400,2014-11-12,Breathe,fr,1.5529,7.076,482
3203,421,2004-12-10,The Life Aquatic with Steve Zissou,en,2.7144,7.076,3185
3204,836225,2022-03-11,The Exorcism of God,en,4.1006,7.075,1166
3205,618355,2020-02-24,Superman: Red Son,en,2.9433,7.075,902
3206,340357,2015-11-04,April and the Extraordinary World,fr,1.162,7.075,358
3207,321741,2015-11-12,Concussion,en,2.739,7.075,2728
3208,16007,2006-06-17,Death Note,ja,3.4735,7.075,796
3209,15058,2004-01-20,Speak,en,2.3796,7.1,532
3210,14943,2007-10-26,Crows Zero,ja,3.9679,7.075,387
3211,3291,2005-09-16,"Good Night, and Good Luck.",en,1.931,7.075,1111
3212,401,2004-07-28,Garden State,en,3.2844,7.076,2062
3213,1259102,2025-11-10,Eternity,en,7.1192,7.1,703
3214,38438,1979-12-19,Buffet Froid,fr,0.7786,7.074,345
3215,19265,2009-06-19,Whatever Works,en,1.6502,7.074,1850
3216,14291,1993-08-13,Searching for Bobby Fischer,en,2.3469,7.074,645
3217,11934,1994-03-11,The Hudsucker Proxy,en,2.1168,7.074,1195
3218,763165,2023-10-06,The Burial,en,2.8683,7.073,627
3219,45094,2010-10-15,Conviction,en,1.5439,7.073,655
3220,1064213,2024-10-14,Anora,en,15.7881,7.071,3198
3221,269494,2014-05-29,A Hard Day,ko,2.2217,7.072,512
3222,474354,2018-10-04,22 July,en,1.5069,7.071,1266
3223,152584,2013-10-09,Blue Is the Warmest Color,fr,6.2251,7.1,4872
3224,49444,2011-05-25,Kung Fu Panda 2,en,12.6986,7.071,7930
3225,27725,1941-01-23,High Sierra,en,1.4036,7.1,359
3226,18305,1987-12-17,A Better Tomorrow II,cn,2.5989,7.1,318
3227,11121,1979-10-06,Tess,en,2.316,7.1,379
3228,1090,1999-04-16,The Thirteenth Floor,en,4.9299,7.071,1539
3229,553600,2019-05-24,Promare,ja,2.6829,7.07,321
3230,91342,2012-02-22,Barbie in A Mermaid Tale 2,en,3.249,7.07,480
3231,63831,2011-05-18,The Kid with a Bike,fr,1.1871,7.07,459
3232,38397,2002-12-13,"The Legend of Al, John and Jack",it,0.3926,7.1,1215
3233,12584,1976-07-21,The Shootist,en,2.2057,7.1,384
3234,2907,1991-11-22,The Addams Family,en,6.4825,7.07,5059
3235,924,2004-03-19,Dawn of the Dead,en,7.2691,7.07,4532
3236,433945,2017-07-16,Tokyo Ghoul,ja,2.2076,7.069,383
3237,82633,2012-08-29,Lawless,en,4.5225,7.069,3350
3238,40751,1994-09-17,Ashes of Time,cn,2.9006,7.069,400
3239,25736,1946-05-02,The Postman Always Rings Twice,en,1.9506,7.1,376
3240,11848,1954-12-28,Animal Farm,en,2.6294,7.069,547
3241,661539,2024-12-25,A Complete Unknown,en,6.571,7.068,1462
3242,283552,2016-09-02,The Light Between Oceans,en,2.0346,7.068,1430
3243,30197,1968-03-18,The Producers,en,2.2781,7.068,911
3244,12579,1981-09-30,The Woman Next Door,fr,1.1301,7.068,337
3245,9766,2006-09-15,Gridiron Gang,en,3.4023,7.068,1103
3246,744,1986-05-16,Top Gun,en,12.9861,7.068,9622
3247,611698,2021-02-12,A Writer's Odyssey,zh,4.1076,7.1,366
3248,449749,2018-01-03,The Leisure Seeker,en,1.1073,7.1,494
3249,388399,2016-12-12,Patriots Day,en,4.3578,7.067,2862
3250,172106,2013-03-13,Jappeloup,fr,0.9803,7.067,397
3251,63310,2011-02-02,Bullhead,nl,0.8856,7.067,388
3252,15060,2009-02-06,Futurama: Into the Wild Green Yonder,en,1.1489,7.067,605
3253,11937,1989-07-01,The Gods Must Be Crazy II,en,3.3543,7.1,556
3254,11646,1981-08-13,Gallipoli,en,2.0287,7.067,542
3255,9798,1998-11-20,Enemy of the State,en,6.3586,7.067,4269
3256,860,1983-06-03,WarGames,en,8.6834,7.068,2177
3257,653851,2022-11-23,Devotion,en,2.8117,7.1,823
3258,428449,2017-04-24,A Ghost Story,en,2.9127,7.1,2503
3259,102899,2015-07-14,Ant-Man,en,11.3761,7.066,20910
3260,20770,2000-07-07,But I'm a Cheerleader,en,3.3264,7.1,836
3261,13041,1970-12-18,El Topo,es,2.3143,7.066,663
3262,12481,1971-10-23,The Big Boss,zh,4.4505,7.1,838
3263,10339,1956-06-27,Moby Dick,en,2.9791,7.066,474
3264,646380,2021-12-08,Don't Look Up,en,8.067,7.065,9396
3265,173,1954-12-23,"20,000 Leagues Under the Sea",en,3.5593,7.1,986
3266,399121,2019-09-30,An Officer and a Spy,fr,2.1737,7.064,1597
3267,127517,2013-04-12,Disconnect,en,2.1213,7.064,1223
3268,400090,2018-09-23,The Nightingale,en,2.6114,7.063,662
3269,16140,2006-10-28,Death Note: The Last Name,ja,3.972,7.063,547
3270,391757,2016-06-07,Never Back Down: No Surrender,en,5.3061,7.062,511
3271,271714,2015-05-29,Love & Mercy,en,2.3439,7.062,763
3272,256835,2014-12-02,Toy Story That Time Forgot,en,19.3278,7.057,1091
3273,130150,2013-12-27,Labor Day,en,3.2438,7.062,1347
3274,77495,2011-10-14,Sleep Tight,es,2.1611,7.062,1223
3275,7913,2006-01-26,Rang De Basanti,hi,1.5138,7.062,509
3276,71524,1982-10-27,Ace of Aces,fr,1.0186,7.061,352
3277,18912,1983-01-01,Angst,de,1.9893,7.1,425
3278,12920,2005-09-10,Dreamer: Inspired By a True Story,en,1.9575,7.061,439
3279,7326,2007-12-05,Juno,en,3.9573,7.061,7659
3280,644,2001-06-29,A.I. Artificial Intelligence,en,8.8011,7.061,6690
3281,458,1956-12-01,Sissi: The Young Empress,de,1.3937,7.1,374
3282,64720,2011-09-30,Take Shelter,en,3.5018,7.06,2001
3283,7980,2009-12-26,The Lovely Bones,en,6.2581,7.06,4967
3284,542921,2019-09-27,While at War,es,1.0603,7.059,307
3285,364051,2016-02-10,The Innocents,fr,1.1366,7.059,425
3286,33613,2009-11-27,The Girl Who Kicked the Hornet's Nest,sv,2.5235,7.1,1489
3287,15765,1993-06-09,What's Love Got to Do with It,en,1.8717,7.059,370
3288,11085,1962-11-08,Mutiny on the Bounty,en,1.9197,7.059,348
3289,11042,2003-05-01,The Barbarian Invasions,fr,1.33,7.059,405
3290,1627,1970-02-26,The Wild Child,fr,1.0316,7.059,305
3291,340613,2017-08-17,The Wife,en,2.3199,7.1,1124
3292,31587,1973-04-11,Scarecrow,en,1.4253,7.058,345
3293,10531,1994-05-04,Death and the Maiden,en,1.2735,7.058,564
3294,657,1963-10-10,From Russia with Love,en,5.6449,7.1,3384
3295,680531,2021-09-12,The Mad Women's Ball,fr,3.0314,7.057,353
3296,103731,2013-04-26,Mud,en,4.7703,7.057,3073
3297,11000,1996-03-03,The Birdcage,en,5.0947,7.059,1368
3298,1495,2005-05-03,Kingdom of Heaven,en,18.6338,7.057,5012
3299,754,1997-06-27,Face/Off,en,12.1109,7.057,5931
3300,1236153,2026-01-19,Mercy,en,18.5319,7.06,1422
3301,558582,2020-03-06,First Cow,en,2.5184,7.056,537
3302,282069,2014-11-29,Parasyte: Part 1,ja,5.6231,7.056,313
3303,34070,2000-10-06,Songs from the Second Floor,sv,0.9267,7.056,315
3304,19576,2000-03-04,One Piece: The Movie,ja,4.199,7.1,395
3305,11690,1988-02-26,Bloodsport,en,5.4482,7.056,2181
3306,10712,2002-11-08,Far from Heaven,en,1.912,7.056,676
3307,8095,1963-06-12,Cleopatra,en,4.938,7.1,852
3308,6173,2001-10-17,Read My Lips,fr,1.1087,7.056,373
3309,4512,2007-09-20,The Assassination of Jesse James by the Coward Robert Ford,en,3.542,7.054,2790
3310,618354,2020-08-23,Superman: Man of Tomorrow,en,1.8731,7.055,494
3311,454640,2019-08-02,The Angry Birds Movie 2,en,9.4268,7.1,1895
3312,348089,2016-01-31,Grease Live,en,1.357,7.1,316
3313,276907,2015-09-09,Legend,en,6.2894,7.056,4303
3314,10162,1998-11-20,Waking Ned,en,1.8224,7.055,344
3315,468,1991-02-01,My Own Private Idaho,en,3.036,7.055,1241
3316,241,1994-08-26,Natural Born Killers,en,5.1899,7.055,3824
3317,653346,2024-05-08,Kingdom of the Planet of the Apes,en,12.7539,7.055,4284
3318,13751,2006-04-28,Akeelah and the Bee,en,2.8954,7.1,351
3319,8428,1990-08-22,Pump Up the Volume,en,1.6902,7.054,407
3320,4464,2003-07-22,Seabiscuit,en,3.0979,7.054,942
3321,378,1987-03-13,Raising Arizona,en,3.0404,7.054,2346
3322,203,1973-10-14,Mean Streets,en,3.3038,7.054,2298
3323,606954,2020-01-30,I Hate Summer,it,0.8645,7.053,989
3324,554600,2019-01-11,Uri: The Surgical Strike,hi,2.7014,7.053,483
3325,9994,1986-07-02,The Great Mouse Detective,en,4.961,7.053,1807
3326,7299,2002-12-06,Equilibrium,en,4.9529,7.053,5050
3327,624,1969-06-26,Easy Rider,en,4.8596,7.053,2167
3328,1110358,2023-08-02,Yannick,fr,0.773,7.052,720
3329,532814,2018-09-09,The Bad Seed,en,3.6839,7.052,349
3330,308639,2015-06-19,Dope,en,2.0794,7.052,1592
3331,62211,2013-06-19,Monsters University,en,10.8192,7.052,11355
3332,1151244,2024-09-19,Vermiglio,it,0.7143,7.051,314
3333,455207,2018-08-15,Crazy Rich Asians,en,4.748,7.052,3972
3334,16211,1965-06-24,The Sons of Katie Elder,en,2.0195,7.1,304
3335,15775,2004-01-23,If Only,en,3.4006,7.1,656
3336,10514,1971-03-12,The Andromeda Strain,en,3.4529,7.055,805
3337,1694,1985-10-18,Re-Animator,en,2.7495,7.051,1686
3338,438740,2017-09-22,Salyut-7,ru,1.6487,7.05,510
3339,43641,2010-11-16,Superman/Shazam!: The Return of Black Adam,en,1.8826,7.05,1544
3340,9533,2002-10-02,Red Dragon,en,1.3673,7.05,4744
3341,1103,1981-05-23,Escape from New York,en,5.0228,7.05,3538
3342,1088,2003-01-30,Whale Rider,en,2.1045,7.0,446
3343,823464,2024-03-27,Godzilla x Kong: The New Empire,en,15.3796,7.049,4701
3344,522478,2021-03-25,Peter Rabbit 2: The Runaway,en,4.4733,7.049,894
3345,460465,2021-04-07,Mortal Kombat,en,31.1777,7.049,6825
3346,56020,1998-10-16,Radiofreccia,it,0.4646,7.049,356
3347,17917,1968-09-26,Oliver!,en,2.5008,7.0,481
3348,11224,1950-02-22,Cinderella,en,11.8704,7.048,7176
3349,10607,1996-01-12,Don't Be a Menace to South Central While Drinking Your Juice in the Hood,en,10.8868,7.048,1523
3350,507076,2018-09-19,Climax,fr,2.8784,7.0,2338
3351,320006,2015-04-15,Taxi,fa,1.3595,7.047,480
3352,14859,2008-09-13,Keith,en,0.9861,7.047,481
3353,11797,1985-08-02,Fright Night,en,3.6337,7.047,1555
3354,5693,1986-11-14,Hoosiers,en,1.7247,7.047,592
3355,838,1973-08-11,American Graffiti,en,3.2138,7.047,1588
3356,1198994,2026-01-22,Send Help,en,37.8821,7.041,1830
3357,823951,2022-10-05,November,fr,1.4403,7.046,882
3358,559969,2019-10-11,El Camino: A Breaking Bad Movie,en,5.8366,7.047,5664
3359,365942,2017-01-26,The Space Between Us,en,3.0672,7.046,2558
3360,35558,2010-02-14,Starstruck,en,2.9037,7.046,1234
3361,30890,1987-01-30,Radio Days,en,2.062,7.046,657
3362,14886,1973-12-11,The Last Detail,en,1.2081,7.046,415
3363,872906,2023-09-07,Jawan,hi,6.6645,7.045,333
3364,581389,2021-02-05,Space Sweepers,ko,3.0467,7.0,1147
3365,18299,1957-05-29,Love in the Afternoon,en,1.5979,7.0,336
3366,14794,1968-12-19,if....,en,1.5959,7.045,412
3367,13925,1986-08-17,Luxo Jr.,en,1.071,7.045,662
3368,10653,1955-06-03,The Seven Year Itch,en,2.0551,7.043,991
3369,7343,2007-08-31,City of Men,pt,1.521,7.045,300
3370,369972,2018-10-10,First Man,en,5.9976,7.044,5677
3371,31906,1971-01-23,The Beguiled,en,3.3879,7.044,497
3372,12335,1971-10-07,Bedknobs and Broomsticks,en,2.1451,7.044,1029
3373,10865,2001-06-02,Atlantis: The Lost Empire,en,5.0027,7.044,5160
3374,570131,2019-01-18,Love at Second Sight,fr,1.1048,7.0,874
3375,394374,2016-04-21,At the End of the Tunnel,es,1.1312,7.043,453
3376,43347,2010-11-22,Love & Other Drugs,en,9.9075,7.043,5630
3377,942,1989-07-07,Lethal Weapon 2,en,7.0042,7.042,3764
3378,755,1996-01-19,From Dusk Till Dawn,en,8.5753,7.043,6523
3379,127380,2016-06-16,Finding Dory,en,9.2375,7.042,12677
3380,123377,2012-09-06,Pieta,ko,1.5055,7.0,419
3381,77174,2012-08-03,ParaNorman,en,4.7045,7.042,2791
3382,12259,1975-08-15,Sholay,hi,2.0153,7.036,320
3383,4886,1945-10-31,And Then There Were None,en,1.4989,7.042,418
3384,636565,2020-12-09,Rose Island,it,1.4718,7.041,1401
3385,38810,2009-10-22,Dogtooth,el,3.3567,7.0,2613
3386,26039,1967-08-30,Point Blank,en,2.4039,7.041,429
3387,9393,2004-07-04,Before the Fall,de,2.0253,7.0,365
3388,9036,2006-02-17,Eight Below,en,3.5837,7.041,1832
3389,4727,1964-09-08,Le Gendarme de Saint-Tropez,fr,1.6965,7.0,936
3390,248933,2014-02-13,The Dark Valley,de,1.6202,7.04,426
3391,11815,1958-07-16,The Fly,en,3.0637,7.031,607
3392,10974,1986-08-16,Armour of God,cn,6.9923,7.04,656
3393,6106,1986-04-23,Salvador,en,1.7175,7.0,411
3394,267,1997-10-10,Live Flesh,es,2.3022,7.028,744
3395,1380291,2026-05-20,Tom Clancy's Jack Ryan: Ghost War,en,92.0072,7.041,611
3396,670292,2023-09-27,The Creator,en,14.373,7.04,3944
3397,36658,2003-04-27,X2,en,0.3995,7.039,10921
3398,10439,1993-07-16,Hocus Pocus,en,5.8012,7.04,3305
3399,1682,1964-04-29,Mothra vs. Godzilla,ja,2.111,7.039,337
3400,118,2005-07-13,Charlie and the Chocolate Factory,en,13.1076,7.039,16161
3401,777270,2021-11-12,Belfast,en,2.3128,7.038,1685
3402,574475,2025-05-14,Final Destination Bloodlines,en,18.9759,7.038,2897
3403,560044,2020-04-22,The Willoughbys,en,2.7102,7.038,978
3404,366924,2016-01-19,Batman: Bad Blood,en,2.6746,7.038,993
3405,174,1991-12-06,Star Trek VI: The Undiscovered Country,en,3.2457,7.037,1424
3406,787699,2023-12-06,Wonka,en,8.2133,7.037,4412
3407,196024,2013-10-03,The Keeper of Lost Causes,da,3.418,7.037,834
3408,1073,1999-03-19,Arlington Road,en,3.8542,7.037,1257
3409,15789,1995-04-05,A Goofy Movie,en,3.1164,7.036,1924
3410,5488,2006-12-07,"I'm a Cyborg, But That's OK",ko,1.7102,7.0,601
3411,2044,2006-06-16,The Lake House,en,4.3077,7.036,2995
3412,483,1990-08-17,Wild at Heart,en,4.3367,7.0,1919
3413,1236470,2025-09-19,The Lost Bus,en,4.7282,7.035,742
3414,585083,2022-01-31,Hotel Transylvania: Transformania,en,9.7578,7.035,3027
3415,412202,2017-02-15,Handsome Devil,en,1.4635,7.035,705
3416,382399,2016-04-08,High Strung,en,2.692,7.0,941
3417,246355,2003-10-16,Saw,en,1.3847,7.035,674
3418,62204,1981-12-16,Quest for Fire,fr,2.5358,7.035,577
3419,15016,2003-09-27,Barbie of Swan Lake,en,4.2967,7.035,1141
3420,920,2006-06-08,Cars,en,12.9722,7.035,15179
3421,1119449,2026-02-13,"Good Luck, Have Fun, Don't Die",en,22.7131,7.038,615
3422,508935,2020-08-14,The Eight Hundred,zh,5.4018,7.034,338
3423,480530,2018-11-21,Creed II,en,8.0395,7.0,5814
3424,236735,2014-09-25,Marshland,es,1.2203,7.034,1054
3425,8833,1984-10-19,Double Trouble,it,1.3111,7.0,582
3426,8053,2005-11-17,The Three Burials of Melquiades Estrada,en,1.4949,7.0,651
3427,846433,2022-09-22,The Enforcer,en,3.4647,7.033,499
3428,512263,2019-09-28,Honey Boy,en,2.1795,7.033,738
3429,365222,2015-12-24,Ip Man 3,cn,2.3498,7.033,1935
3430,26610,1997-03-14,Insomnia,no,1.5481,7.033,322
3431,639933,2022-04-07,The Northman,en,8.1337,7.032,5068
3432,524348,2019-09-12,The Report,en,3.2468,7.032,1160
3433,79113,2011-12-03,A Princess for Christmas,en,1.5499,7.032,412
3434,37347,1948-05-21,Fort Apache,en,3.2143,7.0,409
3435,24752,1991-07-20,Dragon Ball Z: Cooler's Revenge,ja,5.0784,7.032,744
3436,19833,2009-01-22,In the Loop,en,1.9427,7.032,787
3437,19186,1961-05-13,The Parent Trap,en,5.5621,7.032,424
3438,779782,2022-10-19,The School for Good and Evil,en,4.5211,7.031,1385
3439,62177,2012-06-21,Brave,en,15.2315,7.031,14224
3440,10994,2002-10-11,White Oleander,en,1.622,7.031,425
3441,2064,1995-04-21,While You Were Sleeping,en,4.0043,7.031,2012
3442,664996,2022-03-24,Apollo 10½: A Space Age Childhood,en,1.8363,7.03,321
3443,661374,2022-11-23,Glass Onion: A Knives Out Mystery,en,7.7743,7.03,6878
3444,588921,2021-02-09,Ainbo: Spirit of the Amazon,en,1.8703,7.03,471
3445,42661,1958-06-11,The Vikings,en,4.6112,7.03,370
3446,38055,2010-10-28,Megamind,en,11.1003,7.03,7504
3447,12665,1995-10-27,Powder,en,3.2711,7.03,725
3448,1168190,2026-01-28,The Wrecking Crew,en,29.7056,7.029,1089
3449,555561,2018-12-13,The Invisible Witness,it,0.4809,7.0,343
3450,522241,2020-01-24,The Courier,en,3.7251,7.029,1343
3451,341744,2015-09-24,Truman,es,1.7457,7.029,400
3452,13666,1941-12-09,The Wolf Man,en,1.8743,7.029,683
3453,418680,2017-09-29,Goodbye Christopher Robin,en,1.6781,7.028,899
3454,20077,2005-10-18,The Batman vs. Dracula,en,1.6614,7.036,408
3455,14411,2003-07-02,Sinbad: Legend of the Seven Seas,en,6.5226,7.028,2219
3456,1307078,2025-07-31,My Oxford Year,en,6.5526,7.027,603
3457,800787,2023-03-23,A Good Person,en,2.2814,7.0,444
3458,14070,2008-12-25,Ghajini,hi,2.2947,7.027,455
3459,266,1963-10-29,Contempt,fr,2.4367,7.0,967
3460,787428,2020-11-20,Two Distant Strangers,en,1.4486,7.026,516
3461,432068,2017-10-04,C'est la vie!,fr,1.2862,7.025,1615
3462,254320,2015-10-15,The Lobster,en,5.5499,7.026,6918
3463,11975,1997-11-18,The Rainmaker,en,3.8706,7.026,1494
3464,25103,1957-11-09,Night of the Demon,en,1.6566,7.0,312
3465,11652,2006-08-25,Invincible,en,3.7205,7.025,1038
3466,954,1996-05-22,Mission: Impossible,en,9.4874,7.026,10019
3467,864,1993-10-01,Cool Runnings,en,4.2583,7.025,2299
3468,153158,2013-07-18,Underdogs,es,4.3256,7.024,565
3469,34067,2005-07-16,Pokémon: Lucario and the Mystery of Mew,ja,2.7659,7.024,333
3470,14139,2007-11-01,Timecrimes,es,2.6752,7.024,1468
3471,1292695,2026-03-25,They Will Kill You,en,32.7297,7.013,824
3472,833417,2022-03-16,Full Time,fr,0.8346,7.023,332
3473,536554,2022-12-28,M3GAN,en,6.2273,7.023,4853
3474,408508,2016-10-07,Blue Jay,en,1.6603,7.023,533
3475,393519,2017-03-10,Raw,fr,3.5633,7.023,3411
3476,2623,1982-07-28,An Officer and a Gentleman,en,3.8139,7.023,1199
3477,35,2007-07-25,The Simpsons Movie,en,9.3998,7.023,8576
3478,641662,2020-12-30,Pieces of a Woman,en,2.2166,7.022,1318
3479,16198,1999-07-17,My Neighbors the Yamadas,ja,3.2487,7.022,614
3480,10130,1988-09-23,Gorillas in the Mist,en,1.788,7.027,657
3481,4104,1993-04-16,Benny & Joon,en,2.086,7.022,826
3482,926899,2022-01-14,The House,en,2.8429,7.021,1142
3483,696157,2022-12-20,Whitney Houston: I Wanna Dance with Somebody,en,3.8519,7.021,525
3484,653349,2021-08-27,Vacation Friends,en,2.9555,7.021,896
3485,517148,2019-06-20,Beanpole,ru,1.0145,7.027,356
3486,487672,2019-01-13,Reign of the Supermen,en,2.3914,7.021,696
3487,445651,2018-07-25,The Darkest Minds,en,5.2214,7.021,2940
3488,254201,2014-10-02,The Absent One,da,1.3194,7.0,693
3489,22201,1957-05-30,Gunfight at the O.K. Corral,en,2.9335,7.0,379
3490,20766,2009-11-25,The Road,en,4.7344,7.02,4306
3491,2769,1951-09-26,An American in Paris,en,1.3464,7.0,647
3492,2164,1994-10-28,Stargate,en,6.6762,7.023,3829
3493,1807,2003-09-20,Elephant,en,2.9872,7.02,2111
3494,909,1944-11-28,Meet Me in St. Louis,en,1.4475,7.02,429
3495,445,2005-10-05,Caché,fr,2.4267,7.02,1271
3496,3293,1999-06-20,Pirates of Silicon Valley,en,1.9298,7.019,601
3497,26748,1996-06-21,Lone Star,en,2.4227,7.0,415
3498,15015,2002-10-01,Barbie as Rapunzel,en,5.612,7.0,1283
3499,10220,1998-09-11,Rounders,en,3.8853,7.018,1934
3500,8408,1985-07-03,Day of the Dead,en,2.8286,7.016,1398
3501,1084199,2025-01-22,Companion,en,10.636,7.018,2348
3502,402897,2017-10-20,The Death of Stalin,en,3.6867,7.017,2150
3503,340027,2017-02-22,Brain on Fire,en,1.8154,7.017,1428
3504,43959,2011-04-08,Soul Surfer,en,3.451,7.017,1256
3505,36657,2000-07-13,X-Men,en,0.6186,7.017,12226
3506,17264,1979-10-13,The Black Stallion,en,2.5456,7.017,324
3507,5919,1974-12-14,The Towering Inferno,en,3.0086,7.014,1045
3508,593660,2019-09-05,My Brother Chases Dinosaurs,it,0.9156,7.016,308
3509,63700,2010-10-09,My Babysitter's a Vampire,en,1.5129,7.0,419
3510,14613,2008-09-02,Next Avengers: Heroes of Tomorrow,en,1.6327,7.016,308
3511,799583,2024-04-18,The Ministry of Ungentlemanly Warfare,en,6.4042,7.015,1909
3512,429197,2018-12-25,Vice,en,4.9112,7.015,3616
3513,11831,1997-12-10,Amistad,en,0.9184,7.015,1422
3514,556678,2020-02-13,Emma.,en,4.5392,7.014,1968
3515,497828,2022-09-18,Triangle of Sadness,en,4.1431,7.014,2888
3516,282631,2014-07-30,The Admiral: Roaring Currents,ko,2.9278,7.014,323
3517,250734,2015-04-23,Far from the Madding Crowd,en,2.0557,7.014,1111
3518,157370,2013-10-16,Kill Your Darlings,en,1.9115,7.014,1416
3519,36950,2010-06-27,You Don't Know Jack,en,1.2324,7.014,439
3520,281,1995-10-13,Strange Days,en,3.7909,7.014,1562
3521,961268,2023-10-06,Ballerina,ko,9.5105,7.013,707
3522,44009,2010-11-05,Another Year,en,1.8289,7.013,438
3523,11336,1983-10-21,The Dead Zone,en,3.0491,7.013,1837
3524,300669,2016-06-08,Don't Breathe,en,6.5755,7.012,7997
3525,3170,1942-08-14,Bambi,en,6.2376,7.012,6044
3526,542178,2021-10-21,"The French Dispatch of the Liberty, Kansas Evening Sun",en,4.5518,7.011,2986
3527,236028,2013-11-12,Castello Cavalcanti,en,0.57,7.011,315
3528,13928,1989-11-23,Knick Knack,en,1.1734,7.011,613
3529,2061,1996-08-30,Pusher,da,2.9202,7.011,877
3530,467244,2023-12-15,The Zone of Interest,en,5.9743,7.01,2636
3531,28384,1992-09-18,Husbands and Wives,en,1.0492,7.01,496
3532,19971,1976-12-25,The Little Girl Who Lives Down the Lane,en,3.0498,7.01,352
3533,1327862,2025-10-22,Regretting You,en,9.3827,7.008,437
3534,661914,2020-12-25,One Night in Miami...,en,1.4778,7.009,700
3535,505600,2019-05-24,Booksmart,en,3.5994,7.009,2854
3536,19562,1973-11-23,The Magnificent One,fr,1.6146,7.009,385
3537,16608,2005-10-06,The Proposition,en,2.3355,7.009,716
3538,1241982,2024-11-21,Moana 2,en,26.2834,7.008,3105
3539,233063,2013-11-07,Suck Me Shakespeer,de,1.6572,7.01,1766
3540,228970,2014-12-05,Wild,en,2.9045,7.008,2683
3541,50393,2010-11-26,Kung Fu Panda Holiday,en,3.0041,7.0,380
3542,11454,1986-08-14,Manhunter,en,0.1599,7.008,1529
3543,1771,2011-07-22,Captain America: The First Avenger,en,9.0294,7.008,22792
3544,298382,2015-10-29,The Dressmaker,en,3.0322,7.007,1765
3545,249688,2015-07-31,The End of the Tour,en,1.1652,7.007,612
3546,48303,2010-05-19,Certified Copy,fr,1.4196,7.0,449
3547,9799,2001-06-22,The Fast and the Furious,en,1.3385,7.007,10877
3548,8222,1991-10-23,High Heels,es,2.6915,7.007,468
3549,7270,2003-09-12,Matchstick Men,en,2.4573,7.007,1991
3550,1011985,2024-03-02,Kung Fu Panda 4,en,20.174,7.006,3549
3551,722913,2021-01-29,Malcolm & Marie,en,2.1722,7.006,1460
3552,62214,2012-10-04,Frankenweenie,en,4.3419,7.006,3630
3553,13378,2004-11-09,Mickey's Twice Upon a Christmas,en,2.0614,7.0,482
3554,12089,1972-12-06,The Tall Blond Man with One Black Shoe,fr,1.4535,7.006,485
3555,847,1988-05-20,Willow,en,4.8445,7.006,2172
3556,797394,2021-03-18,Secret Magic Control Agency,ru,1.9231,7.0,394
3557,791177,2022-11-18,Bones and All,en,3.8408,7.0,1642
3558,505642,2022-11-09,Black Panther: Wakanda Forever,en,14.2055,7.005,7511
3559,446354,2017-12-22,The Post,en,7.0784,7.005,4929
3560,399057,2017-10-20,The Killing of a Sacred Deer,en,5.098,7.005,4466
3561,367544,2015-11-28,The Spirit of Christmas,en,0.6438,7.005,306
3562,2998,1970-03-26,Zabriskie Point,en,1.9437,7.005,443
3563,2742,1991-12-27,Naked Lunch,en,2.7597,7.005,1213
3564,744275,2021-09-01,After We Fell,en,37.3365,7.0,2748
3565,333371,2016-03-10,10 Cloverfield Lane,en,5.5287,7.004,8715
3566,333352,2015-09-07,Eye in the Sky,en,3.1923,7.004,1746
3567,923667,2024-05-01,Twilight of the Warriors: Walled In,cn,5.5126,7.003,449
3568,467905,2026-02-16,How to Make a Killing,en,17.0168,6.994,489
3569,37056,2010-05-13,Letters to Juliet,en,5.9692,7.003,3020
3570,19703,2008-09-05,A Wednesday!,hi,0.9502,7.003,363
3571,9427,1997-08-13,The Full Monty,en,2.2325,7.003,1801
3572,651070,2020-01-17,A Fall from Grace,en,2.4905,7.0,987
3573,71864,2012-08-15,The Odd Life of Timothy Green,en,1.898,7.002,1254
3574,2604,1989-12-20,Born on the Fourth of July,en,2.9572,7.002,1892
3575,936074,2022-05-04,Tenor,fr,0.795,7.001,381
3576,429191,2017-04-06,A Fantastic Woman,es,1.4881,7.001,741
3577,310131,2016-02-19,The Witch,en,8.5834,7.001,7679
3578,12143,1992-11-20,Bad Lieutenant,en,1.8249,7.001,962
3579,10995,1992-01-22,The Lover,fr,7.8695,7.0,762
3580,1382,2005-05-12,Me and You and Everyone We Know,en,2.3569,7.001,377
3581,526,1985-03-27,Ladyhawke,en,3.7333,7.001,1259
3582,293,1992-10-09,A River Runs Through It,en,4.2405,7.001,1201
3583,2028,1989-04-14,Say Anything...,en,4.0075,7.0,1125
3584,1730,2006-12-06,Inland Empire,en,3.5854,7.0,1267
3585,1010818,2022-08-10,Groot's First Steps,en,1.4827,6.999,372
3586,745881,2021-07-14,The Medium,th,6.6662,6.999,749
3587,582873,2019-09-04,Martin Eden,it,1.7377,6.999,690
3588,49009,2010-11-22,The Way Back,en,4.0655,6.999,1769
3589,7304,2006-01-06,Running Scared,en,4.7766,6.999,1165
3590,1011477,2025-05-08,Karate Kid: Legends,en,12.1906,6.998,1220
3591,328387,2016-06-27,Nerve,en,3.199,6.998,7040
3592,1171145,2026-02-11,Crime 101,en,37.8193,6.997,1105
3593,461955,2017-06-14,Rakka,en,0.9028,6.997,348
3594,82684,2012-10-25,Chasing Mavericks,en,1.19,6.997,597
3595,11689,1977-04-01,Crime Busters,it,2.6766,7.0,721
3596,8293,1992-03-13,Howards End,en,2.7901,7.0,596
3597,457799,2019-05-02,"Extremely Wicked, Shockingly Evil and Vile",en,3.1468,6.996,3553
3598,385128,2021-05-19,F9,en,7.8013,6.995,7733
3599,26973,1978-04-05,Pretty Baby,en,5.1361,6.996,412
3600,546,2005-02-14,Transamerica,en,1.575,6.996,510
3601,1211472,2024-11-07,September 5,en,1.9965,6.995,569
3602,154030,2012-12-25,The Tower,ko,1.8163,7.0,317
3603,14030,1969-12-12,"Hello, Dolly!",en,2.5581,7.0,388
3604,10236,1973-10-17,The Way We Were,en,2.4638,6.995,517
3605,978592,2024-03-21,Sleeping Dogs,en,2.9915,6.999,636
3606,615774,2019-09-03,Scooby-Doo! Return to Zombie Island,en,1.9302,7.0,963
3607,11973,2000-12-25,Thirteen Days,en,2.475,6.994,835
3608,9390,1996-12-13,Jerry Maguire,en,6.8361,6.994,3741
3609,6878,1993-02-03,Homeward Bound: The Incredible Journey,en,3.0709,7.0,1122
3610,664413,2020-02-07,365 Days,pl,16.6402,6.993,9533
3611,628534,2021-01-13,The White Tiger,en,2.2608,6.993,1001
3612,366564,2015-12-09,Comment c'est loin,fr,0.3235,6.993,689
3613,263109,2015-02-05,Shaun the Sheep Movie,en,2.8356,6.993,1520
3614,420821,2022-05-20,Chip 'n Dale: Rescue Rangers,en,3.4686,7.0,1381
3615,385687,2023-05-17,Fast X,en,19.9814,6.992,6356
3616,101731,2012-07-06,The Magic of Belle Isle,en,2.4343,6.992,447
3617,97630,2012-12-19,Zero Dark Thirty,en,4.5349,6.993,4907
3618,84199,2012-10-19,The First Time,en,2.0364,6.992,2160
3619,26428,2009-05-17,Agora,en,2.4318,6.992,1564
3620,11826,2001-01-12,Sexy Beast,en,2.7334,6.992,901
3621,9905,1994-12-22,Shallow Grave,en,2.2364,6.993,1145
3622,854,1994-07-29,The Mask,en,9.6736,6.992,11315
3623,518896,2022-08-05,Warriors of Future,zh,3.8603,6.991,489
3624,482373,2021-08-12,Don't Breathe 2,en,3.9268,6.991,2842
3625,385103,2020-07-08,Scoob!,en,3.5591,7.0,1814
3626,332283,2017-08-06,Mary Shelley,en,2.0745,6.991,1063
3627,11897,1962-11-02,How the West Was Won,en,3.3875,6.991,498
3628,11219,1955-10-03,The Trouble with Harry,en,1.8544,6.988,903
3629,522039,2019-06-07,The Last Black Man in San Francisco,en,1.5801,6.99,363
3630,506281,2021-02-12,The World to Come,en,2.0874,6.99,402
3631,332872,2016-04-08,Julieta,es,1.1286,7.0,915
3632,285783,2015-09-30,The Walk,en,3.7774,6.99,3395
3633,245842,2022-01-21,The King's Daughter,en,3.3568,6.99,727
3634,87825,2012-09-21,Trouble with the Curve,en,2.5212,6.991,1709
3635,11360,1941-10-31,Dumbo,en,5.5982,6.99,5302
3636,440642,2017-04-06,The Spacewalker,ru,1.2933,6.989,350
3637,283564,2014-08-02,SlugTerra: Return of the Elementals,en,0.8454,6.989,353
3638,73532,2011-09-08,Le Havre,fr,1.82,7.0,481
3639,33680,1932-09-11,Grand Hotel,en,1.8956,6.989,352
3640,21208,2009-07-24,Orphan,en,6.5954,6.989,5657
3641,5335,1968-09-07,Theorem,it,1.516,7.0,450
3642,696806,2022-03-11,The Adam Project,en,5.8164,6.988,4973
3643,10655,1993-10-08,Gettysburg,en,3.1604,6.988,328
3644,9696,2001-12-22,Ichi the Killer,ja,4.1533,6.988,1107
3645,9430,1999-04-09,Go,en,3.0576,7.0,821
3646,300,2006-06-25,The Science of Sleep,fr,2.1812,6.988,842
3647,972614,2024-03-15,Knox Goes Away,en,2.4054,6.987,503
3648,748783,2024-04-30,The Garfield Movie,en,9.471,7.0,1445
3649,519182,2024-06-20,Despicable Me 4,en,31.0597,6.987,3226
3650,886,1965-10-15,The Cincinnati Kid,en,1.5034,6.987,306
3651,64685,2011-12-25,Extremely Loud & Incredibly Close,en,2.6938,6.986,2143
3652,14412,1981-08-28,Body Heat,en,4.1729,6.986,689
3653,1985,2005-08-31,The Constant Gardener,en,3.0948,6.986,1726
3654,1485,1971-02-03,Get Carter,en,1.9581,6.986,565
3655,556803,2018-10-25,The Princess Switch,en,1.7376,6.985,2284
3656,24589,2009-11-10,Dug's Special Mission,en,1.4497,6.985,445
3657,24253,2009-09-18,The Girl Who Played with Fire,sv,2.8471,7.0,1808
3658,4148,2008-12-19,Revolutionary Road,en,4.3876,6.985,4127
3659,472451,2018-09-24,Boy Erased,en,2.6207,7.0,1494
3660,23202,2007-12-09,Trick 'r Treat,en,3.2647,6.984,2080
3661,5698,1903-12-07,The Great Train Robbery,en,1.3422,6.984,702
3662,845781,2024-10-31,Red One,en,11.2017,6.983,3058
3663,524251,2019-09-11,I See You,en,3.703,6.983,1659
3664,9392,2005-07-08,The Descent,en,7.4966,6.984,4437
3665,8841,2008-09-24,The Class,fr,1.3184,7.0,724
3666,646,1962-10-07,Dr. No,en,9.0054,6.983,4073
3667,763215,2024-03-07,Damsel,en,6.9553,6.982,2799
3668,558915,2023-12-25,The Color Purple,en,3.4029,7.0,361
3669,297556,2015-01-13,Justice League: Throne of Atlantis,en,2.7386,6.982,1001
3670,255718,2014-02-15,Barbie: The Pearl Princess,en,2.2527,7.0,354
3671,14506,1988-12-07,The Adventures of Baron Munchausen,en,2.6638,6.982,1011
3672,13320,1957-02-13,Funny Face,en,2.2224,6.982,732
3673,11576,1963-11-07,"It's a Mad, Mad, Mad, Mad World",en,3.1102,6.982,690
3674,1143319,2023-08-22,Puppy Love,en,1.7528,6.981,360
3675,523777,2018-09-07,Next Gen,en,3.0201,6.981,852
3676,97367,2013-03-20,The Place Beyond the Pines,en,3.9126,6.982,5220
3677,12783,2008-09-05,The Duchess,en,3.5525,6.982,1820
3678,4170,2007-01-23,Trade,en,1.7942,6.981,312
3679,564,1999-04-16,The Mummy,en,18.2026,6.981,10088
3680,13537,2003-11-14,Shattered Glass,en,2.0144,6.98,475
3681,11616,1983-02-01,Go for It,it,1.7201,7.0,557
3682,11006,1977-05-27,Smokey and the Bandit,en,3.1893,6.98,810
3683,9487,1998-11-25,A Bug's Life,en,13.0114,7.0,9755
3684,491472,2018-11-15,At Eternity's Gate,en,2.5218,7.0,1576
3685,85739,2012-01-27,A.C.A.B. - All Cops Are Bastards,it,0.8358,6.979,858
3686,41428,1989-07-01,Tetsuo: The Iron Man,ja,2.5699,6.979,707
3687,13633,1983-03-25,Bad Boys,en,4.4437,7.0,304
3688,9909,1995-08-11,Dangerous Minds,en,3.4804,6.981,1282
3689,695721,2023-11-15,The Hunger Games: The Ballad of Songbirds & Snakes,en,8.0407,7.0,3524
3690,379149,2017-09-28,The Foreigner,en,5.4972,6.978,2947
3691,160588,2013-08-01,Blue Jasmine,en,2.7183,6.978,3665
3692,50472,2006-11-26,Anplagghed al Cinema,it,0.2119,6.978,346
3693,14926,2003-08-15,Uptown Girls,en,4.1224,6.978,1138
3694,579583,2020-07-22,The King of Staten Island,en,2.3557,6.977,1142
3695,140870,2013-11-17,Minuscule: Valley of the Lost Ants,fr,2.2312,6.977,480
3696,103328,2012-07-02,Holy Motors,fr,3.8606,6.977,1265
3697,9555,2002-02-04,Rabbit-Proof Fence,en,1.033,7.0,387
3698,4946,1969-01-31,The Swimming Pool,fr,2.3984,7.0,572
3699,2758,1993-11-19,Addams Family Values,en,5.5477,6.977,3321
3700,232,1983-10-09,Rumble Fish,en,2.7946,6.977,766
3701,758330,2022-06-16,"Good Luck to You, Leo Grande",en,5.2853,6.976,678
3702,287947,2019-03-29,Shazam!,en,8.1687,7.0,10232
3703,53487,2011-08-24,This Must Be the Place,en,1.1889,7.0,1309
3704,25670,1940-08-16,Foreign Correspondent,en,1.5141,7.0,445
3705,1255,2006-07-27,The Host,ko,5.5547,6.976,3143
3706,49948,2000-01-01,Fantasia 2000,en,4.2764,6.975,1374
3707,9386,1993-07-08,In the Line of Fire,en,3.6878,6.975,1812
3708,398,2005-09-30,Capote,en,2.342,6.975,1650
3709,760099,2022-11-04,Living,en,1.6386,6.974,518
3710,525183,2019-02-01,Paddleton,en,0.8225,6.974,309
3711,392,2000-12-22,Chocolat,en,4.3102,6.974,3519
3712,1138194,2024-10-31,Heretic,en,6.248,6.973,2678
3713,1088166,2025-08-21,Relay,en,3.5793,6.973,445
3714,832964,2024-09-12,Lee,en,3.2055,6.973,640
3715,528888,2019-10-04,Dolemite Is My Name,en,1.6649,6.973,1286
3716,377897,2016-01-15,Barbie: Spy Squad,en,2.0361,7.0,429
3717,227973,2015-11-05,The Peanuts Movie,en,4.7671,7.0,1801
3718,11893,1985-11-15,Runaway Train,en,2.2726,6.973,658
3719,1573,1990-07-03,Die Hard 2,en,6.8766,6.973,6432
3720,619264,2019-11-08,The Platform,es,6.3633,6.972,7847
3721,336222,2015-05-28,Rams,is,1.0565,7.0,301
3722,67913,2011-07-07,The Guard,en,2.0695,6.972,1408
3723,36568,1998-04-17,Paulie,en,3.0927,6.972,535
3724,20762,1996-04-19,The Substitute,en,2.7422,6.972,578
3725,11227,2005-12-21,Angel-A,fr,1.6045,6.972,792
3726,9007,2005-09-16,Just Like Heaven,en,6.7082,6.972,2586
3727,395993,2017-09-22,Stronger,en,1.9665,7.0,1580
3728,325690,2015-02-19,The Legendary Giulia and Other Miracles,it,0.7444,6.971,536
3729,13550,1980-03-28,The Changeling,en,2.1235,6.971,724
3730,13198,2007-10-19,Wristcutters: A Love Story,en,1.604,6.971,627
3731,1325734,2026-04-01,The Drama,en,36.8087,6.971,1085
3732,1127674,2025-03-08,The Forbidden City,it,3.4871,6.97,336
3733,912916,2023-10-19,The Other Zoey,en,3.2277,6.97,492
3734,504827,2022-05-26,The Bob's Burgers Movie,en,2.3666,6.97,370
3735,501907,2019-09-07,A Beautiful Day in the Neighborhood,en,2.4658,7.0,1758
3736,49530,2011-10-27,In Time,en,10.2608,6.971,12196
3737,12889,2008-06-24,Futurama: The Beast with a Billion Backs,en,1.4995,6.973,616
3738,1272,2007-04-05,Sunshine,en,5.1598,6.97,4292
3739,615665,2020-10-27,Holidate,en,2.8161,6.969,2371
3740,501633,2019-01-09,The Invisibles,fr,0.4131,6.969,383
3741,25676,2006-09-28,Rob-B-Hood,cn,3.7751,7.0,685
3742,11864,1985-12-12,Enemy Mine,en,2.722,6.969,1079
3743,10776,1986-12-19,Little Shop of Horrors,en,3.5756,7.0,1637
3744,458737,2018-05-18,First Reformed,en,2.1172,6.968,1464
3745,397837,2017-03-02,Before I Fall,en,3.4927,6.968,3540
3746,381356,2016-03-30,Five,fr,0.7703,6.968,1342
3747,321612,2017-03-16,Beauty and the Beast,en,15.8782,7.0,16027
3748,265228,2014-12-10,Timbuktu,fr,1.0097,6.968,512
3749,77887,2011-06-16,Hawaiian Vacation,en,8.3042,7.0,709
3750,12187,1993-08-13,Heart and Souls,en,2.8358,6.968,426
3751,11033,1980-07-25,Dressed to Kill,en,3.2237,6.968,1115
3752,8469,1978-07-28,Animal House,en,3.7821,6.968,1672
3753,811367,2021-04-30,22 vs. Earth,en,1.5261,7.0,486
3754,337556,2016-07-07,Emerald Green,de,1.2842,6.967,885
3755,87093,2014-12-24,Big Eyes,en,2.9133,6.967,3620
3756,1254786,2025-03-27,The Life List,en,2.6482,6.966,612
3757,813477,2023-03-17,Shin Kamen Rider,ja,2.1166,6.966,306
3758,606679,2020-06-10,The High Note,en,2.0978,6.966,477
3759,156700,2013-01-19,The Kings of Summer,en,2.021,6.966,1234
3760,11631,2008-07-03,Mamma Mia!,en,8.5055,7.0,7020
3761,8195,1998-09-25,Ronin,en,3.6023,6.966,2692
3762,6968,2008-09-25,The Baader Meinhof Complex,de,1.4323,6.966,656
3763,2750,2002-02-13,24 Hour Party People,en,1.4183,7.0,519
3764,2054,1995-12-29,Mr. Holland's Opus,en,2.8011,6.966,456
3765,76492,2012-09-20,Hotel Transylvania,en,10.317,6.965,9199
3766,16153,1974-12-09,Alice Doesn't Live Here Anymore,en,1.7306,6.965,536
3767,11536,1961-02-01,The Misfits,en,5.1336,6.965,432
3768,2048,2004-07-15,"I, Robot",en,9.4342,6.966,12709
3769,1024,1994-09-12,Heavenly Creatures,en,2.4061,7.0,1038
3770,452187,2017-11-22,Le Brio,fr,0.8247,6.964,920
3771,114955,2012-06-15,Let It Shine,en,1.8558,6.964,319
3772,46829,2010-10-26,Barney's Version,en,1.2903,6.964,491
3773,46705,2010-12-26,Blue Valentine,en,3.9123,6.964,3529
3774,37950,2010-07-30,Charlie St. Cloud,en,2.3962,6.964,2243
3775,17445,2009-07-28,Green Lantern: First Flight,en,1.7988,6.964,498
3776,9778,2001-10-05,Serendipity,en,4.4945,6.964,2153
3777,9542,1986-01-17,The Hitcher,en,4.3758,7.0,1061
3778,1630,1996-12-25,The People vs. Larry Flynt,en,2.3604,6.964,1263
3779,646097,2024-08-27,Rebel Ridge,en,8.8467,6.963,1635
3780,11703,1985-07-26,Kiss of the Spider Woman,en,1.9483,6.963,340
3781,9880,2001-08-03,The Princess Diaries,en,8.927,7.0,5280
3782,9434,1997-04-11,Grosse Pointe Blank,en,1.7631,6.963,1036
3783,1094556,2024-03-07,The Thundermans Return,en,2.5537,7.0,303
3784,830784,2022-10-07,"Lyle, Lyle, Crocodile",en,3.9016,7.0,652
3785,10122,1986-07-30,Flight of the Navigator,en,2.8487,6.962,950
3786,11916,1970-03-02,Two Mules for Sister Sara,en,2.9116,6.961,677
3787,10228,1998-07-18,Pokémon: The First Movie,ja,5.2171,6.961,1587
3788,2253,2008-12-25,Valkyrie,en,4.7259,6.962,4104
3789,617126,2025-07-23,The Fantastic 4: First Steps,en,22.6348,6.96,3433
3790,381283,2017-09-13,mother!,en,5.1444,6.96,7126
3791,339692,2017-07-07,Shot Caller,en,5.3798,6.959,2241
3792,37653,1995-12-13,The Three Brothers,fr,0.6598,6.96,807
3793,37495,2010-05-07,Four Lions,en,2.168,6.96,1287
3794,24163,1988-06-09,As Tears Go By,cn,2.2971,6.96,375
3795,16938,1974-10-11,Black Christmas,en,2.066,6.96,948
3796,10436,1993-09-10,The Age of Innocence,en,3.543,6.96,1220
3797,703771,2020-08-04,Deathstroke: Knights & Dragons - The Movie,en,1.5702,6.959,469
3798,374475,2016-07-14,Toni Erdmann,de,1.5428,7.0,1096
3799,320,2002-05-24,Insomnia,en,4.9539,6.959,5330
3800,639720,2024-05-08,IF,en,7.1028,7.0,1620
3801,588182,2021-10-29,Compartment No. 6,fi,1.5091,6.958,463
3802,348668,2016-03-03,A Conspiracy of Faith,da,1.2471,6.958,612
3803,22826,1994-10-22,The Monster,it,1.9101,6.958,657
3804,11367,1978-10-28,Odds and Evens,it,0.0567,7.0,445
3805,10707,2005-10-05,The Squid and the Whale,en,2.2678,6.958,1078
3806,9045,2002-02-27,Amen.,fr,1.4821,6.958,378
3807,894205,2022-09-25,Werewolf by Night,en,4.8229,6.957,1543
3808,746036,2024-04-24,The Fall Guy,en,11.257,6.957,3812
3809,227735,2014-09-11,Dolphin Tale 2,en,1.5682,6.957,370
3810,12244,2009-08-19,9,en,6.598,6.957,3903
3811,9952,2007-06-23,Rescue Dawn,en,3.7967,7.0,1433
3812,31967,2010-02-09,Dante's Inferno: An Animated Epic,en,1.9639,6.956,571
3813,11527,1981-04-10,Excalibur,en,4.5244,6.952,1159
3814,943134,2023-10-04,The Animal Kingdom,fr,3.0483,6.955,937
3815,402900,2018-06-07,Ocean's Eight,en,8.7476,6.955,8821
3816,398175,2017-09-23,Brawl in Cell Block 99,en,3.4124,6.955,1586
3817,274870,2016-12-21,Passengers,en,6.2746,7.0,14274
3818,175112,2014-02-13,Tinker Bell and the Pirate Fairy,en,4.4516,6.955,1078
3819,74306,2012-05-11,God Bless America,en,1.7979,6.955,1068
3820,17965,1971-04-01,The Abominable Dr. Phibes,en,1.5525,6.955,333
3821,787752,2022-03-03,Fresh,en,4.3369,6.954,1890
3822,429199,2017-02-03,The Other Side of Hope,fi,1.7316,6.954,357
3823,718032,2021-11-26,Licorice Pizza,en,3.6263,6.953,2672
3824,549509,2024-12-20,The Brutalist,en,8.2438,6.953,1676
3825,525946,2019-02-01,Troop Zero,en,1.6414,6.953,310
3826,74534,2012-02-23,The Best Exotic Marigold Hotel,en,1.8606,6.953,1467
3827,25961,2007-07-14,Pokémon: The Rise of Darkrai,ja,2.9785,6.953,316
3828,930564,2023-11-16,Saltburn,en,5.5272,6.952,2969
3829,925263,2023-04-20,A Brighter Tomorrow,it,0.6179,6.952,344
3830,33914,1984-12-14,Frankenweenie,en,1.3494,7.0,448
3831,29987,2003-02-27,Facing Windows,it,1.0361,6.952,331
3832,12225,2007-01-17,Cashback,en,3.2995,7.0,1400
3833,597208,2021-12-02,Nightmare Alley,en,4.8067,6.951,3386
3834,14410,2009-01-16,Notorious,en,2.661,7.0,799
3835,1165,2006-09-15,The Queen,en,2.7454,6.951,1432
3836,528949,2018-10-26,The Photographer of Mauthausen,es,1.5024,6.95,749
3837,412117,2019-05-24,The Secret Life of Pets 2,en,8.8542,7.0,3342
3838,13809,2008-09-04,RocknRolla,en,3.8892,6.95,3324
3839,12149,2002-04-12,Frailty,en,3.0602,6.948,1331
3840,10779,1996-07-19,The Frighteners,en,3.7968,6.952,1757
3841,3053,1967-11-13,The Fearless Vampire Killers,en,2.25,6.95,826
3842,1662,1990-09-14,State of Grace,en,1.9233,6.95,421
3843,651,1970-02-18,M*A*S*H,en,4.3107,6.95,1158
3844,38366,1996-12-20,The Cyclone,it,0.8671,6.9,772
3845,19494,1980-12-18,Nine to Five,en,2.8763,6.949,551
3846,14310,2003-12-12,Infernal Affairs III,cn,2.5954,6.949,373
3847,6936,2007-08-26,Ben X,nl,0.4758,6.949,332
3848,1999,2001-11-23,In the Bedroom,en,2.6748,6.949,404
3849,1412,1989-08-04,"sex, lies, and videotape",en,4.2847,6.95,1043
3850,659,1979-05-02,The Tin Drum,de,4.5644,6.949,534
3851,402,1992-03-20,Basic Instinct,en,10.7245,6.949,4399
3852,989672,2023-05-24,Just the Two of Us,fr,0.7136,6.9,335
3853,179826,2013-01-29,Odd Thomas,en,4.3169,6.948,1469
3854,43923,2010-10-08,It's Kind of a Funny Story,en,1.8972,6.948,2470
3855,18533,2009-03-13,Bronson,en,2.3602,6.948,2700
3856,14637,2008-12-19,Nothing But the Truth,en,1.4485,6.948,559
3857,12153,2004-06-23,White Chicks,en,22.68,6.949,4573
3858,11971,1993-05-07,Much Ado About Nothing,en,2.9874,6.948,812
3859,11509,1985-07-10,Silverado,en,3.5429,6.948,825
3860,11329,2003-01-16,Runaway Jury,en,3.2109,6.948,1554
3861,360784,2015-09-15,Hidden,en,6.8595,6.947,1196
3862,10882,1959-02-17,Sleeping Beauty,en,7.5189,6.947,5492
3863,1890,1986-09-13,Children of a Lesser God,en,1.6274,6.9,342
3864,364,1992-06-19,Batman Returns,en,8.1793,6.9,7119
3865,458723,2019-03-14,Us,en,5.7777,6.946,8110
3866,450489,2018-02-16,Irreplaceable You,en,1.5181,6.946,723
3867,304410,2014-12-17,The Bélier Family,fr,1.6313,6.946,2484
3868,93456,2013-06-26,Despicable Me 2,en,13.0435,6.946,12021
3869,11257,1986-03-07,A Room with a View,en,3.3682,6.9,841
3870,1079091,2024-08-07,It Ends with Us,en,7.9125,6.9,1968
3871,1034716,2026-01-06,People We Meet on Vacation,en,6.045,6.945,617
3872,343668,2017-09-20,Kingsman: The Golden Circle,en,8.151,6.945,11170
3873,28053,2009-03-06,City Island,en,1.464,6.945,402
3874,16093,1962-11-02,Carnival of Souls,en,1.1652,6.945,533
3875,5876,2007-11-21,The Mist,en,8.5768,6.9,5879
3876,645689,2021-07-23,The Duke,en,1.9783,6.944,365
3877,400535,2018-06-27,Sicario: Day of the Soldado,en,7.0619,6.945,4061
3878,359410,2024-03-08,Road House,en,13.5103,6.945,3081
3879,204082,2013-11-12,Homefront,en,10.4515,6.945,3872
3880,65215,2005-07-23,Stewie Griffin: The Untold Story,en,2.3362,6.944,431
3881,32646,1995-06-23,Safe,en,2.291,6.944,349
3882,1267,2007-03-23,Meet the Robinsons,en,7.5786,6.944,3157
3883,934433,2023-03-08,Scream VI,en,12.5864,6.944,3218
3884,452970,2017-10-27,Mazinger Z: Infinity,ja,2.6891,6.943,342
3885,369883,2016-10-07,Middle School: The Worst Years of My Life,en,1.8738,6.943,460
3886,308266,2016-08-18,War Dogs,en,9.2028,6.944,5506
3887,192141,2015-08-26,No Escape,en,4.9815,6.943,2735
3888,49018,2011-03-31,Insidious,en,9.1173,6.943,7354
3889,46315,1970-10-16,Valerie and Her Week of Wonders,cs,2.0842,6.9,306
3890,12502,1983-12-14,Silkwood,en,2.3981,6.943,353
3891,11076,1996-09-13,Fly Away Home,en,1.8818,6.943,513
3892,10166,1990-05-25,The Witches,en,3.0269,6.942,1370
3893,868,2005-12-23,Tsotsi,tn,1.023,6.9,350
3894,407890,2018-04-06,Lean on Pete,en,1.782,6.942,365
3895,116440,2012-07-03,"Maggie Simpson in ""The Longest Daycare""",en,1.0486,6.9,385
3896,24420,2009-08-14,The Time Traveler's Wife,en,3.438,6.942,2719
3897,19933,1987-07-09,The Brave Little Toaster,en,2.4254,6.9,480
3898,9871,2000-12-11,Ginger Snaps,en,2.8188,6.942,998
3899,1087891,2025-04-09,The Amateur,en,9.0707,6.941,1631
3900,505706,2019-02-21,The Golden Glove,de,1.6909,6.941,649
3901,384680,2017-12-22,Hostiles,en,3.8163,6.941,2512
3902,175774,2013-03-14,Ruby Red,de,1.6324,6.941,1154
3903,49519,2013-03-15,The Croods,en,9.4214,6.941,7555
3904,24469,2009-09-11,Fish Tank,en,1.8764,6.9,948
3905,10027,2005-02-02,Unleashed,en,3.5565,6.94,2199
3906,9732,1998-10-24,The Lion King II: Simba's Pride,en,7.6621,6.94,4684
3907,2289,2003-12-24,Cold Mountain,en,4.6538,6.94,1985
3908,508791,2019-05-16,The Sun Is Also a Star,en,1.3789,6.939,628
3909,196254,2013-08-25,Barbie Mariposa & the Fairy Princess,en,1.947,6.939,337
3910,24684,2009-10-29,An Education,en,3.3104,6.939,1432
3911,13435,2002-12-19,Antwone Fisher,en,1.4695,6.939,561
3912,48714,1967-12-29,The Big Shave,en,1.1122,6.938,356
3913,39104,1992-07-11,Dragon Ball Z: Super Android 13!,ja,2.9114,6.938,616
3914,10536,1969-06-02,The Italian Job,en,2.9177,6.938,869
3915,9362,1990-01-19,Tremors,en,5.0501,6.9,3591
3916,3033,1998-09-12,Gods and Monsters,en,1.3733,6.938,394
3917,2259,1993-10-21,The House of the Spirits,en,2.8007,6.938,745
3918,893723,2023-09-21,PAW Patrol: The Mighty Movie,en,9.2066,6.9,563
3919,9929,1968-12-19,Asterix and Cleopatra,fr,1.8938,6.9,1032
3920,8390,2008-02-08,"Definitely, Maybe",en,2.7333,6.937,2638
3921,8068,1995-08-25,Desperado,en,6.532,6.937,3159
3922,586,1997-12-25,Wag the Dog,en,2.9265,6.937,1061
3923,760336,2021-12-31,Munich - The Edge of War,en,1.4104,6.9,661
3924,741074,2020-10-23,Once Upon a Snowman,en,2.9287,6.936,570
3925,394741,2018-12-28,Stan & Ollie,en,2.2524,6.936,1134
3926,778,1953-02-25,Monsieur Hulot's Holiday,fr,1.8403,6.9,532
3927,1038392,2025-09-03,The Conjuring: Last Rites,en,29.1342,6.9,1909
3928,567189,2021-04-30,Tom Clancy's Without Remorse,en,3.857,6.9,2739
3929,180863,2017-01-27,T2 Trainspotting,en,3.5679,6.935,3369
3930,170657,2013-02-07,Journey to the West: Conquering the Demons,zh,6.0398,6.935,448
3931,1832,1999-10-04,Dogma,en,4.2109,6.935,2865
3932,713704,2023-04-12,Evil Dead Rise,en,12.1,6.935,3714
3933,103747,2012-06-01,The Angels' Share,en,1.3079,6.934,620
3934,9663,1984-12-13,Starman,en,2.1772,6.934,1002
3935,676,2001-05-21,Pearl Harbor,en,8.855,6.935,7022
3936,308,2005-07-31,Broken Flowers,en,2.2645,6.934,1487
3937,520758,2023-12-08,Chicken Run: Dawn of the Nugget,en,3.897,6.933,893
3938,68721,2013-04-18,Iron Man 3,en,16.1451,6.933,23489
3939,55787,2011-04-15,Water for Elephants,en,1.5893,6.933,2630
3940,13127,2005-11-18,SPL: Kill Zone,cn,4.4161,6.9,356
3941,2163,1997-05-02,Breakdown,en,3.431,6.933,1107
3942,917496,2024-09-04,Beetlejuice Beetlejuice,en,10.0457,6.932,3146
3943,820722,2021-10-15,The Good Boss,es,1.0421,6.932,475
3944,591538,2021-12-05,The Tragedy of Macbeth,en,4.2187,6.932,877
3945,13909,1949-10-22,She Wore a Yellow Ribbon,en,2.0545,6.9,407
3946,1007734,2025-08-13,Nobody 2,en,12.5556,6.93,1620
3947,68726,2013-07-11,Pacific Rim,en,19.7394,6.931,13440
3948,11337,1980-09-26,Stardust Memories,en,1.5551,6.931,465
3949,140300,2016-01-23,Kung Fu Panda 3,en,10.8063,6.93,6619
3950,76025,2011-10-02,Shame,en,8.3104,6.9,3424
3951,25508,1942-12-05,Cat People,en,2.1489,6.93,674
3952,12186,1991-03-22,Defending Your Life,en,1.8633,6.9,308
3953,12101,1973-04-18,Soylent Green,en,3.9604,6.93,1428
3954,925102,2022-07-13,The Night of the 12th,fr,0.7936,6.929,777
3955,491926,2020-03-27,Resistance,en,2.7157,6.929,473
3956,432527,2018-01-25,Padmaavat,hi,3.5797,6.929,312
3957,15515,1958-12-05,The 7th Voyage of Sinbad,en,2.406,6.929,317
3958,2196,2007-08-17,Death at a Funeral,en,2.965,6.93,1927
3959,796185,2023-04-05,The Three Musketeers: D'Artagnan,fr,5.3041,6.9,1400
3960,13179,2008-09-11,Tinker Bell,en,6.1086,6.927,1572
3961,355111,2015-08-12,Barbie in Rock 'N Royals,en,2.095,6.926,319
3962,14900,1981-06-26,The Great Muppet Caper,en,2.2273,6.926,344
3963,1242011,2025-07-14,Together,en,9.7778,6.926,1188
3964,1047020,2024-05-10,The Last Stop in Yuma County,en,1.4855,6.9,361
3965,816904,2023-01-05,Mummies,es,2.6129,6.9,511
3966,437109,2017-06-08,The Villainess,ko,2.9664,6.925,770
3967,35854,2007-07-26,Flash Point,cn,3.566,6.9,372
3968,9300,1992-12-11,Orlando,en,1.6495,6.933,386
3969,639721,2021-10-01,The Addams Family 2,en,3.92,6.924,1413
3970,484482,2018-10-24,Sink or Swim,fr,1.3346,6.924,1593
3971,357953,1975-09-04,Return,en,0.1487,6.924,656
3972,56648,1976-12-08,The Toy,fr,1.1882,6.924,330
3973,17578,2011-10-24,The Adventures of Tintin,en,7.8171,6.924,5845
3974,495193,2018-03-16,Benji,en,1.3375,6.923,324
3975,334304,2015-12-08,Belle and Sebastian: The Adventure Continues,fr,1.1248,6.9,356
3976,15805,1998-02-11,Batman & Mr. Freeze: SubZero,en,1.9603,6.923,508
3977,13497,2002-12-13,Drumline,en,2.8936,6.923,570
3978,1987,1992-11-06,Benny's Video,de,1.4955,6.923,391
3979,1535,2001-11-18,Spy Game,en,3.9402,6.923,2375
3980,953,2005-05-25,Madagascar,en,15.1842,6.923,11768
3981,883,2004-03-12,Coffee and Cigarettes,en,1.3072,6.9,1052
3982,560008,2020-03-13,Minamata,en,1.6359,6.922,332
3983,60670,2000-09-27,The Crimson Rivers,fr,2.6024,6.922,1734
3984,13675,1969-12-07,Frosty the Snowman,en,1.5494,6.922,390
3985,3432,2007-05-31,Mr. Brooks,en,2.8139,6.922,1886
3986,2140,2001-07-06,Kiss of the Dragon,en,4.4145,6.922,1353
3987,1553,2005-03-16,The Beat That My Heart Skipped,fr,1.314,6.9,492
3988,758323,2023-04-05,The Pope's Exorcist,en,5.1665,6.922,3186
3989,729854,2023-08-09,Concrete Utopia,ko,6.9382,6.921,303
3990,581032,2020-12-25,News of the World,en,2.0391,6.921,1946
3991,22599,2001-06-01,Star,en,0.5537,6.921,322
3992,1430077,2026-04-29,Hokum,en,78.1877,6.907,403
3993,339987,2017-06-02,The Exception,en,2.3187,6.92,469
3994,103269,2012-06-12,Superman vs. The Elite,en,1.6384,6.92,451
3995,27233,1996-07-27,Kids Return,ja,1.6428,6.92,339
3996,26466,2009-10-16,Triangle,en,8.9046,6.92,3015
3997,24100,2000-10-27,The Little Vampire,en,1.4608,6.92,467
3998,2023,2004-02-04,Hidalgo,en,2.6999,6.92,1348
3999,1994,1932-09-16,The Most Dangerous Game,en,1.045,6.9,311
4000,931,1973-10-11,Don't Look Now,en,2.0829,6.9,1185
4001,734265,2021-11-05,Love Hard,en,2.2789,6.919,1617
4002,347031,2016-06-24,Swiss Army Man,en,2.7679,6.919,3828
4003,346698,2023-07-19,Barbie,en,19.8607,6.919,11173
4004,601796,2022-07-20,Alienoid,ko,9.7631,6.92,561
4005,203819,2013-12-19,Tracks,en,0.0808,6.918,565
4006,17501,2006-10-20,Don,hi,1.9038,6.917,308
4007,13939,1974-07-24,Death Wish,en,3.7819,6.917,956
4008,1029281,2024-08-14,Strange Darling,en,5.6336,6.9,939
4009,534259,2019-08-09,Blinded by the Light,en,1.1854,6.916,611
4010,511809,2021-12-08,West Side Story,en,4.7133,6.916,1789
4011,25196,2009-12-16,Crazy Heart,en,2.6872,6.916,1200
4012,6498,1994-02-25,Nightwatch,da,1.7426,6.913,323
4013,400136,2017-05-27,Resident Evil: Vendetta,ja,3.9714,6.915,1092
4014,14135,1993-09-01,Bad Boy Bubby,en,1.5342,6.915,306
4015,4836,2004-09-30,Layer Cake,en,4.9383,6.915,2379
4016,380111,2016-04-21,Flight Crew,ru,2.3005,6.914,301
4017,91010,2012-02-28,Game Change,en,1.9642,6.914,345
4018,10530,1995-06-16,Pocahontas,en,5.7966,6.914,6086
4019,602,1996-07-02,Independence Day,en,15.5256,6.914,10479
4020,664031,2020-10-22,Out of My League,it,0.617,6.913,484
4021,614488,2019-10-12,Street Flow,fr,2.2328,6.9,373
4022,519465,2019-03-27,Queen of Hearts,da,14.3172,6.913,381
4023,468224,2019-05-03,Tolkien,en,3.1722,6.913,1550
4024,399402,2018-10-19,Hunter Killer,en,6.7837,6.913,2416
4025,23479,1976-04-06,The Bad News Bears,en,1.6478,6.913,338
4026,10323,1981-06-12,Clash of the Titans,en,4.4872,6.917,858
4027,1022787,2025-06-18,Elio,en,14.8195,6.9,1014
4028,539651,2019-08-30,Don't Let Go,en,1.5539,6.912,459
4029,449992,2018-10-05,The Night Comes For Us,id,6.6814,6.912,811
4030,15163,2006-09-16,Amazing Grace,en,1.7402,6.912,319
4031,13416,2004-10-08,Friday Night Lights,en,2.2135,6.912,635
4032,11820,2003-12-19,Mona Lisa Smile,en,2.844,6.912,1902
4033,937287,2024-04-18,Challengers,en,8.8867,6.9,2703
4034,441829,2017-02-14,Team Thor: Part 2,en,1.0794,6.911,359
4035,68341,2011-01-29,Cold Fish,ja,3.4604,6.911,403
4036,59967,2012-09-26,Looper,en,10.8257,6.912,10950
4037,18573,1953-04-16,House of Wax,en,1.9415,6.9,383
4038,11134,1992-07-04,Police Story 3: Super Cop,cn,5.0456,6.9,577
4039,8653,2000-04-22,The Isle,ko,1.7742,6.911,369
4040,249,1989-12-08,The War of the Roses,en,2.794,6.911,1256
4041,989662,2024-08-24,A Different Man,en,2.8326,6.9,450
4042,975773,2024-02-23,Wicked Little Letters,en,1.5955,6.91,680
4043,590854,2020-03-06,The Hater,pl,1.0703,6.91,596
4044,458253,2019-04-04,Missing Link,en,3.0115,6.912,933
4045,424998,2017-04-07,The Case for Christ,en,1.5423,6.91,324
4046,245473,2014-01-17,Cloud 9,en,1.9896,6.91,543
4047,226857,2014-02-12,Endless Love,en,2.7728,6.91,1759
4048,84329,2012-08-24,Robot & Frank,en,1.9765,6.91,1171
4049,11393,1984-05-11,The Natural,en,4.5889,6.9,670
4050,8272,2007-11-28,The Savages,en,2.0672,6.91,441
4051,1405338,2025-02-26,Demon City,ja,4.6294,6.9,330
4052,470229,2018-08-10,Summer of 84,en,3.0644,6.91,1473
4053,426865,2018-09-27,UFO,en,1.8854,6.909,446
4054,211052,2013-09-09,Miss Violence,el,1.3863,6.909,598
4055,77459,2011-10-12,A Monster in Paris,fr,2.5296,6.909,1360
4056,21588,1994-03-25,Cemetery Man,it,1.8084,6.9,575
4057,11087,1992-01-10,The Hand That Rocks the Cradle,en,2.7038,6.909,1018
4058,1381,2006-11-22,The Fountain,en,3.5872,6.908,3116
4059,725201,2022-07-13,The Gray Man,en,10.3612,6.909,4283
4060,110415,2013-08-01,Snowpiercer,ko,9.0107,6.909,10460
4061,33196,2009-07-22,Tidal Wave,ko,3.7919,6.908,489
4062,11477,2000-09-29,Common Wealth,es,1.1229,6.908,352
4063,10217,1997-09-25,The Sweet Hereafter,en,1.2783,6.9,431
4064,846,1998-06-19,The X-Files,en,4.4771,6.908,1818
4065,384677,2018-06-15,Set It Up,en,4.8747,6.907,2815
4066,51162,2011-04-06,Winnie the Pooh,en,3.8673,6.907,968
4067,10443,1993-10-15,Fearless,en,1.7436,6.907,343
4068,604079,2025-09-10,The Long Walk,en,14.1435,6.9,1582
4069,402431,2024-10-16,Wicked,en,16.5768,6.9,3068
4070,252822,2014-02-21,In Order of Disappearance,no,1.2036,6.906,678
4071,44896,2011-03-02,Rango,en,13.1618,6.906,7145
4072,17979,2009-11-04,A Christmas Carol,en,4.5105,6.906,4921
4073,10423,1993-05-07,Dragon: The Bruce Lee Story,en,2.9123,6.907,803
4074,7291,2004-11-24,36th Precinct,fr,1.0947,6.906,643
4075,2322,1992-09-09,Sneakers,en,6.3737,6.906,1059
4076,1951,2005-06-03,Manderlay,da,1.9026,6.906,406
4077,745611,2021-09-08,Delicious,fr,2.3504,6.905,300
4078,658760,2020-02-14,Isi & Ossi,de,2.1123,6.905,959
4079,606523,2020-09-03,Night in Paradise,ko,2.4995,6.905,301
4080,447404,2019-05-03,Pokémon Detective Pikachu,en,9.747,6.905,7377
4081,221902,2014-05-21,"Two Days, One Night",fr,1.1322,6.904,1018
4082,157350,2014-03-14,Divergent,en,7.0157,6.905,13514
4083,1371,1982-05-28,Rocky III,en,6.3914,6.904,4516
4084,599281,2021-02-12,Fear of Rain,en,2.3243,6.904,566
4085,568467,2020-11-13,Ammonite,en,2.4854,6.904,644
4086,57214,2012-03-01,Project X,en,8.3794,6.905,6869
4087,10643,1999-12-11,Godzilla 2000: Millennium,ja,2.5166,6.904,308
4088,422803,2019-09-26,A Shaun the Sheep Movie: Farmageddon,en,2.56,6.9,592
4089,397538,2017-09-08,Borg vs McEnroe,sv,1.4004,6.903,1208
4090,168903,2013-02-14,Barbie in the Pink Shoes,en,3.8614,6.9,401
4091,85446,2012-07-26,Step Up Revolution,en,3.2446,6.903,2130
4092,1643,1972-12-15,Last Tango in Paris,it,4.1231,6.9,1344
4093,710,1995-11-16,GoldenEye,en,6.6683,6.903,4354
4094,423646,2017-11-23,In the Fade,de,1.0644,6.902,891
4095,363088,2018-07-04,Ant-Man and the Wasp,en,8.3787,6.902,14225
4096,310593,2015-05-20,Youth,it,3.5623,6.902,2219
4097,204668,2013-12-18,Belle and Sebastian,fr,1.0433,6.9,680
4098,8953,2004-07-17,Steamboy,ja,2.7768,6.902,494
4099,177888,2013-08-07,Teen Beach Movie,en,2.7787,6.901,957
4100,131634,2015-11-18,The Hunger Games: Mockingjay - Part 2,en,7.8557,6.9,13378
4101,9359,1994-05-20,Maverick,en,3.3403,6.901,1783
4102,337170,2017-08-18,American Made,en,6.075,6.9,4997
4103,296524,2016-09-28,Deepwater Horizon,en,5.465,6.9,4929
4104,133121,2012-09-25,Resident Evil: Damnation,ja,3.2674,6.9,1001
4105,62837,2011-09-22,Dolphin Tale,en,2.1254,6.9,684
4106,16366,2000-11-07,Joseph: King of Dreams,en,4.3502,6.9,1073
4107,9812,1998-09-25,Thursday,en,2.673,6.9,371
4108,8072,1965-05-05,Alphaville,fr,1.7772,6.9,618
4109,19204,1981-04-22,The Beyond,it,2.0653,6.902,674
4110,12528,1981-09-24,Southern Comfort,en,1.989,6.899,356
4111,11205,1984-08-17,Wheels on Meals,cn,4.6699,6.899,439
4112,8326,2003-04-18,Holes,en,4.0203,6.899,1549
4113,1114967,2025-10-14,Good Fortune,en,3.6131,6.903,659
4114,646389,2023-01-11,Plane,en,5.1944,6.898,2672
4115,22947,2009-12-04,Up in the Air,en,3.7883,6.898,4015
4116,15167,2001-09-30,Barbie in the Nutcracker,en,5.6147,6.898,1117
4117,14746,1984-06-01,Streets of Fire,en,2.3713,6.898,551
4118,11571,1959-12-15,Journey to the Center of the Earth,en,3.2081,6.898,514
4119,6418,2007-10-26,Hotel Chevalier,en,2.0088,6.898,920
4120,1958,2002-02-06,8 Women,fr,2.0683,6.9,1072
4121,426613,2018-07-18,The Miseducation of Cameron Post,en,1.5075,6.897,1017
4122,361292,2018-10-26,Suspiria,en,4.4768,6.897,2774
4123,38408,2010-10-02,Life As We Know It,en,3.4141,6.897,3289
4124,22660,1957-12-25,Old Yeller,en,2.176,6.897,300
4125,10015,1986-12-05,Heartbreak Ridge,en,2.6194,6.897,1132
4126,3472,2002-09-05,Dirty Pretty Things,en,1.8971,6.897,498
4127,699102,2021-03-26,A Week Away,en,1.373,6.896,408
4128,458342,2018-10-05,Private Life,en,1.583,6.896,417
4129,232672,2014-05-21,Blended,en,7.918,6.896,3818
4130,25195,2010-01-08,Leap Year,en,4.7466,6.896,2173
4131,2295,2006-07-21,Clerks II,en,2.265,6.896,1503
4132,547,1998-02-01,The Horse Whisperer,en,3.0898,6.9,1192
4133,957608,2023-04-19,Junkyard Dog,fr,0.8075,6.9,393
4134,892153,2022-01-24,Tom and Jerry Cowboy Up!,en,2.3084,6.895,449
4135,660942,2021-09-03,The Innocents,no,1.5353,6.895,718
4136,425134,2017-03-06,How to Be a Latin Lover,en,1.9562,6.895,658
4137,338967,2019-10-09,Zombieland: Double Tap,en,5.7902,6.896,6293
4138,83542,2012-10-26,Cloud Atlas,en,5.037,6.9,7539
4139,4193,1982-03-05,Evil Under the Sun,en,2.669,6.897,513
4140,500860,2019-03-15,The Mustang,en,1.8182,6.894,432
4141,8075,1967-12-29,Weekend,fr,1.5577,6.894,313
4142,390043,2017-08-16,The Hitman's Bodyguard,en,5.6277,6.893,6691
4143,210479,2014-04-10,Locke,en,2.0334,6.893,2950
4144,7305,1993-01-15,Alive,en,3.9069,6.893,1589
4145,254,2005-12-12,King Kong,en,12.2128,6.893,8535
4146,21506,2005-08-20,Noroi: The Curse,ja,3.6881,6.881,432
4147,16281,1982-11-10,Creepshow,en,2.6394,6.892,1158
4148,10445,1993-12-25,Shadowlands,en,2.2853,6.892,309
4149,1770,1996-10-25,Michael Collins,en,1.6477,6.892,519
4150,1106739,2024-10-30,Juror #2,en,4.2348,6.891,2495
4151,423899,2017-09-13,Victoria & Abdul,en,1.589,6.891,1205
4152,393457,2016-12-16,Fences,en,2.7141,6.891,2815
4153,322125,2015-03-18,A Perfect Man,fr,0.6407,6.891,700
4154,35138,2010-02-14,Little Big Soldier,zh,2.0957,6.891,339
4155,13253,2008-11-03,Futurama: Bender's Game,en,1.1128,6.891,604
4156,6399,1981-12-09,Who Finds a Friend Finds a Treasure,it,1.785,6.9,685
4157,17467,1991-10-05,Riki-Oh: The Story of Ricky,cn,4.1699,6.9,369
4158,12476,1987-10-30,The Hidden,en,3.0892,6.89,493
4159,11170,2006-12-12,We Are Marshall,en,1.9911,6.89,793
4160,9942,1989-02-16,Major League,en,3.1148,6.89,880
4161,9567,2003-03-07,Tears of the Sun,en,10.7588,6.891,2629
4162,31175,2009-09-09,Soul Kitchen,de,1.4408,6.889,597
4163,9344,1995-07-21,Kids,en,3.9623,6.889,1305
4164,618416,2021-01-21,Penguin Bloom,en,2.0927,6.9,340
4165,303857,2015-04-18,Dragon Ball Z: Resurrection 'F',ja,6.2716,6.888,2038
4166,17360,1981-06-17,Escape to Victory,en,3.5524,6.887,1004
4167,13275,2006-01-27,Annapolis,en,2.4831,6.888,574
4168,10276,1991-05-17,What About Bob?,en,2.3045,6.888,909
4169,7551,2006-11-22,Déjà Vu,en,5.8961,6.888,5313
4170,6471,1979-12-14,The Jerk,en,2.593,6.888,909
4171,1680,1962-08-11,King Kong vs. Godzilla,ja,2.5446,6.888,344
4172,617762,2021-10-21,The Electrical Life of Louis Wain,en,1.8603,6.887,535
4173,407447,2018-05-09,The Extraordinary Journey of the Fakir,en,0.9318,6.887,310
4174,113947,2012-05-02,The Sessions,en,2.538,6.887,614
4175,64688,2012-03-14,21 Jump Street,en,6.7965,6.887,11066
4176,34463,1933-05-27,Three Little Pigs,en,1.1917,6.887,420
4177,13285,2006-03-14,Barbie Fairytopia: Mermaidia,en,3.2388,6.887,737
4178,11593,1994-12-23,Nobody's Fool,en,2.0521,6.887,345
4179,419743,2018-04-24,Disobedience,en,3.6815,6.9,1285
4180,335787,2022-02-10,Uncharted,en,12.1418,6.885,6913
4181,13785,2000-09-29,Best in Show,en,2.4898,6.886,678
4182,1083381,2026-05-27,Backrooms,en,150.3394,6.9,734
4183,457332,2023-07-06,Hidden Strike,en,5.8226,6.885,1069
4184,31997,1942-04-22,Saboteur,en,1.2535,6.9,549
4185,13931,2002-05-24,Mike's New Car,en,1.6968,6.885,757
4186,12919,1987-08-14,Can't Buy Me Love,en,2.983,6.885,716
4187,10934,2003-09-20,Under the Tuscan Sun,en,2.6512,6.888,975
4188,9591,1996-10-04,That Thing You Do!,en,2.1564,6.885,922
4189,110410,2012-11-15,Drug War,cn,1.6204,6.9,306
4190,70667,2012-08-24,Kon-Tiki,no,2.1926,6.884,831
4191,9602,1988-06-29,Coming to America,en,6.1305,6.884,4764
4192,587301,2019-08-28,School Life,fr,1.1419,6.883,807
4193,468225,2021-09-17,The Starling,en,1.8763,6.883,321
4194,116979,2012-10-02,Chained,en,1.4786,6.883,539
4195,10560,2000-05-12,Center Stage,en,1.9864,6.883,363
4196,1246,2006-12-20,Rocky Balboa,en,6.092,6.883,3819
4197,820525,2023-09-13,After Everything,en,6.2647,6.9,999
4198,465914,2018-12-14,If Beale Street Could Talk,en,2.6448,6.882,1228
4199,79108,2011-07-27,Starbuck,fr,1.3127,6.882,474
4200,16962,2007-03-13,Barbie Fairytopia: Magic of the Rainbow,en,2.3575,6.882,467
4201,10937,1987-09-02,Barfly,en,1.5148,6.9,387
4202,556694,2022-08-24,Three Thousand Years of Longing,en,4.6377,6.881,1672
4203,294963,2015-10-23,Bone Tomahawk,en,3.8067,6.881,2544
4204,14012,2006-10-20,Flicka,en,1.2589,6.881,315
4205,1005331,2024-12-05,Carry-On,en,6.9511,6.88,2780
4206,441393,2018-09-21,Ash Is Purest White,zh,1.4623,6.9,358
4207,68924,1997-09-27,The Ice Storm,en,3.9971,6.88,747
4208,192136,2013-11-28,Mandela: Long Walk to Freedom,en,1.9752,6.879,575
4209,157841,2013-10-16,The Young and Prodigious T.S. Spivet,en,1.924,6.879,895
4210,9476,2001-05-11,A Knight's Tale,en,6.8385,6.879,3401
4211,8882,2008-05-16,Gomorrah,it,1.2752,6.9,1302
4212,1079310,2024-12-11,Holy Cow,fr,0.6804,6.878,336
4213,849869,2023-02-18,Kill Boksoon,ko,3.6595,6.878,543
4214,18971,1991-02-08,Rosencrantz & Guildenstern Are Dead,en,1.3996,6.878,323
4215,18254,1981-12-25,Reds,en,2.4141,6.9,376
4216,9003,1987-09-11,Hellraiser,en,4.4095,6.879,2888
4217,4012,2001-08-23,The Believer,en,2.1783,6.878,676
4218,868759,2023-04-18,Ghosted,en,6.9637,6.877,2201
4219,51999,2011-09-29,Perfect Sense,en,2.8319,6.877,1255
4220,9762,2006-08-11,Step Up,en,5.1606,6.878,3914
4221,8769,1983-12-09,Christine,en,4.3393,6.877,2254
4222,1056380,2023-11-30,The Coffee Table,es,1.3854,6.9,306
4223,513310,2021-02-19,Boss Level,en,6.2026,6.876,1938
4224,82507,2012-10-04,Sinister,en,8.5846,6.875,6064
4225,1808,1998-08-28,Velvet Goldmine,en,2.0375,6.876,545
4226,972533,2025-02-24,Last Breath,en,4.0885,6.875,653
4227,541134,2022-10-19,The Good Nurse,en,2.5302,6.875,1453
4228,512200,2019-12-04,Jumanji: The Next Level,en,8.4951,6.875,9410
4229,278927,2016-04-07,The Jungle Book,en,10.8389,6.875,8519
4230,10019,1987-02-13,Mannequin,en,3.0554,6.875,824
4231,9263,1995-10-20,Now and Then,en,2.3788,6.875,480
4232,921452,2023-05-16,Jeanne du Barry,fr,2.7864,6.874,685
4233,542417,2019-07-26,Skin,en,2.3397,6.874,467
4234,531876,2020-06-24,The Outpost,en,5.4325,6.874,1178
4235,495764,2020-02-05,Birds of Prey (and the Fantabulous Emancipation of One Harley Quinn),en,8.0896,6.874,10842
4236,14752,2001-07-24,Dil Chahta Hai,hi,1.5842,6.875,343
4237,1921,2001-02-16,Sweet November,en,2.9171,6.874,1448
4238,1824,2004-02-13,50 First Dates,en,8.3755,6.874,7764
4239,454652,2018-09-21,Colette,en,2.6927,6.873,952
4240,746131,2021-11-03,"Paris, 13th District",fr,18.0768,6.872,393
4241,56590,2011-01-01,All Star Superman,en,1.9623,6.9,556
4242,19185,1990-10-19,Night of the Living Dead,en,2.7651,6.87,964
4243,14831,1965-07-29,Help!,en,1.5785,6.9,351
4244,537055,2019-10-04,Wonder Woman: Bloodlines,en,1.9935,6.871,520
4245,78215,2012-03-09,Into the White,no,1.4771,6.871,329
4246,16270,1991-03-29,Career Opportunities,en,2.9513,6.871,757
4247,11156,2009-04-22,Coco Before Chanel,fr,2.0039,6.871,1035
4248,1817,2003-01-06,Phone Booth,en,4.6429,6.871,4190
4249,308084,2015-07-10,Tangerine,en,2.3067,6.87,803
4250,256591,2015-02-25,Focus,en,4.7353,6.87,8303
4251,70057,2011-07-04,Dragon,zh,2.3754,6.87,323
4252,22494,2009-04-24,Frequently Asked Questions About Time Travel,en,1.2445,6.87,679
4253,718789,2022-06-15,Lightyear,en,8.4141,6.869,3829
4254,551271,2022-09-08,Medieval,en,2.8418,6.866,540
4255,9919,2003-02-07,How to Lose a Guy in 10 Days,en,8.8582,6.869,4498
4256,9667,2005-03-04,The Jacket,en,3.2923,6.869,1702
4257,957,1987-06-24,Spaceballs,en,7.6369,6.869,3416
4258,504172,2018-12-14,The Mule,en,5.0134,6.868,5379
4259,297802,2018-12-07,Aquaman,en,13.0479,6.9,14951
4260,291984,2019-03-13,The Death & Life of John F. Donovan,en,1.8018,6.9,719
4261,39144,1986-12-20,Dragon Ball: Curse of the Blood Rubies,ja,2.6347,6.9,375
4262,31900,2010-01-20,Gainsbourg: A Heroic Life,fr,1.0536,6.9,355
4263,14295,2000-03-03,You Can Count on Me,en,1.6964,6.868,349
4264,11561,1973-12-17,Sleeper,en,1.4295,6.864,847
4265,10362,2008-11-19,Two Lovers,en,2.4532,6.868,927
4266,9451,1999-04-23,Election,en,2.2771,6.863,1201
4267,2787,2000-02-18,Pitch Black,en,3.1733,6.868,4823
4268,726139,2024-07-11,Project Silence,ko,2.8226,6.9,403
4269,473072,2017-08-30,2036: Nexus Dawn,en,1.3154,6.9,415
4270,449443,2018-01-18,Den of Thieves,en,7.7844,6.867,3423
4271,339405,2016-10-14,Christine,en,1.4063,6.867,410
4272,57737,2011-03-01,Barbie: A Fairy Secret,en,2.927,6.867,541
4273,28501,1961-08-12,The Pit and the Pendulum,en,1.5256,6.864,387
4274,10644,1988-02-05,The Unbearable Lightness of Being,en,3.0849,6.9,519
4275,8009,1986-03-07,Highlander,en,7.6655,6.867,2928
4276,1172676,2023-09-29,Poison,en,1.7465,6.866,589
4277,560016,2024-04-03,Monkey Man,en,4.6363,6.866,1423
4278,5889,2003-05-10,Azumi,ja,1.7981,6.866,366
4279,2755,2002-12-12,About Schmidt,en,2.1188,6.9,1377
4280,592834,2020-01-09,My Spy,en,3.5166,6.865,1385
4281,513347,2018-08-04,Flavors of Youth,zh,1.9751,6.865,588
4282,360920,2018-11-08,The Grinch,en,8.7248,6.865,4448
4283,45284,2010-06-12,Outrage,ja,2.2421,6.9,459
4284,87502,2012-02-22,Flight,en,4.7972,6.864,6475
4285,9433,1997-09-06,The Edge,en,4.6116,6.864,1330
4286,1245993,2025-08-26,Caught Stealing,en,4.3868,6.863,1001
4287,602223,2021-06-30,The Forever Purge,en,4.9018,6.9,2689
4288,514207,2020-02-27,Invasion,ru,4.8076,6.863,891
4289,260514,2017-06-15,Cars 3,en,14.2144,6.9,6417
4290,76535,2011-10-25,Marvel One-Shot: A Funny Thing Happened on the Way to Thor's Hammer,en,1.2564,6.863,568
4291,50839,2011-09-28,Margin Call,en,4.9279,6.863,2106
4292,24739,1989-05-19,Miracle Mile,en,1.9639,6.863,322
4293,11148,2007-06-14,XXY,es,1.4333,6.863,321
4294,10083,1987-08-14,No Way Out,en,3.8879,6.863,814
4295,919,2000-11-18,Blood: The Last Vampire,ja,1.8123,6.9,377
4296,727745,2021-08-11,The Kissing Booth 3,en,2.8972,6.86,2031
4297,82424,2011-11-23,Small Fry,en,10.3144,6.9,589
4298,49049,2012-09-07,Dredd,en,5.6622,6.863,5557
4299,9059,1995-01-13,Tales from the Crypt: Demon Knight,en,2.0697,6.862,561
4300,432087,2017-06-14,Back to Burgundy,fr,0.8665,6.861,618
4301,242090,2014-08-08,The One I Love,en,1.6059,6.859,779
4302,152737,2013-12-26,August: Osage County,en,2.3695,6.86,1595
4303,48769,1983-10-26,Gramps Is in the Resistance,fr,0.8137,6.9,445
4304,18444,1960-12-21,Swiss Family Robinson,en,1.9743,6.861,352
4305,9599,1988-08-05,The Blob,en,5.9251,6.861,1058
4306,1151272,2025-06-06,Sirāt,es,6.1217,6.862,686
4307,340684,2015-05-16,Those People,en,1.4954,6.9,349
4308,235260,2014-02-28,Son of God,en,2.1546,6.86,351
4309,1494,2006-12-14,Curse of the Golden Flower,zh,3.176,6.86,820
4310,1102776,2023-04-28,AKA,fr,2.0547,6.859,696
4311,929590,2024-04-10,Civil War,en,11.4264,6.859,4362
4312,4929,1968-04-12,Hang 'em High,en,4.2673,6.858,855
4313,1408208,2025-08-28,Exit 8,ja,19.9391,6.863,512
4314,676547,2022-10-23,Prey for the Devil,en,3.7792,6.853,1017
4315,14609,2006-02-21,Ultimate Avengers: The Movie,en,1.5273,6.858,400
4316,14367,1987-07-01,Adventures in Babysitting,en,2.8713,6.858,758
4317,13682,2005-02-11,Pooh's Heffalump Movie,en,2.0735,6.9,512
4318,12268,1976-09-16,The Pink Panther Strikes Again,en,2.5868,6.858,625
4319,1182047,2024-10-09,The Apprentice,en,3.4551,6.855,978
4320,342672,2015-05-26,4th Man Out,en,0.8819,6.857,350
4321,323372,2015-03-15,The Corpse of Anna Fritz,es,3.3028,6.857,583
4322,28609,1989-07-15,Dragon Ball Z: Dead Zone,ja,3.5578,6.857,619
4323,307103,2015-01-07,SK1,fr,0.5065,6.856,333
4324,168672,2013-12-03,American Hustle,en,4.8102,6.856,7769
4325,76726,2012-02-01,Chronicle,en,9.5778,6.856,5756
4326,44249,2010-06-24,The Legend Is Born: Ip Man,cn,0.3497,6.856,725
4327,17845,2008-10-21,Loft,nl,1.3399,6.856,436
4328,12763,2006-03-17,Take the Lead,en,4.4827,6.856,746
4329,8367,1991-06-14,Robin Hood: Prince of Thieves,en,8.6885,6.855,3600
4330,11463,1969-09-15,Battle of Britain,en,4.3896,6.855,349
4331,11144,1978-09-15,They Called Him Bulldozer,it,1.1851,6.9,349
4332,10138,2010-04-28,Iron Man 2,en,21.8844,6.855,22457
4333,3683,2006-10-19,Flags of Our Fathers,en,3.7945,6.855,2027
4334,913290,2022-09-08,Barbarian,en,5.8282,6.9,3289
4335,258216,2013-12-25,Nymphomaniac: Vol. I,en,7.1717,6.855,3675
4336,24679,1988-06-01,Bird,en,1.0665,6.854,353
4337,277,2003-09-19,Underworld,en,6.3408,6.854,6618
4338,605886,2023-04-06,To Catch a Killer,en,4.0886,6.853,1332
4339,522098,2020-06-15,Babyteeth,en,1.327,6.853,395
4340,337339,2017-04-12,The Fate of the Furious,en,9.9979,6.853,10840
4341,265189,2014-08-15,Force Majeure,sv,1.4125,6.853,1224
4342,42188,2010-03-18,Never Let Me Go,en,3.0593,6.853,2480
4343,15171,1973-03-01,Charlotte's Web,en,1.8779,6.853,409
4344,11873,1986-10-17,The Color of Money,en,2.8726,6.849,1536
4345,10258,2005-09-23,The Madagascar Penguins in a Christmas Caper,en,1.8957,6.9,394
4346,1205515,2025-06-27,"Sorry, Baby",en,3.3747,6.844,305
4347,758679,2024-01-11,Mothers' Instinct,en,3.783,6.852,676
4348,21946,2007-03-07,Counter Investigation,fr,0.7513,6.852,338
4349,10218,1996-10-18,Swingers,en,2.6031,6.852,813
4350,1276073,2025-04-23,Bullet Train Explosion,ja,3.1439,6.9,325
4351,400155,2018-06-28,Hotel Transylvania 3: Summer Vacation,en,8.156,6.9,4710
4352,18937,1998-05-15,Quest for Camelot,en,3.0241,6.851,857
4353,991494,2025-12-16,The SpongeBob Movie: Search for SquarePants,en,21.9019,6.85,307
4354,303991,2016-04-06,Demolition,en,4.2708,6.85,2522
4355,207933,2014-10-23,Stonehearst Asylum,en,4.0879,6.849,1599
4356,171372,2014-05-09,Frank,en,1.5509,6.85,1724
4357,10858,1995-12-22,Nixon,en,2.3851,6.85,401
4358,8848,2008-02-28,The Bank Job,en,4.5862,6.85,2635
4359,2039,1987-12-16,Moonstruck,en,3.3138,6.85,1105
4360,1139566,2024-02-23,Through My Window 3: Looking at You,es,6.1074,6.849,677
4361,930921,2022-10-27,Strangeness,it,0.2102,6.849,357
4362,893370,2022-04-21,Virus: 32,es,1.0928,6.8,306
4363,632666,2020-09-10,Unpregnant,en,1.5251,6.849,327
4364,402298,2016-09-30,Denial,en,1.9006,6.849,703
4365,55292,2011-01-20,Shaolin,zh,3.0484,6.849,414
4366,11696,1967-12-01,The Exchange Student,fr,0.9927,6.8,311
4367,632856,2022-11-10,Spirited,en,2.915,6.848,766
4368,11879,1987-10-02,Near Dark,en,4.107,6.848,884
4369,805327,2022-08-16,Look Both Ways,en,2.5295,6.847,726
4370,717980,2023-02-10,Sharper,en,2.0117,6.8,687
4371,72976,2012-11-09,Lincoln,en,6.2274,6.847,4062
4372,15867,1978-08-02,Interiors,en,1.4775,6.847,392
4373,13813,2008-12-31,Defiance,en,2.6411,6.847,1900
4374,13776,1982-03-05,Diner,en,1.4231,6.847,308
4375,1648,1989-02-17,Bill & Ted's Excellent Adventure,en,2.6655,6.847,2111
4376,879,1991-04-10,Hook,en,8.8988,6.847,5760
4377,642208,2020-11-20,Supernova,en,1.3729,6.846,356
4378,450322,2017-10-12,The Man Who Invented Christmas,en,4.6286,6.846,872
4379,181886,2014-03-14,Enemy,en,14.4606,6.846,6464
4380,110390,2014-10-24,A Pigeon Sat on a Branch Reflecting on Existence,sv,0.8409,6.8,493
4381,22373,2007-02-23,Saturn in Opposition,it,0.6176,6.8,400
4382,7443,2000-06-23,Chicken Run,en,7.5727,6.846,5424
4383,834860,1985-01-01,RETURN,ja,0.1044,6.845,657
4384,527729,2018-05-12,Asterix: The Secret of the Magic Potion,fr,6.2404,6.845,1326
4385,507532,2023-09-08,Finestkind,en,2.8212,6.845,341
4386,445629,2019-02-14,Fighting with My Family,en,2.5478,6.845,1877
4387,354859,2016-12-02,The Promise,en,2.7452,6.845,510
4388,33542,1995-01-21,Rumble in the Bronx,cn,4.6482,6.845,1177
4389,9692,2004-12-24,The Woodsman,en,1.6848,6.845,533
4390,9319,1991-12-13,The Last Boy Scout,en,4.9872,6.846,2169
4391,4523,2007-11-20,Enchanted,en,7.8622,6.845,5725
4392,1051891,2024-06-21,Thelma,en,2.3461,6.846,426
4393,445571,2018-02-15,Game Night,en,6.6709,6.844,6324
4394,314402,2015-08-26,Dheepan,fr,0.9918,6.844,528
4395,284305,2014-09-21,Shrew's Nest,es,0.6991,6.844,326
4396,138832,2013-08-07,We're the Millers,en,8.6029,6.843,9491
4397,84175,2012-06-29,Beasts of the Southern Wild,en,1.5225,6.8,1150
4398,936,1963-12-18,The Pink Panther,en,4.7804,6.844,1184
4399,581387,2019-12-19,Ashfall,ko,3.9256,6.843,629
4400,532865,2021-01-14,The Dig,en,2.9347,6.843,1353
4401,520765,2020-01-16,Go!,en,0.87,6.843,334
4402,446021,2018-10-04,Bad Times at the El Royale,en,3.6378,6.842,3888
4403,400020,2017-03-02,The Young Karl Marx,fr,0.9788,6.843,324
4404,12560,1983-09-30,The Big Chill,en,2.2961,6.8,652
4405,10998,1987-09-18,Fatal Attraction,en,4.1579,6.843,1696
4406,776797,2021-01-22,The Sadness,zh,6.9593,6.84,1157
4407,11386,1992-09-02,The Crying Game,en,1.9105,6.842,849
4408,10697,2000-03-01,The Taste of Others,fr,0.8196,6.842,368
4409,10222,1989-04-20,Kickboxer,en,4.1335,6.842,1582
4410,10212,1999-03-16,Ravenous,en,2.5416,6.842,693
4411,38939,1972-03-09,Tales from the Crypt,en,1.0001,6.838,346
4412,26171,2009-12-04,Everybody's Fine,en,2.5449,6.841,1105
4413,17365,1974-06-14,The Parallax View,en,2.1615,6.841,370
4414,16638,1961-10-24,El Cid,en,2.5834,6.841,302
4415,8052,1997-02-28,Hard Eight,en,3.3694,6.841,984
4416,596161,2020-11-05,Let Him Go,en,3.4895,6.84,828
4417,283366,2016-09-28,Miss Peregrine's Home for Peculiar Children,en,8.2005,6.84,10498
4418,15143,1987-02-27,Some Kind of Wonderful,en,2.0019,6.84,540
4419,11071,1954-06-16,Them!,en,3.8821,6.8,463
4420,254470,2015-05-07,Pitch Perfect 2,en,5.8319,6.839,5533
4421,85889,2013-09-23,Filth,en,2.2795,6.839,1920
4422,56804,1995-12-15,Honeymoon Trips,it,0.4002,6.839,514
4423,36647,1998-08-21,Blade,en,9.534,6.839,6739
4424,15927,1984-12-14,A Passage to India,en,1.1567,6.8,327
4425,1991,2007-05-22,Death Proof,en,5.8662,6.839,5652
4426,739993,2022-04-08,Metal Lords,en,2.1917,6.838,772
4427,429300,2018-05-31,Adrift,en,2.6761,6.838,2705
4428,397243,2016-12-21,The Autopsy of Jane Doe,en,10.2046,6.838,4761
4429,228108,2014-10-24,The Road Within,en,1.0615,6.838,405
4430,127560,2013-12-02,The Railway Man,en,1.6851,6.838,783
4431,25475,2009-09-03,Tinker Bell and the Lost Treasure,en,4.5207,6.838,1118
4432,934761,2022-05-19,A Perfect Pairing,en,1.5827,6.837,602
4433,474350,2019-09-04,It Chapter Two,en,10.8085,6.837,9653
4434,126963,2013-03-30,Dragon Ball Z: Battle of Gods,ja,4.7151,6.837,1656
4435,72190,2013-06-19,World War Z,en,19.7509,6.838,16649
4436,65057,2011-09-09,The Descendants,en,3.0334,6.836,3078
4437,864370,2022-03-18,Incantation,zh,7.1761,6.83,841
4438,696506,2025-02-28,Mickey 17,en,12.721,6.836,3627
4439,254578,2014-09-25,Phoenix,de,1.6787,6.836,488
4440,26719,1987-10-11,House of Games,en,0.8939,6.8,347
4441,22971,2010-02-04,Dear John,en,3.8821,6.837,4296
4442,13510,2008-09-12,Eden Lake,en,5.7973,6.835,2105
4443,11004,2000-02-22,Wonder Boys,en,1.793,6.836,666
4444,574436,2019-02-14,Piranhas,it,0.7667,6.835,539
4445,338952,2018-11-14,Fantastic Beasts: The Crimes of Grindelwald,en,8.405,6.835,11497
4446,41216,2010-07-10,Legend of the Guardians: The Owls of Ga'Hoole,en,3.8953,6.835,2490
4447,2288,2004-12-03,Closer,en,8.4534,6.835,3751
4448,1858,2007-06-27,Transformers,en,4.0913,6.835,12278
4449,55347,2011-06-03,Beginners,en,1.7724,6.834,1145
4450,95,1998-07-01,Armageddon,en,7.4876,6.835,8616
4451,718633,2021-11-17,Bruised,en,1.1823,6.833,478
4452,521777,2019-08-14,Good Boys,en,3.9758,6.833,2021
4453,454227,2018-09-06,Outlaw King,en,3.9328,6.833,1700
4454,369778,2016-02-03,Chocolat,fr,0.9212,6.8,755
4455,326359,2015-03-09,Frozen Fever,en,3.1531,6.833,1908
4456,238713,2015-05-06,Spy,en,6.5264,6.8,6420
4457,49367,2005-08-19,Two Sons of Francisco,pt,0.7513,6.833,428
4458,526050,2019-04-04,Little,en,2.0724,6.832,757
4459,440161,2018-09-19,The Sisters Brothers,en,2.3007,6.832,2093
4460,384018,2019-07-31,Fast & Furious Presents: Hobbs & Shaw,en,11.7821,6.832,7789
4461,317560,2017-03-31,Carrie Pilby,en,1.2579,6.832,444
4462,261102,2014-12-25,The Misfits Club,es,0.4799,6.832,425
4463,1934,1998-12-11,Shakespeare in Love,en,3.2363,6.832,3224
4464,833425,2022-02-24,No Exit,en,3.5381,6.832,1311
4465,467956,2019-05-10,The Professor,en,2.4438,6.831,1265
4466,74465,2011-11-26,We Bought a Zoo,en,4.0094,6.831,2957
4467,34193,1978-11-08,Magic,en,1.511,6.8,323
4468,14011,2008-02-26,Justice League: The New Frontier,en,2.0752,6.831,556
4469,9737,1995-04-07,Bad Boys,en,7.6874,6.83,6983
4470,9062,1970-12-16,Love Story,en,3.2915,6.8,736
4471,508101,2019-06-14,Plus One,en,2.0566,6.83,415
4472,10297,1953-11-10,How to Marry a Millionaire,en,1.7352,6.83,562
4473,9026,2002-05-17,The Importance of Being Earnest,en,1.7123,6.83,509
4474,187017,2014-06-05,22 Jump Street,en,5.2711,6.829,8557
4475,12281,2004-08-20,Mean Creek,en,1.7484,6.829,415
4476,8976,2005-04-21,A Lot Like Love,en,2.4049,6.829,1373
4477,5994,2000-12-12,The Family Man,en,4.8426,6.829,2228
4478,2005,1992-05-28,Sister Act,en,5.7144,6.829,3453
4479,337401,2020-09-04,Mulan,en,8.5686,6.828,7061
4480,253412,2015-09-10,Everest,en,5.0509,6.828,5252
4481,10973,1954-03-05,Creature from the Black Lagoon,en,2.3322,6.828,864
4482,9563,1999-12-22,Any Given Sunday,en,3.1631,6.828,1831
4483,7874,2006-12-31,Black Snake Moan,en,3.1585,6.828,972
4484,1978,1950-02-23,Stage Fright,en,1.7816,6.8,369
4485,350499,2015-07-18,Pokémon the Movie: Hoopa and the Clash of Ages,ja,3.5106,6.827,313
4486,291805,2016-06-02,Now You See Me 2,en,9.6012,6.827,11619
4487,290864,2014-10-31,Kung Fu Jungle,zh,2.6324,6.827,523
4488,33583,1971-08-25,The Decameron,it,3.6835,6.827,358
4489,19997,1953-01-29,Niagara,en,3.412,6.8,441
4490,11708,1968-12-17,Chitty Chitty Bang Bang,en,3.8704,6.827,741
4491,1833,2005-11-17,Rent,en,1.9348,6.827,597
4492,236,1994-09-29,Muriel's Wedding,en,1.9743,6.827,491
4493,565426,2020-02-03,To All the Boys: P.S. I Still Love You,en,4.4261,6.827,2710
4494,335983,2018-09-28,Venom,en,12.1109,6.826,17289
4495,319337,2015-04-09,13 Minutes,de,1.2536,6.8,310
4496,150689,2015-03-06,Cinderella,en,12.8238,6.826,7417
4497,777245,2022-12-23,Women Talking,en,2.5622,6.825,735
4498,164052,2011-01-22,The Strange Thing About the Johnsons,en,1.1031,6.825,382
4499,154400,2014-09-12,The Drop,en,7.3312,6.825,2439
4500,5185,1970-10-29,The Private Life of Sherlock Holmes,en,1.3531,6.825,332
4501,1317088,2025-03-21,The Assessment,en,3.1142,6.8,440
4502,884971,2022-03-09,Goliath,fr,0.7856,6.824,404
4503,374416,2016-01-01,Where Am I Going?,it,0.8675,6.824,2226
4504,41233,2010-08-04,Step Up 3D,en,3.2373,6.824,2013
4505,11497,1989-11-17,All Dogs Go to Heaven,en,5.2232,6.8,1143
4506,2112,1999-02-05,Payback,en,5.435,6.825,2019
4507,762504,2022-07-20,Nope,en,7.9726,6.823,4935
4508,405774,2018-12-13,Bird Box,en,7.2149,6.823,10608
4509,308032,2015-07-17,The Stanford Prison Experiment,en,2.9987,6.823,996
4510,11774,2004-12-16,Lemony Snicket's A Series of Unfortunate Events,en,5.1868,6.822,5312
4511,10586,1996-10-11,The Ghost and the Darkness,en,3.7275,6.823,1149
4512,2614,1987-07-01,Innerspace,en,3.367,6.823,1409
4513,431,1998-07-11,Cube,en,3.5974,6.823,5252
4514,86838,2012-10-12,Seven Psychopaths,en,4.0345,6.822,4301
4515,30508,2008-10-01,Berlin Calling,de,1.3987,6.822,365
4516,12205,2002-01-19,Dark Water,ja,2.9098,6.822,713
4517,11439,2010-02-12,The Ghost Writer,en,2.1879,6.822,2462
4518,9270,2006-03-31,Brick,en,2.2612,6.822,1379
4519,8942,2008-12-10,Wendy and Lucy,en,1.5647,6.822,360
4520,5279,2001-12-26,Gosford Park,en,3.7201,6.822,1253
4521,2469,1990-01-22,Tie Me Up! Tie Me Down!,es,2.6598,6.822,703
4522,1947,2005-09-09,An Unfinished Life,en,2.8703,6.822,704
4523,1903,2001-12-14,Vanilla Sky,en,5.7729,6.823,4680
4524,446894,2018-09-20,Smallfoot,en,4.3373,6.8,1630
4525,1871,1964-11-04,Fantomas,fr,1.5419,6.821,820
4526,846867,2021-09-17,Mad God,en,2.2909,6.8,568
4527,353486,2017-12-09,Jumanji: Welcome to the Jungle,en,9.7663,6.82,14544
4528,55725,2011-03-18,Win Win,en,1.7107,6.82,560
4529,30163,1986-12-17,The Fugitives,fr,1.1015,6.82,435
4530,10897,1994-08-05,The Little Rascals,en,7.5856,6.8,1327
4531,9503,2009-10-22,Pope Joan,en,2.4905,6.8,362
4532,691,1977-07-07,The Spy Who Loved Me,en,4.3514,6.82,2249
4533,252171,2014-11-21,A Girl Walks Home Alone at Night,en,1.8862,6.8,951
4534,145247,2013-12-25,The 100 Year-Old Man Who Climbed Out the Window and Disappeared,sv,1.9014,6.819,1017
4535,10045,2004-11-09,District B13,fr,3.7712,6.819,2001
4536,795,1998-04-10,City of Angels,en,5.1029,6.819,2364
4537,131631,2014-11-19,The Hunger Games: Mockingjay - Part 1,en,10.8531,6.818,16766
4538,37137,1991-06-28,The Naked Gun 2½: The Smell of Fear,en,4.1056,6.818,2784
4539,34205,2001-10-12,Halloweentown II: Kalabar's Revenge,en,1.1583,6.8,370
4540,8835,2001-07-13,Legally Blonde,en,10.0561,6.818,4578
4541,6961,2005-02-04,The Wedding Date,en,2.9738,6.818,1260
4542,1318447,2026-04-24,Apex,en,65.9215,6.82,1528
4543,243683,2014-07-15,Step Up All In,en,3.5569,6.817,2006
4544,22051,2009-07-07,Adam,en,1.5098,6.817,486
4545,9655,2006-03-17,She's the Man,en,7.7308,6.817,3303
4546,8974,1953-04-03,The War of the Worlds,en,4.6912,6.817,703
4547,534490,2019-05-24,Avengement,en,3.3122,6.816,604
4548,417870,2017-07-21,Girls Trip,en,3.8796,6.816,1581
4549,82992,2013-05-21,Fast & Furious 6,en,1.3259,6.816,11209
4550,27850,1998-11-10,Halloweentown,en,1.4751,6.8,599
4551,13715,1986-04-18,At Close Range,en,2.4749,6.8,307
4552,11617,1950-11-15,Rio Grande,en,2.3152,6.8,394
4553,11208,2004-09-03,Wicker Park,en,2.8229,6.816,743
4554,8366,2001-07-11,Manitou's Shoe,de,1.3267,6.816,587
4555,4484,1978-10-20,La Cage aux Folles,fr,1.144,6.816,442
4556,796,1999-03-05,Cruel Intentions,en,19.752,6.816,3605
4557,15247,1965-03-18,The Ipcress File,en,1.5232,6.815,346
4558,10115,2006-04-21,Stick It,en,2.7965,6.815,608
4559,8292,2005-08-11,Four Brothers,en,5.4077,6.815,2425
4560,465003,2019-07-28,The Red Sea Diving Resort,en,1.9397,6.814,866
4561,11842,1971-09-15,Red Sun,fr,2.7585,6.814,311
4562,516729,2024-11-08,Paddington in Peru,en,6.7607,6.813,697
4563,437342,2024-04-03,The First Omen,en,3.947,6.813,1319
4564,283235,2015-09-25,99 Homes,en,2.5995,6.813,857
4565,107985,2013-07-18,The World's End,en,4.6448,6.8,5911
4566,18095,1997-03-26,Dragon Ball GT: A Hero's Legacy,ja,2.6059,6.813,372
4567,11092,1990-07-27,Presumed Innocent,en,2.6148,6.813,819
4568,932086,2024-06-26,Horizon: An American Saga - Chapter 1,en,3.762,6.812,655
4569,582206,2019-12-04,The Best Is Yet to Come,fr,0.8487,6.812,314
4570,225574,2014-02-26,Non-Stop,en,4.3938,6.812,5762
4571,14635,2002-03-25,The Rookie,en,2.8206,6.8,489
4572,401847,2018-10-19,Can You Ever Forgive Me?,en,1.945,6.811,1355
4573,59860,2011-07-01,Monte Carlo,en,3.1228,6.812,2336
4574,25941,2009-11-11,Harry Brown,en,2.3365,6.811,1167
4575,16995,2009-04-17,State of Play,en,3.1335,6.811,2158
4576,11054,1988-02-26,Hairspray,en,3.4538,6.811,447
4577,2300,1996-11-15,Space Jam,en,6.9774,6.811,6435
4578,2142,1997-08-15,Cop Land,en,3.8783,6.811,1807
4579,207686,2013-06-21,The House at the End of Time,es,0.9811,6.81,342
4580,24750,1979-09-28,Time After Time,en,1.6262,6.81,386
4581,18093,2007-10-24,Northanger Abbey,en,1.4267,6.81,319
4582,606566,2020-02-13,The Best Years,it,0.6079,6.809,438
4583,29702,1982-10-28,Tenebre,it,1.8319,6.812,697
4584,508664,2019-08-08,Danger Close: The Battle of Long Tan,en,2.0434,6.808,354
4585,393764,2016-06-08,The African Doctor,fr,2.1338,6.808,671
4586,377154,2016-02-27,Being 17,fr,0.7108,6.8,380
4587,38199,2010-05-26,Unthinkable,en,3.7806,6.808,1459
4588,10060,2005-11-09,Get Rich or Die Tryin',en,2.7411,6.811,1042
4589,9411,1998-01-16,Fallen,en,5.1487,6.808,1617
4590,2616,1989-08-16,Uncle Buck,en,5.1704,6.808,1362
4591,956842,2024-07-10,Fly Me to the Moon,en,3.9304,6.807,1163
4592,749170,2025-06-24,Heads of State,en,7.6874,6.807,1066
4593,27554,1971-06-01,The Panic in Needle Park,en,2.7399,6.807,371
4594,24740,1982-09-30,The Entity,en,3.343,6.807,565
4595,18377,2006-12-14,200 Pounds Beauty,ko,2.4145,6.807,349
4596,13648,2008-02-13,Resident Evil: Degeneration,ja,3.5473,6.806,1183
4597,2652,2005-01-14,Hard Candy,en,3.1534,6.807,2788
4598,438747,2017-03-10,Tangled: Before Ever After,en,2.6651,6.806,396
4599,369885,2016-11-23,Allied,en,4.5968,6.806,4811
4600,47854,2010-09-01,Legend of the Fist: The Return of Chen Zhen,cn,2.5004,6.793,457
4601,37735,2010-09-16,Easy A,en,5.6766,6.806,7403
4602,27130,1943-04-21,I Walked with a Zombie,en,0.6928,6.8,328
4603,9282,2004-08-20,11:14,en,2.8817,6.806,957
4604,8881,2008-09-05,Che: Part One,en,2.8414,6.806,831
4605,800815,2022-12-22,The Pale Blue Eye,en,3.0066,6.804,2186
4606,283704,2014-10-16,Leopardi,it,0.4057,6.8,670
4607,252178,2014-10-10,'71,en,2.3223,6.805,1223
4608,67660,2012-04-20,Think Like a Man,en,2.0473,6.805,899
4609,13342,1982-08-13,Fast Times at Ridgemont High,en,4.9784,6.804,1380
4610,1241320,2024-07-12,Kingdom: Return of the Great General,ja,2.7128,6.8,674
4611,1125257,2025-08-06,Freakier Friday,en,34.1986,6.8,718
4612,668482,2022-11-25,Roald Dahl's Matilda the Musical,en,4.2357,6.804,817
4613,630004,2021-03-04,The Vault,en,4.4264,6.799,1082
4614,17612,2001-01-21,Lost and Delirious,en,2.7455,6.804,535
4615,11381,1995-03-31,Tommy Boy,en,2.8297,6.804,1064
4616,9972,1989-08-04,Lock Up,en,3.3731,6.799,1328
4617,9481,1999-11-04,The Bone Collector,en,3.5928,6.803,3896
4618,9387,1982-03-16,Conan the Barbarian,en,6.2625,6.804,2814
4619,370663,2017-02-10,Below Her Mouth,en,11.3081,6.806,1299
4620,38285,1984-12-20,The Country Boy,it,0.7122,6.803,412
4621,20504,2010-01-14,The Book of Eli,en,5.3933,6.803,6713
4622,15854,2008-11-08,Kung Fu Panda: Secrets of the Furious Five,en,3.0047,6.803,474
4623,3509,2006-07-07,A Scanner Darkly,en,2.3833,6.803,1958
4624,514921,2019-11-04,The Aeronauts,en,2.3914,6.802,1201
4625,318917,2015-10-08,Look Who's Back,de,2.2965,6.802,1933
4626,44629,2010-06-03,Animal Kingdom,en,1.9675,6.8,915
4627,5038,2008-08-15,Vicky Cristina Barcelona,en,4.2877,6.802,4035
4628,401898,2017-09-15,Thelma,no,1.9119,6.8,1143
4629,796499,2021-10-29,Army of Thieves,en,5.4419,6.799,2290
4630,33908,2004-08-20,Three... Extremes,ko,2.0927,6.8,413
4631,13339,1987-10-09,Three O'Clock High,en,1.4294,6.799,301
4632,11018,1985-08-16,Year of the Dragon,en,2.1369,6.799,489
4633,10711,1975-05-18,French Connection II,en,1.5449,6.8,474
4634,9953,2004-09-02,A Love Song for Bobby Long,en,1.3346,6.799,432
4635,443463,2018-06-29,Leave No Trace,en,3.0215,6.798,1386
4636,436270,2022-10-19,Black Adam,en,12.5723,6.798,7056
4637,332979,2016-11-04,Bleed for This,en,1.7053,6.798,836
4638,37768,1982-01-22,Talcum Powder,it,1.527,6.798,485
4639,11129,1999-06-04,Human Traffic,en,1.3738,6.798,398
4640,11013,2002-09-20,Secretary,en,7.6125,6.8,1930
4641,759175,2022-06-16,The Princess,en,3.3501,6.797,855
4642,576784,2021-02-18,Upon the Magic Roads,ru,4.905,6.8,313
4643,171337,2013-02-27,Siberian Education,en,1.094,6.797,560
4644,41402,2010-10-01,Let Me In,en,3.9894,6.797,2210
4645,785542,2024-01-19,The Outrun,en,2.9443,6.8,343
4646,578189,2019-10-25,Black and Blue,en,2.9874,6.796,975
4647,44835,2010-01-22,Hesher,en,2.0753,6.796,759
4648,32250,2000-02-11,Ju-on: The Curse,ja,1.8659,6.796,306
4649,10780,1987-12-16,Overboard,en,4.3324,6.796,989
4650,766798,2021-10-08,Parallel Mothers,es,1.9946,6.795,1041
4651,592863,2021-08-12,Respect,en,2.1447,6.795,465
4652,14611,2006-08-08,Ultimate Avengers 2,en,1.4873,6.795,324
4653,419635,2017-09-08,Kodachrome,en,1.887,6.794,488
4654,301351,2015-08-26,We Are Your Friends,en,2.119,6.794,2463
4655,278427,2010-12-08,Family Guy Presents: It's a Trap!,en,1.4514,6.794,448
4656,158011,2013-03-14,The Call,en,3.555,6.794,3082
4657,8193,2004-06-11,Napoleon Dynamite,en,2.7753,6.794,2182
4658,6973,2007-09-14,In the Valley of Elah,en,1.7106,6.794,1093
4659,1365,2001-12-26,Monster's Ball,en,2.953,6.794,1091
4660,253331,2015-01-30,Black or White,en,1.3479,6.793,363
4661,98548,2012-06-29,People Like Us,en,2.2046,6.8,658
4662,9746,1997-12-25,Kundun,en,3.5374,6.793,496
4663,1439,1999-12-16,Anna and the King,en,2.0464,6.793,827
4664,763329,2021-12-10,Red Rocket,en,2.0411,6.792,634
4665,760883,2021-07-23,Blood Red Sky,de,2.7796,6.792,1724
4666,502422,2018-09-12,Thunder Road,en,1.3028,6.792,451
4667,426338,2017-09-29,Holy Camp!,es,0.9927,6.792,368
4668,345887,2018-07-19,The Equalizer 2,en,9.4036,6.793,6014
4669,340485,2016-09-30,American Honey,en,1.363,6.8,932
4670,9654,2003-05-30,The Italian Job,en,7.2056,6.793,6049
4671,4547,2002-03-29,Panic Room,en,5.8904,6.792,5438
4672,3079,1957-05-20,The Curse of Frankenstein,en,1.6915,6.792,343
4673,1172675,2023-09-27,The Swan,en,2.3961,6.8,546
4674,262551,2014-04-16,Babysitting,fr,2.7508,6.791,2017
4675,29193,1997-12-03,The Spanish Prisoner,en,1.3238,6.791,313
4676,18198,2008-02-26,Barbie Mariposa,en,2.5786,6.791,551
4677,484638,2019-01-30,15 Minutes of War,fr,1.2068,6.79,322
4678,198184,2015-03-04,Chappie,en,8.5825,6.79,8505
4679,188927,2016-07-07,Star Trek Beyond,en,6.6122,6.8,7127
4680,170522,2014-11-26,Asterix: The Mansions of the Gods,fr,2.9739,6.79,1478
4681,56415,2011-11-10,A Gang Story,fr,1.0593,6.79,398
4682,4566,2007-09-28,Michael Clayton,en,2.753,6.79,1997
4683,1721,1972-12-22,All the Way Boys,it,1.0429,6.79,429
4684,974635,2024-05-16,Hit Man,en,5.6411,6.789,1661
4685,567797,2021-01-01,The Dry,en,2.8314,6.789,841
4686,228161,2015-03-18,Home,en,7.8917,6.789,4241
4687,227719,2015-01-28,Project Almanac,en,3.6004,6.789,2872
4688,188166,2014-04-25,Blue Ruin,en,2.3651,6.789,1634
4689,12160,1994-06-24,Wyatt Earp,en,4.5837,6.789,944
4690,9314,1984-11-09,Nineteen Eighty-Four,en,4.0856,6.789,1653
4691,7012,1983-12-10,The Day After,en,2.4951,6.8,444
4692,974931,2023-09-28,Totally Killer,en,5.3803,6.788,1128
4693,417670,2018-04-24,Loro 1,it,1.2882,6.788,544
4694,11791,1959-05-04,The Hound of the Baskervilles,en,1.8916,6.8,382
4695,11319,1977-06-22,The Rescuers,en,3.5551,6.788,2685
4696,9684,1999-12-03,Sweet and Lowdown,en,1.3091,6.788,562
4697,9647,1988-11-22,Scrooged,en,3.0962,6.788,1706
4698,9272,1993-09-24,The Good Son,en,3.1896,6.788,1046
4699,1946,1999-04-14,eXistenZ,en,3.3372,6.788,2188
4700,772,1992-11-15,Home Alone 2: Lost in New York,en,11.6026,6.788,10657
4701,496,2006-11-01,Borat: Cultural Learnings of America for Make Benefit Glorious Nation of Kazakhstan,en,4.7559,6.788,6008
4702,717930,2023-05-25,Kandahar,en,4.0059,6.8,1257
4703,643882,2020-11-19,The Princess Switch: Switched Again,en,1.8028,6.787,924
4704,256917,2014-12-25,The Water Diviner,en,2.8929,6.787,1335
4705,12178,2008-03-07,Miss Pettigrew Lives for a Day,en,1.2096,6.787,418
4706,9443,1981-05-15,Chariots of Fire,en,2.6951,6.787,1042
4707,2179,2006-11-22,Tenacious D in The Pick of Destiny,en,2.8928,6.8,1788
4708,1034541,2024-10-09,Terrifier 3,en,13.6824,6.787,1975
4709,1001865,2022-11-18,Scrooge: A Christmas Carol,en,2.4672,6.8,481
4710,538207,2019-05-09,We Die Young,en,1.8386,6.786,352
4711,6435,1998-10-16,Practical Magic,en,8.6627,6.786,1717
4712,4244,2000-07-07,The Kid,en,3.4948,6.781,1141
4713,475759,2017-09-14,2048: Nowhere to Run,en,1.134,6.8,372
4714,9318,1986-12-03,Asterix in Britain,fr,2.0687,6.785,727
4715,193613,2013-09-25,Metallica: Through the Never,en,1.2008,6.784,315
4716,38050,2011-03-03,The Adjustment Bureau,en,6.1761,6.784,4948
4717,9763,2005-09-29,Goal!,en,3.9369,6.784,1217
4718,9519,2000-06-21,Chopper,en,1.6185,6.784,421
4719,1195506,2025-03-03,Novocaine,en,6.4446,6.782,1624
4720,16910,2005-08-06,Naruto the Movie: Legend of the Stone of Gelel,ja,2.8216,6.783,438
4721,11935,1977-12-10,Capricorn One,en,2.5994,6.783,512
4722,11313,2001-09-28,Hearts in Atlantis,en,2.2687,6.8,623
4723,9100,1996-05-03,The Craft,en,5.1938,6.8,2067
4724,798645,2025-11-11,The Running Man,en,15.212,6.781,1659
4725,634528,2021-01-15,The Marksman,en,3.8984,6.781,1748
4726,12246,2007-09-20,Mongol: The Rise of Genghis Khan,ru,2.4919,6.782,769
4727,11022,2002-01-14,Narc,en,2.143,6.782,590
4728,9374,1992-07-30,Death Becomes Her,en,6.1299,6.782,2981
4729,648579,2022-04-20,The Unbearable Weight of Massive Talent,en,4.1935,6.8,2507
4730,30596,2009-12-18,Bodyguards and Assassins,cn,2.5179,6.781,393
4731,11835,2007-08-31,Death Sentence,en,2.4759,6.781,1266
4732,8852,1987-10-23,Prince of Darkness,en,2.2558,6.781,1154
4733,424781,2018-07-06,Sorry to Bother You,en,3.8924,6.78,1767
4734,299537,2019-03-06,Captain Marvel,en,11.1991,6.78,16796
4735,39013,2010-06-11,Winter's Bone,en,2.9026,6.78,2007
4736,14197,2008-05-26,My Sassy Girl,en,1.3767,6.78,410
4737,8871,2000-11-17,How the Grinch Stole Christmas,en,7.109,6.779,8304
4738,454,1996-11-01,Romeo + Juliet,en,6.6346,6.779,5364
4739,814776,2023-08-25,Bottoms,en,3.9131,6.779,865
4740,475132,2018-11-16,A Private War,en,1.5065,6.8,557
4741,444090,2017-09-29,The Ash Lad: In the Hall of the Mountain King,no,2.3357,6.8,407
4742,241771,2014-11-14,Beyond the Lights,en,1.7784,6.8,390
4743,59387,2002-07-03,The Powerpuff Girls Movie,en,2.3252,6.8,351
4744,37686,2011-06-09,Super 8,en,5.6808,6.78,7106
4745,14392,2007-12-12,The Warlords,zh,2.5058,6.8,371
4746,12626,1987-12-16,Broadcast News,en,1.5161,6.779,468
4747,11843,1975-05-21,The Return of the Pink Panther,en,2.2404,6.779,692
4748,11235,1983-02-17,Local Hero,en,2.2939,6.779,402
4749,11162,2004-12-03,The Merchant of Venice,en,1.8228,6.779,613
4750,8348,1974-05-23,Thunderbolt and Lightfoot,en,1.918,6.779,643
4751,1701,1997-06-05,Con Air,en,11.6643,6.779,4719
4752,696393,2026-01-22,Cold Storage,en,10.255,6.778,533
4753,26517,1978-05-10,Martin,en,0.7985,6.778,317
4754,11622,1999-02-12,Blast from the Past,en,4.0564,6.778,1228
4755,10427,1993-05-14,Red Rock West,en,1.1953,6.778,398
4756,9740,2001-02-08,Hannibal,en,1.4693,6.8,5214
4757,236751,2014-04-16,Heaven Is for Real,en,2.511,6.777,891
4758,84332,2012-06-08,Safety Not Guaranteed,en,1.7838,6.777,1628
4759,29161,1985-01-25,Phenomena,en,2.9965,6.8,914
4760,2362,1973-08-15,Westworld,en,3.9406,6.777,1461
4761,712,1994-03-09,Four Weddings and a Funeral,en,4.3123,6.777,3008
4762,1013850,2024-11-01,A Real Pain,en,4.0304,6.776,1416
4763,44683,2010-07-29,Tinker Bell and the Great Fairy Rescue,en,4.8359,6.776,1016
4764,11259,1992-05-22,Far and Away,en,3.5783,6.776,1306
4765,11003,1998-02-13,The Wedding Singer,en,3.004,6.776,1929
4766,10855,2002-11-15,Naked Weapon,cn,0.8457,6.776,399
4767,10096,2004-04-13,13 Going on 30,en,5.132,6.775,5559
4768,8456,2008-03-04,Never Back Down,en,6.5225,6.776,2503
4769,718821,2024-07-10,Twisters,en,6.9988,6.775,3018
4770,619930,2022-12-25,Narvik,no,1.8919,6.775,447
4771,400579,2018-05-04,Tully,en,2.1164,6.775,1531
4772,352161,2015-08-13,The Clan,es,1.5978,6.775,444
4773,121835,2012-09-20,Lore,de,0.9836,6.775,315
4774,525661,2019-12-13,Bombshell,en,3.6641,6.774,3216
4775,321697,2015-10-09,Steve Jobs,en,3.067,6.774,4384
4776,11590,1977-02-25,Slap Shot,en,1.878,6.774,444
4777,9326,1984-03-30,Romancing the Stone,en,4.4122,6.774,2051
4778,892515,2022-11-01,Masquerade,fr,1.0477,6.773,460
4779,598331,2021-02-12,Rumble,en,3.4029,6.8,550
4780,258152,2014-02-20,Party Central,en,1.0447,6.8,321
4781,51209,2011-03-10,Kill the Irishman,en,1.812,6.773,706
4782,51052,2011-11-10,Arthur Christmas,en,3.9087,6.773,1644
4783,3784,1991-10-11,Frankie and Johnny,en,2.7499,6.8,646
4784,744276,2022-08-24,After Ever Happy,en,7.2364,6.8,1373
4785,654895,2022-03-17,Run to You,it,1.4491,6.772,390
4786,482981,2019-04-12,Wild Rose,en,1.8694,6.772,360
4787,316152,2016-06-24,Free State of Jones,en,2.1214,6.772,1666
4788,912,1968-06-26,The Thomas Crown Affair,en,1.9076,6.772,581
4789,524434,2021-11-03,Eternals,en,9.9219,6.8,9181
4790,426249,2018-09-20,Lords of Chaos,en,1.588,6.771,555
4791,61667,2011-04-15,We Have a Pope,it,1.1609,6.771,593
4792,15723,1999-11-17,The Big Kahuna,en,1.0944,6.771,373
4793,11223,1978-01-06,Coma,en,2.6052,6.771,461
4794,10195,2011-04-21,Thor,en,12.811,6.771,22397
4795,5854,1976-04-09,Family Plot,en,1.9576,6.8,503
4796,535292,2019-10-24,21 Bridges,en,4.1618,6.77,2162
4797,184352,2014-03-28,Tom at the Farm,fr,1.1083,6.77,858
4798,11253,2008-07-11,Hellboy II: The Golden Army,en,4.637,6.77,5629
4799,8355,2009-06-26,Ice Age: Dawn of the Dinosaurs,en,20.1389,6.77,8903
4800,5175,2001-08-03,Rush Hour 2,en,9.7934,6.769,4631
4801,466,1971-06-23,Klute,en,2.1031,6.8,513
4802,390734,2016-07-09,Kingsglaive: Final Fantasy XV,ja,2.3768,6.768,758
4803,109417,2013-09-21,Battle of the Year,en,1.3896,6.768,358
4804,19548,1966-09-09,The Restaurant,fr,1.492,6.767,562
4805,11507,1984-10-25,Body Double,en,3.4021,6.764,918
4806,11185,1989-05-12,"See No Evil, Hear No Evil",en,2.4255,6.766,1081
4807,10135,1989-05-19,Road House,en,4.2649,6.768,1537
4808,1151039,2025-05-01,Nonnas,en,2.1229,6.767,509
4809,1072790,2023-12-21,Anyone But You,en,12.0359,6.767,3096
4810,836009,2022-02-10,Against the Ice,en,2.3652,6.767,619
4811,11086,2001-12-21,The Majestic,en,2.894,6.767,846
4812,10226,2003-06-18,High Tension,fr,4.0367,6.767,1468
4813,604578,2020-10-02,Spontaneous,en,2.0439,6.766,589
4814,537059,2019-03-29,Justice League vs. the Fatal Five,en,2.1262,6.766,384
4815,500682,2019-03-15,The Highwaymen,en,3.5036,6.766,2240
4816,468202,2017-10-26,The Girl in the Fog,it,1.7539,6.766,1079
4817,46195,2011-04-03,Rio,en,10.1814,6.765,7198
4818,15762,1986-08-21,Night of the Creeps,en,1.5402,6.768,585
4819,9031,1979-11-30,I'm for the Hippopotamus,it,1.2925,6.8,527
4820,1084187,2026-03-13,Pretty Lethal,en,35.9619,6.769,422
4821,159824,2015-09-21,Hotel Transylvania 2,en,6.8983,6.765,6142
4822,44251,1994-03-12,Dragon Ball Z: Broly - Second Coming,ja,3.4979,6.765,726
4823,956,2006-04-25,Mission: Impossible III,en,6.9682,6.765,7651
4824,947891,2024-09-13,My Old Ass,en,3.6298,6.764,484
4825,619730,2022-09-21,Don't Worry Darling,en,6.1412,6.8,2965
4826,239566,2014-08-01,Get On Up,en,2.636,6.764,569
4827,231176,2013-10-31,Sun In Buckets,it,0.4231,6.764,1743
4828,205775,2015-12-03,In the Heart of the Sea,en,5.3362,6.765,4379
4829,36897,2001-08-17,Pokémon: Mewtwo Returns,ja,1.9734,6.764,433
4830,15856,1959-01-01,House on Haunted Hill,en,2.0384,6.761,612
4831,338768,2018-01-26,Please Stand By,en,1.9805,6.763,520
4832,48175,2007-03-16,7 and 8,it,0.5266,6.763,697
4833,335795,2022-10-06,Monster High: The Movie,en,1.9046,6.8,305
4834,28089,2009-11-13,The Messenger,en,1.959,6.762,484
4835,12227,1991-01-18,White Fang,en,3.2533,6.762,661
4836,11838,2002-10-18,Ju-on: The Grudge,ja,4.6023,6.761,955
4837,569547,2018-12-28,Black Mirror: Bandersnatch,en,3.4216,6.761,4191
4838,568091,2019-09-22,Fractured,en,4.2208,6.761,2917
4839,472734,2018-12-20,Dumplin',en,1.4798,6.761,1441
4840,267463,2014-09-06,The 10 Year Plan,en,0.7994,6.761,303
4841,913,1999-08-06,The Thomas Crown Affair,en,3.8741,6.761,1361
4842,13195,2007-09-01,Flawless,en,2.9354,6.76,632
4843,9781,1999-08-13,Detroit Rock City,en,1.6161,6.76,453
4844,8536,1980-12-04,Superman II,en,5.8884,6.76,2533
4845,597156,2020-09-30,The Boys in the Band,en,1.7038,6.8,455
4846,585268,2019-10-02,War,hi,5.1437,6.759,384
4847,348765,2015-11-05,Alaska,it,0.5132,6.759,313
4848,272693,2015-02-20,The DUFF,en,3.9313,6.759,4479
4849,9558,1990-07-18,King of New York,en,3.5525,6.759,783
4850,4978,1986-11-21,An American Tail,en,4.4111,6.759,1460
4851,760517,2022-02-11,Love and Leashes,ko,3.8303,6.758,312
4852,381262,2016-03-16,In Her Name,fr,1.1526,6.8,333
4853,374458,2016-05-20,Graduation,ro,1.056,6.758,306
4854,105077,2009-10-27,Battlestar Galactica: The Plan,en,1.9163,6.757,480
4855,57243,2011-02-16,The Women on the 6th Floor,fr,0.7086,6.8,410
4856,14830,2007-08-14,Doctor Strange,en,1.5911,6.761,347
4857,14337,2004-10-08,Primer,en,3.4945,6.757,2445
4858,2293,1995-10-20,Mallrats,en,2.5799,6.757,1384
4859,629015,2022-03-24,Shut In,en,1.9731,6.756,393
4860,419709,2017-11-03,Last Flag Flying,en,1.0036,6.8,489
4861,377799,2016-02-17,One Man and his Cow,fr,0.7852,6.756,351
4862,128136,2012-09-11,My Awkward Sexual Adventure,en,1.6296,6.756,363
4863,15849,1932-12-22,The Mummy,en,2.2567,6.756,704
4864,15144,1984-05-04,Sixteen Candles,en,4.217,6.756,2223
4865,25284,1994-05-26,The Last Seduction,en,2.18,6.755,432
4866,11974,1989-02-17,The 'Burbs,en,4.2658,6.755,1380
4867,9739,1993-10-08,Demolition Man,en,6.2245,6.755,4127
4868,9367,1993-02-22,El Mariachi,es,2.3468,6.755,1295
4869,845659,2023-02-16,Perfect Addiction,en,3.5809,6.754,335
4870,646207,2021-06-24,The Ice Road,en,3.9175,6.754,1921
4871,619778,2021-09-01,Malignant,en,6.8593,6.754,2645
4872,369192,2017-09-22,Battle of the Sexes,en,2.1985,6.754,1968
4873,10585,1988-11-09,Child's Play,en,8.2487,6.755,3368
4874,5729,1930-11-28,L'Âge d'or,fr,1.4312,6.8,339
4875,1909,1994-10-12,Don Juan DeMarco,en,1.9748,6.8,806
4876,605,2003-11-05,The Matrix Revolutions,en,9.2954,6.754,10869
4877,209451,2014-06-18,Jersey Boys,en,1.8422,6.753,740
4878,12651,1990-09-07,Memphis Belle,en,1.9612,6.753,431
4879,4985,1974-08-21,The Longest Yard,en,4.0008,6.8,322
4880,2266,2006-06-21,Paris Je T'aime,fr,2.8937,6.753,841
4881,1003581,2023-07-25,Justice League: Warworld,en,2.9722,6.752,300
4882,464502,2018-03-30,Acrimony,en,1.9137,6.8,412
4883,10510,1994-11-18,Miracle on 34th Street,en,2.3265,6.752,1150
4884,325189,2015-06-26,Teen Beach 2,en,1.7008,6.751,605
4885,14022,1990-07-27,Slacker,en,3.3965,6.751,335
4886,8489,2001-12-10,Ali,en,2.9635,6.751,1880
4887,257,2005-09-23,Oliver Twist,en,2.7525,6.751,1246
4888,620725,2019-10-10,Jexi,en,2.1963,6.75,1292
4889,401246,2017-08-25,The Square,sv,2.0801,6.75,1742
4890,42691,1967-09-07,Oedipus Rex,it,1.074,6.8,364
4891,181808,2017-12-13,Star Wars: The Last Jedi,en,16.5569,6.749,16384
4892,105864,2015-11-14,The Good Dinosaur,en,10.5103,6.749,6032
4893,20115,1987-12-19,Opera,it,1.9991,6.747,530
4894,11904,1985-12-04,Young Sherlock Holmes,en,2.7135,6.749,714
4895,10156,1981-06-12,History of the World: Part I,en,2.1183,6.7,916
4896,9749,1985-05-31,Fletch,en,2.0919,6.749,773
4897,4271,1988-02-03,Life Is a Long Quiet River,fr,0.5576,6.749,459
4898,1212073,2024-01-19,Sixty Minutes,de,1.8766,6.748,602
4899,10591,2004-04-09,The Girl Next Door,en,12.5895,6.748,4051
4900,7985,2007-11-17,Penelope,en,2.0478,6.748,1484
4901,752505,2021-04-04,The Old Ways,en,0.7399,6.747,374
4902,17894,1997-02-07,The Beautician and the Beast,en,1.7219,6.747,372
4903,11091,2001-10-19,Riding in Cars with Boys,en,1.6331,6.7,484
4904,1088514,2024-10-07,The Room Next Door,es,2.6567,6.746,680
4905,571891,2019-07-12,Pokémon the Movie: Mewtwo Strikes Back - Evolution,ja,3.2648,6.7,566
4906,394684,2016-10-28,May God Save Us,es,0.8946,6.746,506
4907,256274,2014-08-14,"As Above, So Below",en,7.1071,6.746,3868
4908,283350,2014-09-04,Before We Go,en,2.215,6.7,1897
4909,41110,2010-03-19,I Am Love,it,1.5736,6.7,408
4910,21481,2005-10-14,Twitches,en,1.9065,6.745,546
4911,12599,1999-07-17,Pokémon the Movie 2000,ja,4.5474,6.745,944
4912,6312,2001-01-31,Brotherhood of the Wolf,fr,9.4781,6.745,1736
4913,2255,1997-04-04,Chasing Amy,en,2.572,6.745,1553
4914,580489,2021-09-30,Venom: Let There Be Carnage,en,8.3274,6.744,11208
4915,539892,2019-09-12,Freaks,en,2.2606,6.744,1281
4916,253980,2014-02-04,Marvel One-Shot: All Hail the King,en,1.4043,6.7,618
4917,42172,1979-02-09,Hardcore,en,2.3423,6.744,316
4918,13312,2007-06-13,Inside,fr,2.5106,6.7,924
4919,10660,1994-07-16,It Could Happen to You,en,3.1426,6.744,943
4920,9469,1998-05-01,He Got Game,en,2.813,6.744,802
4921,755566,2022-08-05,Day Shift,en,4.6791,6.743,2218
4922,39513,2011-02-14,Paul,en,6.8515,6.743,6316
4923,37233,1993-06-30,The Firm,en,4.3571,6.743,2319
4924,795813,2021-07-01,I'm Your Man,de,1.1102,6.742,364
4925,10846,2005-10-14,The Tiger and the Snow,it,1.4321,6.742,501
4926,634,2001-04-13,Bridget Jones's Diary,en,5.0121,6.742,5523
4927,974262,2024-07-11,Descendants: The Rise of Red,en,8.475,6.741,483
4928,269650,2014-05-28,Appleseed Alpha,ja,1.0539,6.741,419
4929,212716,2013-09-07,What If,en,3.2357,6.741,2083
4930,11211,2006-07-18,Bring It On: All or Nothing,en,0.2735,6.7,871
4931,2669,1984-05-04,The Bounty,en,2.6939,6.741,644
4932,858,1993-06-24,Sleepless in Seattle,en,5.2854,6.741,2599
4933,667869,2020-11-03,The Life Ahead,it,0.8296,6.74,573
4934,297725,2018-05-19,The Man Who Killed Don Quixote,en,1.5639,6.74,1080
4935,14924,1986-09-12,Sid and Nancy,en,2.0374,6.74,572
4936,1930,2012-06-23,The Amazing Spider-Man,en,22.6817,6.74,18590
4937,635910,2023-08-09,The Last Voyage of the Demeter,en,4.4471,6.739,1953
4938,538225,2019-05-31,Deadwood: The Movie,en,1.7907,6.739,454
4939,245698,2015-09-16,Pawn Sacrifice,en,2.0202,6.739,1071
4940,186161,2013-04-19,The Gilded Cage,fr,0.8259,6.739,358
4941,77499,2011-11-03,Barbie: A Perfect Christmas,en,1.2948,6.7,328
4942,10935,1980-11-19,Heaven's Gate,en,3.3481,6.739,415
4943,399170,2017-08-17,Logan Lucky,en,4.16,6.7,3853
4944,15674,1996-04-07,Sabrina the Teenage Witch,en,1.1237,6.738,345
4945,12233,1988-11-18,Oliver & Company,en,4.3061,6.738,1711
4946,600583,2021-10-25,The Power of the Dog,en,4.2361,6.737,2969
4947,467632,2018-04-19,Bad Samaritan,en,2.0051,6.737,779
4948,57112,2004-12-15,Have You Met Claudia?,it,0.4623,6.7,1063
4949,37606,1989-11-17,Valmont,en,1.9063,6.737,300
4950,18764,1992-01-15,Twin Dragons,cn,3.8283,6.737,430
4951,10692,1986-09-24,Henry: Portrait of a Serial Killer,en,1.2755,6.737,777
4952,4349,2007-08-22,The Kingdom,en,3.3633,6.737,1832
4953,2926,1973-12-11,The Three Musketeers,en,2.7963,6.737,361
4954,758336,2023-05-04,Love Again,en,5.171,6.736,480
4955,25189,1996-11-15,The Mirror Has Two Faces,en,1.6293,6.736,388
4956,21385,2004-08-04,"Mickey, Donald, Goofy: The Three Musketeers",en,3.7101,6.736,988
4957,10552,1985-04-12,Cat's Eye,en,2.9245,6.734,734
4958,7219,1979-08-25,Zombie Flesh Eaters,it,1.7255,6.738,683
4959,790,1980-02-01,The Fog,en,4.4578,6.737,1763
4960,919573,2022-10-12,The Innocent,fr,0.9702,6.735,374
4961,733156,2020-09-29,Sightless,en,1.3744,6.735,423
4962,530723,2019-09-08,Bad Education,en,2.6005,6.735,772
4963,438799,2018-11-01,Overlord,en,5.54,6.737,3148
4964,256924,2015-03-19,Danny Collins,en,1.6581,6.735,583
4965,82703,2014-02-07,Mr. Peabody & Sherman,en,7.1223,6.733,2552
4966,28176,1988-08-12,Tucker: The Man and His Dream,en,2.1144,6.735,429
4967,19200,1991-12-05,Shadows and Fog,en,3.1365,6.735,401
4968,13509,1987-08-14,The Monster Squad,en,2.0279,6.735,649
4969,12706,1998-06-25,Croupier,en,1.4712,6.735,325
4970,11240,1985-11-16,My Beautiful Laundrette,en,2.4862,6.735,313
4971,1870,1965-12-08,Fantomas Unleashed,fr,1.1353,6.735,579
4972,1696,2005-07-22,The Devil's Rejects,en,3.1105,6.734,1560
4973,458594,2018-09-06,Peppermint,en,3.3586,6.734,2245
4974,11009,1977-12-16,Saturday Night Fever,en,3.4129,6.734,2089
4975,65760,2010-09-13,The Whistleblower,en,1.3947,6.733,618
4976,37777,1983-10-27,Soap and Water,it,0.5772,6.733,367
4977,21474,2009-07-30,Bring It On: Fight to the Finish,en,0.195,6.7,589
4978,1118031,2024-10-04,Apocalypse Z: The Beginning of the End,es,6.7672,6.732,1253
4979,548066,2018-02-20,Level 16,en,3.0236,6.732,737
4980,649394,2021-07-21,Worth,en,1.9606,6.731,378
4981,597094,2019-05-31,First Love,ja,1.3088,6.731,334
4982,512195,2021-11-04,Red Notice,en,7.3463,6.731,6470
4983,489430,2018-05-03,Terrified,es,2.2389,6.728,829
4984,376570,2016-03-12,Hush,en,4.3203,6.731,4861
4985,44718,2010-07-30,Get Low,en,1.8274,6.731,338
4986,11633,2004-04-17,Appleseed,ja,2.1265,6.731,396
4987,587807,2021-02-10,Tom & Jerry,en,7.3412,6.73,2579
4988,294254,2015-09-09,Maze Runner: The Scorch Trials,en,8.4905,6.73,11066
4989,51980,1993-09-29,Germinal,fr,1.2217,6.7,343
4990,16241,1978-10-05,The Boys from Brazil,en,1.7302,6.73,446
4991,11592,1994-04-13,Serial Mom,en,2.7672,6.732,767
4992,806368,2022-11-10,The Son,en,3.032,6.7,573
4993,732450,2021-01-12,Batman: Soul of the Dragon,en,1.7586,6.729,373
4994,351145,2015-09-21,Retribution,es,1.189,6.729,461
4995,236399,2014-01-18,Flowers in the Attic,en,4.6426,6.729,409
4996,60307,2011-03-25,Diary of a Wimpy Kid: Rodrick Rules,en,5.1654,6.729,1262
4997,31592,1932-10-20,The Old Dark House,en,0.8804,6.729,303
4998,591,2006-05-17,The Da Vinci Code,en,8.0947,6.73,10107
4999,11448,1995-09-13,Mighty Aphrodite,en,1.9625,6.728,745
5000,3989,2004-10-10,Team America: World Police,en,2.3761,6.728,2059
5001,2330,1998-04-08,Taxi,fr,4.4538,6.728,2736
5002,310,2003-05-23,Bruce Almighty,en,9.9346,6.728,11537
5003,448776,2018-05-24,A Prayer Before Dawn,en,1.8703,6.7,647
5004,45610,2011-09-23,Machine Gun Preacher,en,2.1782,6.727,1140
5005,4587,1990-12-14,Mermaids,en,2.7427,6.727,599
5006,4108,2002-10-02,The Transporter,en,7.0818,6.726,5847
5007,818397,2022-04-28,Memory,en,4.1093,6.727,1672
5008,74513,2011-11-02,Special Forces,fr,1.8635,6.726,634
5009,13640,2007-09-18,Superman: Doomsday,en,2.9124,6.726,703
5010,9058,1994-03-04,Only You,en,4.1724,6.726,574
5011,209263,2013-09-18,Enough Said,en,1.888,6.725,915
5012,33875,2002-07-13,Pokémon Heroes,ja,2.4033,6.725,395
5013,11542,1980-12-25,Altered States,en,2.0061,6.7,767
5014,10837,1990-08-03,DuckTales: The Movie - Treasure of the Lost Lamp,en,2.8254,6.725,928
5015,8967,2011-05-17,The Tree of Life,en,5.2512,6.726,3345
5016,933131,2024-01-26,Badland Hunters,ko,5.2988,6.724,816
5017,716612,2021-11-04,Spencer,en,2.6802,6.724,1824
5018,55420,2011-07-22,Another Earth,en,2.7967,6.725,1819
5019,14522,1994-07-29,Black Beauty,en,2.1315,6.724,351
5020,11880,2002-05-10,Dog Soldiers,en,2.931,6.724,994
5021,10785,1951-04-05,The Thing from Another World,en,1.667,6.7,687
5022,9789,2007-03-28,My Brother Is an Only Child,it,0.8252,6.724,415
5023,5255,2004-11-10,The Polar Express,en,5.4726,6.723,6906
5024,943,1992-05-15,Lethal Weapon 3,en,6.1536,6.724,3267
5025,298,2007-06-05,Ocean's Thirteen,en,6.1959,6.724,6922
5026,53957,2009-03-13,La matassa,it,0.4979,6.7,491
5027,46420,2010-08-04,The Loved Ones,en,2.7642,6.7,848
5028,13258,2007-01-22,Son of Rambow,en,1.857,6.723,489
5029,950,2006-03-29,Ice Age: The Meltdown,en,13.0949,6.723,10377
5030,504603,2018-08-15,The World Is Yours,fr,1.2473,6.7,440
5031,244506,2014-10-17,Camp X-Ray,en,2.7716,6.722,1104
5032,23439,1960-07-20,House of Usher,en,1.3639,6.72,366
5033,798286,2023-04-14,Beau Is Afraid,en,5.0816,6.721,1340
5034,787781,2023-09-09,Quiz Lady,en,2.8587,6.721,317
5035,452773,2017-03-25,"Tad, the Lost Explorer, and the Secret of King Midas",es,2.3836,6.721,439
5036,424783,2018-11-22,Bumblebee,en,12.1532,6.72,6652
5037,416194,2018-08-31,The Quake,no,1.9259,6.721,818
5038,313922,2016-04-15,Green Room,en,3.5369,6.7,2953
5039,35554,2009-11-27,Cado dalle nubi,it,0.4874,6.721,1709
5040,13448,2009-04-20,Angels & Demons,en,9.0389,6.721,7350
5041,12508,2001-09-04,Rock Star,en,2.9827,6.714,818
5042,1875,1967-03-16,Fantomas vs. Scotland Yard,fr,1.0598,6.721,576
5043,785533,2021-11-18,The Princess Switch 3: Romancing the Star,en,1.1387,6.7,469
5044,524216,2020-09-25,The Mortuary Collection,en,1.7367,6.719,482
5045,460059,2018-01-03,Burn Out,fr,1.1615,6.72,455
5046,359983,2016-01-25,The Lion Guard: Return of the Roar,en,1.5843,6.7,1221
5047,107846,2013-10-09,Escape Plan,en,6.2621,6.72,5614
5048,11558,1976-12-03,Silver Streak,en,1.8818,6.7,364
5049,541660,2018-09-13,Loro,it,1.2307,6.7,349
5050,10758,2007-05-25,Waitress,en,1.8359,6.719,575
5051,7446,2008-08-09,Tropic Thunder,en,7.4587,6.719,7003
5052,928344,2022-09-08,Weird: The Al Yankovic Story,en,2.2831,6.718,620
5053,581392,2020-07-15,Peninsula,ko,7.6439,6.718,2593
5054,484641,2019-06-19,Anna,en,6.7077,6.72,3018
5055,43645,1988-07-01,The Little Devil,it,0.7799,6.7,434
5056,13851,2008-07-08,Batman: Gotham Knight,en,2.3448,6.718,765
5057,276844,2014-06-13,The Little Death,en,2.0156,6.717,535
5058,200505,2014-04-11,Draft Day,en,2.6018,6.717,1010
5059,48415,2010-10-01,Welcome to the South,it,1.0973,6.717,1871
5060,10649,1976-12-16,The Enforcer,en,3.5513,6.717,992
5061,760104,2022-03-17,X,en,10.657,6.7,3993
5062,724209,2023-08-09,Heart of Stone,en,3.9749,6.716,1916
5063,170687,2014-09-10,The Boxtrolls,en,4.8785,6.716,1804
5064,24106,1934-05-07,The Black Cat,en,1.6211,6.716,308
5065,22171,1981-04-24,Ms .45,en,2.4645,6.7,408
5066,16992,1997-12-31,The Boxer,en,1.9845,6.716,310
5067,9819,1996-12-18,Marvin's Room,en,2.3149,6.716,633
5068,249397,2013-12-25,Nymphomaniac: Vol. II,en,26.72,6.716,3202
5069,22307,1973-03-26,Sisters,en,1.5873,6.715,446
5070,11130,2004-08-06,The Princess Diaries 2: Royal Engagement,en,5.8646,6.715,3416
5071,10675,1988-02-19,Frantic,en,3.0507,6.715,1134
5072,9538,1981-01-14,Scanners,en,2.1988,6.715,1365
5073,1498,1990-03-30,Teenage Mutant Ninja Turtles,en,4.728,6.715,1969
5074,636706,2024-02-23,Spaceman,en,2.9912,6.714,1056
5075,614292,2020-06-15,Bad Tales,it,0.7624,6.7,611
5076,500475,2018-06-13,SuperFly,en,2.2809,6.714,407
5077,463858,2018-09-12,The Freshmen,fr,0.6446,6.714,726
5078,427348,2017-11-01,Carbone,fr,1.2699,6.714,447
5079,198185,2014-05-09,Million Dollar Arm,en,1.4935,6.7,669
5080,24803,2009-08-06,Julie & Julia,en,3.2904,6.714,2219
5081,13155,1985-06-21,Return to Oz,en,2.7777,6.714,1073
5082,11780,1995-04-13,Rob Roy,en,3.6929,6.715,711
5083,10874,1996-02-16,Muppet Treasure Island,en,2.606,6.714,466
5084,9079,1991-06-20,Dying Young,en,3.6744,6.714,491
5085,1624,1997-03-21,Liar Liar,en,6.444,6.714,6255
5086,1125,2006-12-25,Dreamgirls,en,2.3263,6.714,1085
5087,598896,2021-02-12,Land,en,1.9915,6.713,329
5088,426063,2024-12-25,Nosferatu,en,12.069,6.7,3704
5089,24767,1994-01-14,Iron Will,en,2.1191,6.7,331
5090,10072,1987-02-27,A Nightmare on Elm Street 3: Dream Warriors,en,2.2441,6.714,2039
5091,9336,1984-03-22,Police Academy,en,6.0841,6.713,3012
5092,7191,2008-01-15,Cloverfield,en,6.2917,6.713,7837
5093,2675,2002-08-02,Signs,en,10.0124,6.714,6330
5094,852438,2022-05-18,Final Cut,fr,1.5305,6.712,473
5095,820609,2023-09-21,No One Will Save You,en,5.6162,6.7,1495
5096,13691,2003-03-16,Piglet's Big Movie,en,2.4373,6.712,406
5097,11548,1987-12-18,*batteries not included,en,5.2152,6.712,801
5098,1239193,2025-06-12,Deep Cover,en,5.6675,6.711,592
5099,505948,2019-06-07,I Am Mother,en,3.1046,6.711,2848
5100,476669,2021-12-22,The King's Man,en,7.6628,6.712,5083
5101,116776,1988-07-09,Dragon Ball: Mystical Adventure,ja,2.2278,6.7,310
5102,5680,1988-09-30,Elvira: Mistress of the Dark,en,2.4479,6.712,617
5103,402529,2017-06-12,All Eyez on Me,en,1.8864,6.71,1237
5104,22832,2009-09-29,Ninja Assassin,en,8.0126,6.712,1801
5105,12684,1937-01-08,Sabotage,en,1.6714,6.7,367
5106,10744,2003-11-26,The Cooler,en,1.5206,6.71,391
5107,9297,2006-06-30,Monster House,en,8.0699,6.71,4351
5108,4772,1966-06-17,Cul-de-sac,en,1.998,6.7,310
5109,2925,1996-09-20,The First Wives Club,en,2.3795,6.71,825
5110,662546,2020-12-04,Godmothered,en,1.8348,6.709,636
5111,334522,2016-02-15,Alone in Berlin,en,1.4262,6.7,404
5112,50546,2011-02-10,Just Go with It,en,8.8333,6.709,6143
5113,9588,1990-10-17,Quigley Down Under,en,2.3661,6.709,425
5114,881462,2023-03-16,Still Time,it,0.6127,6.7,363
5115,124157,2012-07-25,The Thieves,ko,2.8613,6.708,331
5116,14181,2000-02-18,Boiler Room,en,3.6216,6.708,749
5117,8265,2008-02-20,Welcome to the Sticks,fr,1.664,6.7,2583
5118,8204,2008-02-14,The Spiderwick Chronicles,en,6.362,6.708,2874
5119,4517,2007-09-09,Elizabeth: The Golden Age,en,3.2545,6.708,1313
5120,3638,2007-06-15,No Reservations,en,2.9665,6.708,1500
5121,455980,2018-05-30,Tag,en,3.4947,6.707,3461
5122,392044,2017-11-03,Murder on the Orient Express,en,5.8106,6.7,10572
5123,353571,2016-06-02,Tallulah,en,1.6182,6.707,758
5124,278236,2014-03-13,X+Y,en,2.0052,6.7,609
5125,10393,2000-08-11,The Replacements,en,3.5426,6.707,1080
5126,9489,1998-12-18,You've Got Mail,en,4.9087,6.707,3658
5127,8699,2004-06-28,Anchorman: The Legend of Ron Burgundy,en,3.7515,6.707,4618
5128,1020006,2023-10-27,Priscilla,en,4.2312,6.7,1095
5129,463319,2018-09-30,Shadow,zh,2.1425,6.706,449
5130,91745,2013-09-12,Romeo & Juliet,en,2.944,6.7,586
5131,48466,2010-10-28,Scared Shrekless,en,1.9263,6.7,506
5132,39514,2010-10-13,RED,en,6.5345,6.706,7169
5133,20649,1995-09-15,Clockers,en,1.9295,6.706,357
5134,11371,2001-07-13,The Score,en,3.4281,6.707,1879
5135,2251,2002-05-10,Unfaithful,en,18.7613,6.707,1738
5136,933419,2023-03-09,Champions,en,2.2431,6.705,504
5137,32042,1975-06-11,Night Moves,en,2.184,6.705,361
5138,2462,1969-09-10,Hibernatus,fr,1.2046,6.705,517
5139,811592,2021-11-05,One Shot,en,2.8586,6.704,915
5140,459992,2019-05-02,Long Shot,en,3.9282,6.7,2897
5141,27324,2001-02-03,Pulse,ja,5.2073,6.704,676
5142,21683,2003-10-21,Batman: Mystery of the Batwoman,en,1.6343,6.704,447
5143,565,2002-10-18,The Ring,en,8.4285,6.704,6707
5144,328425,2015-07-31,The Gift,en,3.7512,6.703,3506
5145,300666,2015-05-08,Bravetown,en,0.9944,6.703,306
5146,26648,1974-04-03,The Night Porter,it,1.762,6.703,386
5147,12184,2008-02-28,The Other Boleyn Girl,en,4.048,6.703,2225
5148,10999,1985-10-03,Commando,en,6.0273,6.703,3156
5149,619,1992-11-25,The Bodyguard,en,6.1882,6.703,3252
5150,760747,2021-07-30,The Trip,no,2.2323,6.702,652
5151,96724,2012-09-06,Anna Karenina,en,3.654,6.702,2407
5152,46146,2010-10-29,Troll Hunter,no,2.7426,6.702,1754
5153,13685,1996-02-21,Bottle Rocket,en,2.2929,6.702,1200
5154,471474,2018-01-12,Batman: Gotham by Gaslight,en,2.2099,6.701,763
5155,381719,2018-02-07,Peter Rabbit,en,5.2013,6.701,1928
5156,360605,2015-12-10,Invisible Sister,en,1.638,6.701,311
5157,135397,2015-06-06,Jurassic World,en,13.5816,6.7,21629
5158,9534,2004-09-10,The Ferpect Crime,es,0.9096,6.711,356
5159,785457,2021-09-02,Afterlife of the Party,en,1.1239,6.7,488
5160,785457,2021-09-02,Afterlife of the Party,en,1.1239,6.7,488
5161,28942,1979-05-25,The Brood,en,1.9671,6.695,814
5162,16367,2005-08-30,Kinky Boots,en,2.3191,6.7,365
5163,10952,1991-03-08,New Jack City,en,2.6353,6.69,607
5164,1887,2006-05-24,Marie Antoinette,en,4.4738,6.7,2965
5165,13763,1984-07-27,Purple Rain,en,2.1852,6.7,414
5166,12573,2009-10-02,A Serious Man,en,2.734,6.699,2382
5167,7229,2003-10-22,Ruby & Quentin,fr,3.051,6.699,908
5168,2001,2007-10-12,We Own the Night,en,3.1233,6.699,1509
5169,882059,2024-04-24,Boy Kills World,en,3.4073,6.698,832
5170,242042,2014-02-02,Barefoot,en,2.3269,6.698,696
5171,7555,2008-01-24,Rambo,en,7.2168,6.698,4289
5172,3021,2007-06-22,1408,en,4.8809,6.698,4914
5173,1635,2005-07-21,The Island,en,7.196,6.7,5903
5174,1197306,2025-03-26,A Working Man,en,24.4842,6.695,1958
5175,574321,2019-12-04,Only the Animals,fr,1.0225,6.697,322
5176,451925,2018-11-09,Time Freak,en,1.6981,6.697,490
5177,287590,2014-06-21,Saint Seiya: Legend of Sanctuary,ja,3.4838,6.697,735
5178,13971,2008-08-15,Wild Child,en,7.2476,6.7,1924
5179,1936,1954-04-30,River of No Return,en,2.036,6.7,480
5180,245,2002-04-26,About a Boy,en,3.0337,6.697,2417
5181,1197137,2025-10-15,Black Phone 2,en,13.1392,6.7,1166
5182,13768,2002-10-11,Tuck Everlasting,en,2.1294,6.696,506
5183,13676,2008-08-25,The Little Mermaid: Ariel's Beginning,en,0.1897,6.696,1075
5184,11522,1986-02-28,Pretty in Pink,en,3.5403,6.696,1212
5185,9585,1991-01-11,Not Without My Daughter,en,3.4567,6.696,335
5186,1115544,2026-03-14,Mike & Nick & Nick & Alice,en,15.4241,6.685,371
5187,337676,2018-03-21,"Mektoub, My Love: Canto Uno",fr,1.6463,6.7,336
5188,336882,2015-08-28,The Wave,no,3.2794,6.695,1408
5189,787,2005-06-07,Mr. & Mrs. Smith,en,9.2045,6.695,11270
5190,1275779,2026-06-10,Disclosure Day,en,258.2243,6.703,675
5191,426284,2017-04-29,Blade of the Immortal,ja,3.118,6.7,637
5192,375183,2016-09-13,A Family Man,en,2.1371,6.7,544
5193,339419,2016-11-04,Loving,en,1.8176,6.694,971
5194,78698,2012-02-02,Big Miracle,en,2.3945,6.694,527
5195,20760,2005-08-22,Lilo & Stitch 2: Stitch Has a Glitch,en,3.5075,6.7,1632
5196,8065,2008-03-27,21,en,4.7309,6.694,5062
5197,2290,1999-09-16,Jakob the Liar,en,1.8141,6.7,404
5198,768,2001-02-08,From Hell,en,3.2472,6.695,3024
5199,504562,2019-10-31,Motherless Brooklyn,en,2.6641,6.693,1602
5200,484510,2017-11-01,Trolls Holiday,en,2.0261,6.7,509
5201,418879,2018-02-01,The Current War,en,2.3238,6.693,1160
5202,11163,1969-09-18,Satyricon,it,1.2944,6.7,362
5203,10399,1999-11-12,Mansfield Park,en,1.9974,6.7,335
5204,10201,2008-12-09,Yes Man,en,6.2502,6.693,7421
5205,762079,2021-12-01,The Advent Calendar,fr,1.7026,6.693,404
5206,618219,2019-09-04,Mosul,ar,1.2024,6.692,343
5207,591273,2021-06-28,Fear Street: 1994,en,3.69,6.692,2666
5208,421447,2017-01-25,The Climb,fr,0.8838,6.692,894
5209,373571,2019-05-29,Godzilla: King of the Monsters,en,12.5182,6.692,6747
5210,180894,2013-12-27,Ninja: Shadow of a Tear,en,3.4761,6.692,431
5211,3595,1996-11-08,Ransom,en,4.509,6.691,2109
5212,913673,2023-04-14,Nefarious,en,2.2495,6.693,504
5213,517839,2018-09-27,Border,sv,1.7742,6.691,926
5214,223485,2015-05-15,Slow West,en,2.3173,6.691,1059
5215,22798,2009-04-09,Whip It,en,2.2525,6.691,1132
5216,16121,1980-05-28,The Big Red One,en,1.6155,6.691,338
5217,10729,1990-07-13,Quick Change,en,3.2713,6.691,416
5218,8328,2008-02-14,Step Up 2: The Streets,en,3.6876,6.69,2429
5219,1992,2007-04-06,Planet Terror,en,4.9938,6.692,3858
5220,353070,2017-04-06,Going in Style,en,3.2802,6.69,3059
5221,27431,1971-02-12,The Cat o' Nine Tails,it,1.2468,6.688,451
5222,14553,1996-03-29,Stealing Beauty,en,2.7424,6.7,614
5223,13804,2009-04-02,Fast & Furious,en,1.1935,6.69,7836
5224,8872,1992-02-14,Wayne's World,en,2.9928,6.689,2481
5225,8271,2007-03-27,Disturbia,en,4.1826,6.691,4112
5226,1109255,2024-10-24,Parthenope,it,4.4486,6.7,758
5227,646385,2022-01-12,Scream,en,11.0433,6.688,3901
5228,11283,2005-10-21,Nanny McPhee,en,6.2651,6.689,3234
5229,10464,1994-08-12,"Corrina, Corrina",en,1.6066,6.689,458
5230,9726,2006-09-09,A Good Year,en,3.4958,6.688,1651
5231,150,1982-12-07,48 Hrs.,en,4.8738,6.688,1727
5232,1042834,2025-04-03,Eden,en,5.9594,6.688,669
5233,185567,2013-12-04,Zulu,en,1.6738,6.688,521
5234,12223,1975-02-12,The Stepford Wives,en,2.1197,6.688,367
5235,11601,1999-09-10,Stir of Echoes,en,2.9689,6.688,1354
5236,10731,1994-07-20,The Client,en,7.4973,6.688,1388
5237,4912,2002-12-31,Confessions of a Dangerous Mind,en,2.322,6.688,1269
5238,1911,1999-08-13,The 13th Warrior,en,5.1711,6.688,2057
5239,1788,1984-02-17,Footloose,en,3.4163,6.688,2212
5240,1228710,2026-05-20,The Mandalorian and Grogu,en,180.214,6.7,522
5241,48138,2011-02-16,Unknown,en,6.0424,6.687,4185
5242,22244,1989-05-13,Society,en,2.515,6.687,634
5243,7453,2005-04-28,The Hitchhiker's Guide to the Galaxy,en,5.0078,6.687,4266
5244,1321439,2025-09-11,The Wrong Paris,en,2.0575,6.7,314
5245,1045944,2022-12-06,The Boss Baby: Christmas Bonus,en,2.3143,6.7,317
5246,655187,2020-10-02,Coven,eu,0.6889,6.7,318
5247,515195,2019-06-26,Yesterday,en,3.6084,6.686,4276
5248,254375,2014-08-14,Hector and the Search for Happiness,en,1.7122,6.686,964
5249,81250,2011-11-11,Geek Charming,en,2.4248,6.686,793
5250,11322,2009-07-01,Public Enemies,en,4.4647,6.686,4857
5251,11023,2003-08-20,Thirteen,en,4.6139,6.686,1765
5252,814338,2022-11-22,Lady Chatterley's Lover,en,4.5993,6.7,521
5253,792293,2023-09-15,Dumb Money,en,4.7786,6.7,817
5254,592984,2020-11-09,Hillbilly Elegy,en,2.3202,6.685,1025
5255,511322,2019-11-08,The Good Liar,en,2.8103,6.685,1273
5256,509598,2019-10-03,Mr. Jones,en,2.3218,6.7,475
5257,25389,1993-01-29,Matinee,en,1.2655,6.685,325
5258,9517,2001-06-15,Bully,en,1.968,6.7,554
5259,5126,2007-11-02,Martian Child,en,1.6281,6.685,327
5260,2016,2006-09-27,Days of Glory,fr,1.3495,6.685,403
5261,840705,2024-08-21,Blink Twice,en,8.7027,6.684,1927
5262,29917,2009-06-19,Exam,en,2.8727,6.684,2302
5263,19403,1972-10-06,The Mechanic,en,2.5328,6.684,347
5264,9869,1992-06-04,Patriot Games,en,3.8406,6.684,1828
5265,1389,1998-06-26,Out of Sight,en,3.7277,6.684,1415
5266,25,2005-11-04,Jarhead,en,4.5432,6.685,3192
5267,1230368,2025-10-22,Springsteen: Deliver Me from Nowhere,en,3.1123,6.683,308
5268,616803,2020-02-14,Breaking Surface,sv,1.5313,6.683,447
5269,443009,2018-04-04,"Don't Worry, He Won't Get Far on Foot",en,1.294,6.683,763
5270,174733,2013-02-21,Metro,ru,1.3291,6.7,371
5271,91586,2013-09-12,Insidious: Chapter 2,en,6.862,6.683,4589
5272,75802,2011-06-06,Hysteria,en,1.7233,6.683,868
5273,27814,1988-04-15,Brain Damage,en,1.3669,6.683,304
5274,16340,2000-11-17,Rugrats in Paris: The Movie,en,2.2238,6.683,490
5275,9659,1979-04-12,Mad Max,en,8.846,6.683,4984
5276,8669,2008-02-22,Charlie Bartlett,en,1.6985,6.683,695
5277,543343,2019-04-13,Guava Island,en,1.8318,6.682,344
5278,276843,2014-09-26,What We Did on Our Holiday,en,1.4106,6.682,575
5279,75612,2013-04-10,Oblivion,en,6.8075,6.682,11559
5280,37645,2010-03-23,22 Bullets,fr,3.2456,6.7,1343
5281,11583,1978-12-14,The First Great Train Robbery,en,2.1753,6.682,436
5282,672741,2021-07-02,Till Death,en,3.5303,6.681,970
5283,11655,1993-11-05,Cronos,es,1.6088,6.7,764
5284,9044,2006-04-07,Tristan & Isolde,en,2.7567,6.681,848
5285,884605,2023-06-15,No Hard Feelings,en,10.0778,6.68,3875
5286,321751,2015-08-28,A Perfect Day,en,1.7289,6.68,682
5287,209185,2014-05-30,The Grand Seduction,en,1.9093,6.68,363
5288,157386,2013-08-02,The Spectacular Now,en,2.8852,6.68,3026
5289,83686,2012-09-07,The Words,en,3.8619,6.68,1297
5290,62630,2011-02-11,The Devil's Double,en,2.1101,6.68,611
5291,9614,1996-02-16,Happy Gilmore,en,5.463,6.68,3358
5292,493551,2018-08-29,Operation Finale,en,2.0851,6.679,1098
5293,467012,2017-09-28,Satan's Slaves,id,3.1803,6.679,305
5294,338762,2020-03-05,Bloodshot,en,4.9264,6.679,5267
5295,284303,2015-01-08,Goodnight Mommy,de,2.1812,6.679,1707
5296,232679,2014-08-22,When the Game Stands Tall,en,1.484,6.679,380
5297,11967,1988-08-12,Young Guns,en,5.146,6.679,1040
5298,9960,1963-08-13,Lord of the Flies,en,2.0502,6.7,580
5299,9291,2005-05-27,The Longest Yard,en,5.6728,6.679,3704
5300,8736,2006-06-21,Dikkenek,fr,0.7683,6.679,725
5301,638597,2021-03-11,YES DAY,en,3.6207,6.678,1298
5302,491283,2019-09-27,Judy,en,2.379,6.678,1269
5303,325789,2016-07-13,The Infiltrator,en,3.6954,6.678,1824
5304,273153,2015-08-19,Summertime,fr,1.1336,6.678,362
5305,250235,2014-01-23,Tutta colpa di Freud,it,0.5077,6.678,1050
5306,64328,2011-11-23,The Muppets,en,4.8894,6.678,1698
5307,15035,1983-03-25,Fire and Ice,en,2.6803,6.678,351
5308,2161,1966-08-24,Fantastic Voyage,en,2.1263,6.678,490
5309,1487,2004-04-02,Hellboy,en,5.3409,6.678,7460
5310,1043197,2025-12-11,Dust Bunny,en,6.5663,6.7,328
5311,75900,2011-11-23,My Week with Marilyn,en,1.7202,6.7,1360
5312,41663,1980-11-13,Fantozzi Against the Wind,it,0.5244,6.677,555
5313,11541,1982-12-17,The Year of Living Dangerously,en,1.7477,6.7,362
5314,11302,1971-04-28,Bananas,en,1.7556,6.677,829
5315,10316,2011-10-07,The Ides of March,en,3.048,6.677,2719
5316,4031,1974-03-20,Going Places,fr,4.2084,6.677,493
5317,912649,2024-10-22,Venom: The Last Dance,en,21.1733,6.676,4272
5318,866463,2023-09-29,Reptile,en,3.9464,6.677,1229
5319,435126,2017-12-01,Perfect Strangers,es,0.915,6.676,682
5320,338958,2022-11-18,Disenchanted,en,4.2327,6.7,1185
5321,332210,2016-09-22,Storks,en,5.1224,6.676,2522
5322,271397,2014-09-11,The Tribe,uk,1.3134,6.7,318
5323,1216191,2024-07-19,Oddity,en,7.5586,6.675,799
5324,663712,2022-10-06,Terrifier 2,en,8.5913,6.675,2513
5325,517116,2019-09-13,Haunt,en,2.6912,6.674,1379
5326,46169,2007-10-12,Twitches Too,en,1.6547,6.675,366
5327,17590,1982-03-19,Deathtrap,en,1.7005,6.675,306
5328,13190,2008-10-28,Dead Space: Downfall,en,1.9675,6.675,443
5329,11520,1993-12-25,Grumpy Old Men,en,2.9737,6.675,755
5330,4944,2008-09-05,Burn After Reading,en,4.0933,6.676,5261
5331,1120911,2024-09-27,Saturday Night,en,3.6396,6.7,370
5332,1008409,2024-06-19,The Bikeriders,en,4.9592,6.674,1155
5333,778106,2022-05-06,Along for the Ride,en,4.9521,6.673,400
5334,34942,2004-04-14,Balto III: Wings of Change,en,1.5069,6.673,358
5335,33408,1993-04-02,The Crush,en,3.0052,6.673,558
5336,20083,2009-03-22,Shinjuku Incident,cn,3.1271,6.7,321
5337,11443,1995-09-29,Dead Presidents,en,2.3157,6.673,330
5338,10364,1970-06-24,Catch-22,en,2.9937,6.673,356
5339,337167,2018-01-17,Fifty Shades Freed,en,37.7513,6.671,8371
5340,12509,2000-09-06,Pollock,en,1.8219,6.672,351
5341,9529,1992-10-16,Candyman,en,4.0484,6.672,1813
5342,882598,2022-09-23,Smile,en,7.8713,6.7,4087
5343,433252,2017-09-29,Our Souls at Night,en,1.0814,6.671,469
5344,81440,2011-12-02,"Good Luck Charlie, It's Christmas!",en,1.4908,6.671,429
5345,17332,2009-04-24,The Soloist,en,2.1335,6.671,829
5346,10629,2003-07-11,Veronica Guerin,en,1.6902,6.671,336
5347,614560,2020-11-13,Mank,en,2.6371,6.67,1789
5348,46138,2010-10-01,Made in Dagenham,en,1.1109,6.67,333
5349,6639,2007-10-04,Love in the Time of Cholera,en,2.2459,6.67,411
5350,2621,2000-04-07,Return to Me,en,1.8381,6.67,473
5351,9687,2005-12-02,Keeping Mum,en,2.2222,6.669,621
5352,4780,1976-08-01,Obsession,en,3.5784,6.669,320
5353,75780,2012-12-20,Jack Reacher,en,9.844,6.669,7670
5354,56812,2010-12-17,The Last Circus,es,1.364,6.668,447
5355,41610,1981-12-22,Fracchia The Human Beast,it,0.5469,6.668,342
5356,11959,1989-07-21,UHF,en,1.9781,6.668,413
5357,1111873,2024-04-16,Abigail,en,7.923,6.7,2102
5358,693158,2020-05-15,Proximity,en,4.0802,6.675,399
5359,626412,2024-01-10,Alienoid: Return to the Future,ko,2.8638,6.673,847
5360,16411,2005-05-12,Initial D,cn,2.8613,6.667,311
5361,10719,2003-11-07,Elf,en,4.6609,6.667,4572
5362,998846,2024-04-11,Back to Black,en,2.3997,6.666,717
5363,65291,2011-06-07,Green Lantern: Emerald Knights,en,2.2619,6.666,547
5364,11340,1982-03-24,Banana Joe,it,1.4206,6.7,503
5365,2976,2007-07-19,Hairspray,en,4.0767,6.666,2629
5366,1552,1989-07-31,Parenthood,en,1.9935,6.666,721
5367,1316092,2026-02-11,"""Wuthering Heights""",en,19.0433,6.665,1132
5368,1098110,2023-04-21,Blood & Gold,de,2.1211,6.7,414
5369,628866,2020-09-05,The Return,en,1.8125,6.665,318
5370,532953,2019-01-18,Purl,en,0.6695,6.665,324
5371,46332,2010-09-08,Of Gods and Men,fr,1.5203,6.7,416
5372,10873,2000-08-30,Shadow of the Vampire,en,1.4694,6.665,684
5373,660,1965-12-11,Thunderball,en,6.0493,6.665,2653
5374,614933,2024-05-23,Atlas,en,3.6219,6.664,1579
5375,450465,2019-01-16,Glass,en,7.5942,6.7,9111
5376,424277,2021-07-07,Annette,fr,1.6921,6.7,748
5377,9442,1982-05-21,Dead Men Don't Wear Plaid,en,1.6609,6.664,447
5378,8827,2007-09-26,99 Francs,fr,1.275,6.664,808
5379,6072,1997-07-29,One Eight Seven,en,2.8017,6.7,635
5380,1267905,2025-08-27,The Roses,en,4.1232,6.67,700
5381,575428,2019-12-06,The Wild Goose Lake,zh,1.7578,6.663,374
5382,401513,2017-01-26,Attraction,ru,3.0227,6.663,916
5383,262391,2014-04-16,Serial (Bad) Weddings,fr,2.2178,6.663,3522
5384,9357,2002-08-21,One Hour Photo,en,8.2213,6.666,1923
5385,916053,2022-12-08,Something from Tiffany's,en,2.1749,6.662,314
5386,384664,2016-09-15,Goodbye Berlin,de,1.1224,6.662,348
5387,10010,2006-08-17,Brother Bear 2,en,5.0858,6.662,1571
5388,2924,1991-05-24,Backdraft,en,3.5829,6.662,1578
5389,1948,2006-08-31,Crank,en,6.139,6.663,4238
5390,1576,2002-03-15,Resident Evil,en,5.0177,6.662,6972
5391,1364,2001-08-24,Sex and Lucía,es,5.3648,6.667,629
5392,66,1997-02-14,Absolute Power,en,3.4027,6.662,1250
5393,575299,2019-10-31,Fidelity,ru,4.7864,6.661,330
5394,474335,2018-06-27,Uncle Drew,en,3.0044,6.661,597
5395,2897,1956-10-17,Around the World in 80 Days,en,3.0404,6.661,579
5396,1369,1985-05-21,Rambo: First Blood Part II,en,7.9964,6.66,4339
5397,574376,2019-08-30,Eye for an Eye,es,0.9334,6.66,335
5398,166426,2017-05-23,Pirates of the Caribbean: Dead Men Tell No Tales,en,10.122,6.66,12851
5399,15613,1993-03-12,Fire in the Sky,en,4.065,6.66,708
5400,13820,1984-03-02,Repo Man,en,2.9702,6.66,672
5401,8270,2007-03-09,The Lookout,en,2.2426,6.66,714
5402,6522,1999-04-16,Life,en,4.5395,6.7,873
5403,862965,2022-08-12,Emily the Criminal,en,2.8215,6.659,1020
5404,440021,2017-10-12,Happy Death Day,en,3.8033,6.659,6587
5405,201085,2015-10-13,Crimson Peak,en,5.4545,6.659,5265
5406,52744,1984-11-21,Falling in Love,en,1.8001,6.659,399
5407,22794,2009-09-17,Cloudy with a Chance of Meatballs,en,8.3053,6.659,6476
5408,8467,1994-12-16,Dumb and Dumber,en,9.0584,6.659,6754
5409,1102493,2024-11-01,Small Things Like These,en,2.938,6.658,548
5410,823482,2023-11-10,Dream Scenario,en,3.5708,6.7,1335
5411,347026,2016-11-25,A United Kingdom,en,1.9925,6.7,540
5412,280217,2019-02-06,The Lego Movie 2: The Second Part,en,4.7335,6.658,2437
5413,236737,2014-03-14,Spanish Affair,es,1.0647,6.658,676
5414,14097,2005-09-19,9th Company,ru,1.4932,6.7,310
5415,2110,2001-10-31,Wasabi,fr,3.9381,6.658,1431
5416,1422096,2025-10-01,Good Boy,en,7.0748,6.657,642
5417,406994,2017-10-06,Better Watch Out,en,2.9252,6.657,1661
5418,19255,2009-06-05,Away We Go,en,1.8938,6.657,635
5419,8961,2003-07-18,Bad Boys II,en,6.989,6.657,5977
5420,454619,2018-04-13,Overboard,en,4.127,6.66,1499
5421,31608,1989-01-27,Three Fugitives,en,1.8812,6.656,328
5422,14370,1985-08-07,Real Genius,en,2.3682,6.656,502
5423,11307,1982-07-23,The World According to Garp,en,1.6007,6.7,382
5424,244772,2014-06-05,The Skeleton Twins,en,1.3633,6.655,697
5425,87492,2014-11-14,Foxcatcher,en,2.3743,6.652,2489
5426,9313,1998-03-12,The Man in the Iron Mask,en,5.5212,6.655,4145
5427,4437,1984-12-06,2010,en,3.1241,6.655,1073
5428,1957,2002-05-21,Enough,en,3.1218,6.7,1245
5429,542,2002-10-01,The Crime of Padre Amaro,es,1.0882,6.655,310
5430,629176,2022-08-25,Samaritan,en,4.5894,6.654,2210
5431,209361,2013-09-09,One Chance,en,1.8065,6.7,319
5432,52274,2010-08-16,Julia's Eyes,es,1.8629,6.654,858
5433,11372,1976-12-24,The Eagle Has Landed,en,2.696,6.654,387
5434,839321,2008-01-01,Return,pl,0.1838,6.7,582
5435,542830,2019-05-01,Little White Lies 2,fr,1.0437,6.653,732
5436,22970,2012-04-12,The Cabin in the Woods,en,6.4209,6.652,8607
5437,15356,2007-07-19,The Girl Next Door,en,6.5796,6.646,792
5438,2059,2004-11-19,National Treasure,en,8.7524,6.653,6902
5439,862968,2023-10-20,Pain Hustlers,en,2.2735,6.652,787
5440,347123,2016-05-23,All the Way,en,2.1842,6.7,312
5441,315664,2016-05-06,Florence Foster Jenkins,en,2.4335,6.652,1538
5442,72432,2011-09-23,Puncture,en,1.2912,6.652,433
5443,8913,1989-04-21,Pet Sematary,en,5.6176,6.653,2391
5444,390062,2017-06-27,Jungle,en,3.8236,6.651,2143
5445,290512,2017-10-05,The Mountain Between Us,en,2.9481,6.651,2546
5446,49521,2013-06-12,Man of Steel,en,15.8565,6.651,16264
5447,15655,2000-02-11,The Tigger Movie,en,3.0672,6.662,646
5448,9613,2002-11-06,Spider,en,1.793,6.651,941
5449,2605,1986-05-09,Short Circuit,en,6.7386,6.651,1624
5450,790142,2022-01-20,The Royal Treatment,en,1.0038,6.65,801
5451,589524,2019-04-18,The Champion,it,0.6294,6.65,400
5452,474331,2018-07-04,Keep an Eye Out,fr,1.0709,6.65,638
5453,19458,2009-06-08,Princess Protection Program,en,2.411,6.65,1762
5454,1826,2005-06-15,Russian Dolls,fr,1.4653,6.65,732
5455,1257009,2025-08-21,Primitive War,en,13.2896,6.648,366
5456,330764,2015-09-02,The Brand New Testament,fr,1.0337,6.649,1764
5457,190880,2013-11-20,"Me, Myself and Mum",fr,0.6962,6.6,699
5458,152747,2013-08-23,All Is Lost,en,2.357,6.649,1763
5459,39145,1987-07-18,Dragon Ball: Sleeping Princess in Devil's Castle,ja,2.3177,6.6,323
5460,13291,2008-08-23,Traitor,en,1.9977,6.649,718
5461,11566,1993-05-07,Dave,en,2.2059,6.649,842
5462,5001,2000-09-03,Before Night Falls,en,1.5543,6.6,306
5463,763152,2021-07-30,More the Merrier,es,1.663,6.6,443
5464,464446,2015-07-04,Return,en,0.1964,6.648,632
5465,360638,2015-10-07,The Student and Mister Henri,fr,1.1147,6.648,388
5466,239678,2014-09-10,This Is Where I Leave You,en,3.6885,6.648,1494
5467,39538,2011-09-08,Contagion,en,5.6535,6.648,6568
5468,13967,2006-12-03,Miss Potter,en,1.9392,6.648,551
5469,11654,1983-04-29,The Hunger,en,2.9803,6.648,654
5470,10158,1992-03-27,White Men Can't Jump,en,2.3561,6.648,1530
5471,9283,1996-02-09,Beautiful Girls,en,2.3808,6.648,405
5472,3179,1996-12-20,Beavis and Butt-Head Do America,en,2.1067,6.648,782
5473,615667,2020-11-25,Ma Rainey's Black Bottom,en,1.5149,6.646,1261
5474,63578,2011-04-24,The Trip,en,1.1028,6.647,317
5475,25095,1992-10-16,Wuthering Heights,en,3.5609,6.647,316
5476,8880,2008-12-12,Che: Part Two,en,2.684,6.6,692
5477,6415,1999-09-27,Three Kings,en,4.9247,6.647,2312
5478,968051,2023-09-06,The Nun II,en,8.7799,6.646,2489
5479,881164,2023-03-16,Boston Strangler,en,2.881,6.646,844
5480,419639,2016-10-12,The Thinning,en,1.3512,6.646,379
5481,337674,2016-05-25,Elle,fr,2.2118,6.6,2003
5482,27585,2010-12-16,Rabbit Hole,en,2.1366,6.6,663
5483,13672,2008-06-04,JCVD,fr,1.1246,6.646,567
5484,7457,2006-01-27,Alpha Dog,en,2.9894,6.6,1523
5485,722149,2023-02-24,Luther: The Fallen Sun,en,3.0123,6.645,1105
5486,614939,2022-09-30,Bros,en,2.5962,6.645,578
5487,529106,2021-04-01,Major Grom: Plague Doctor,ru,2.7546,6.645,653
5488,514847,2020-03-11,The Hunt,en,7.9683,6.645,3685
5489,46655,1968-03-22,The Little Bather,fr,0.9794,6.6,392
5490,9410,1998-01-30,Great Expectations,en,3.2443,6.645,692
5491,9093,2002-09-08,The Four Feathers,en,2.1107,6.645,595
5492,1266,2008-04-10,Street Kings,en,5.3741,6.645,1717
5493,401200,2018-11-07,Kursk,en,2.052,6.644,707
5494,280180,2024-06-20,Beverly Hills Cop: Axel F,en,3.8245,6.644,1456
5495,276908,2014-12-05,Comet,en,1.0579,6.644,462
5496,39100,1990-03-10,Dragon Ball Z: The World's Strongest,ja,2.5836,6.644,554
5497,11455,1978-09-15,Up in Smoke,en,2.5849,6.644,637
5498,11135,1990-11-16,The Rescuers Down Under,en,1.1983,6.644,1396
5499,10189,2008-08-06,Pineapple Express,en,4.2671,6.644,4231
5500,1571,2007-06-20,Live Free or Die Hard,en,5.6104,6.644,6368
5501,1016121,2023-04-04,Beautiful Disaster,en,4.2311,6.643,901
5502,1001835,2022-08-12,Wifelike,en,4.3407,6.643,325
5503,513576,2019-05-31,Always Be My Maybe,en,1.9749,6.643,1407
5504,454458,2019-05-01,UglyDolls,en,2.9426,6.6,470
5505,86825,2013-02-28,Stoker,en,2.9437,6.643,2423
5506,50544,2011-07-21,Friends with Benefits,en,6.3159,6.6,8415
5507,12155,2010-03-03,Alice in Wonderland,en,14.9049,6.643,14847
5508,10183,2008-03-26,Frozen River,en,1.5179,6.643,356
5509,7859,2006-08-11,Half Nelson,en,2.7072,6.643,967
5510,1028196,2024-12-13,Nickel Boys,en,4.6033,6.6,351
5511,762441,2024-06-26,A Quiet Place: Day One,en,7.5735,6.642,3385
5512,535167,2019-02-05,The Wandering Earth,zh,5.4887,6.642,1160
5513,241855,2014-10-08,Spring,en,2.112,6.642,795
5514,62835,2011-07-27,Colombiana,en,5.6255,6.642,2884
5515,34204,2006-10-20,Return to Halloweentown,en,0.9703,6.642,626
5516,13531,1995-09-22,Empire Records,en,3.1367,6.643,824
5517,9331,1994-08-03,Clear and Present Danger,en,4.4485,6.642,1689
5518,1729,2008-04-17,The Forbidden Kingdom,en,5.7811,6.642,1925
5519,494974,2018-09-13,Red Joan,en,1.6173,6.6,396
5520,484247,2018-09-13,A Simple Favor,en,4.2371,6.641,4610
5521,27936,2009-10-28,Micmacs,fr,1.1378,6.641,664
5522,26388,2010-09-24,Buried,en,4.4287,6.641,3061
5523,17898,1985-10-10,Silver Bullet,en,3.0717,6.6,693
5524,8738,1980-01-31,The Final Countdown,en,3.4607,6.641,671
5525,379686,2021-07-08,Space Jam: A New Legacy,en,5.3979,6.64,4237
5526,339964,2017-07-19,Valerian and the City of a Thousand Planets,en,7.3633,6.64,8034
5527,70954,2011-10-06,The Hunter,en,2.1602,6.64,715
5528,13704,1988-07-06,License to Drive,en,2.7585,6.64,412
5529,1228246,2025-12-03,Five Nights at Freddy's 2,en,18.9124,6.636,1002
5530,833339,2022-03-17,Speak No Evil,da,3.7932,6.639,1122
5531,80321,2012-06-06,Madagascar 3: Europe's Most Wanted,en,11.0677,6.6,6592
5532,16395,1980-02-07,Inferno,it,2.5163,6.641,673
5533,12185,1978-06-28,Heaven Can Wait,en,1.8725,6.646,444
5534,3635,2003-12-12,Girl with a Pearl Earring,en,2.4178,6.64,1475
5535,10543,1996-04-12,Fear,en,6.553,6.636,1056
5536,522931,2021-06-14,Hitman's Wife's Bodyguard,en,4.6355,6.637,2608
5537,417466,2019-08-15,Monos,es,1.3861,6.6,445
5538,668640,2021-09-04,Official Competition,es,1.6478,6.636,446
5539,10176,1985-09-08,The Quiet Earth,en,1.3715,6.636,629
5540,10133,2002-10-01,Cypher,en,1.7709,6.636,639
5541,9532,2000-03-17,Final Destination,en,7.3369,6.636,6721
5542,588,2006-04-21,Silent Hill,en,7.9504,6.636,4933
5543,97,1982-07-09,Tron,en,4.3563,6.634,2770
5544,565770,2023-08-16,Blue Beetle,en,8.3843,6.6,3132
5545,38718,1990-10-19,Reversal of Fortune,en,1.6656,6.635,355
5546,11635,2003-02-21,Old School,en,8.6641,6.635,2127
5547,6964,2003-12-12,Something's Gotta Give,en,3.3579,6.632,1771
5548,621870,2020-09-25,Secret Society of Second-Born Royals,en,2.2508,6.634,567
5549,529862,2019-08-23,Brittany Runs a Marathon,en,1.1724,6.634,510
5550,332794,2016-10-12,The Odyssey,fr,1.6381,6.6,433
5551,433422,2017-05-06,Fairy Tail: Dragon Cry,ja,2.4112,6.6,421
5552,12609,2000-10-06,Help! I'm a Fish,da,2.3193,6.6,456
5553,10664,2009-09-15,[REC]²,es,3.9548,6.633,2200
5554,10398,1999-09-24,Double Jeopardy,en,4.7373,6.633,1494
5555,817648,2022-01-28,Home Team,en,2.3225,6.632,794
5556,320367,2015-01-01,Return,en,0.0905,6.6,1177
5557,241848,2014-09-05,The Guest,en,5.0102,6.632,2153
5558,38368,2010-06-25,Uncle Boonmee Who Can Recall His Past Lives,th,2.0302,6.6,428
5559,10328,1985-06-21,Cocoon,en,2.4816,6.632,1416
5560,8834,1997-08-08,Conspiracy Theory,en,3.787,6.632,1653
5561,2454,2008-05-15,The Chronicles of Narnia: Prince Caspian,en,8.5666,6.632,6795
5562,733668,,Return,hy,0.0856,6.6,424
5563,12113,2008-10-09,Body of Lies,en,4.4615,6.632,3340
5564,544,1998-07-15,There's Something About Mary,en,5.507,6.631,5378
5565,635731,2021-07-16,Pig,en,2.9492,6.6,1741
5566,616651,2021-07-29,Stillwater,en,2.9424,6.63,1419
5567,177699,2013-07-24,Alan Partridge: Alpha Papa,en,1.3085,6.63,496
5568,27995,1986-08-08,She's Gotta Have It,en,0.7736,6.63,359
5569,334524,2016-02-03,Gold,en,3.1475,6.629,1763
5570,36819,1981-07-13,Time Bandits,en,2.2393,6.629,1157
5571,4169,2007-02-12,Breach,en,1.7922,6.629,669
5572,3877,2007-09-26,Things We Lost in the Fire,en,2.3938,6.628,395
5573,549,1996-08-09,Basquiat,en,2.1875,6.6,315
5574,618162,2021-10-22,The Harder They Fall,en,2.4136,6.628,1212
5575,499701,2019-08-08,Dora and the Lost City of Gold,en,4.5204,6.628,1824
5576,338953,2022-04-06,Fantastic Beasts: The Secrets of Dumbledore,en,13.0037,6.628,5125
5577,72431,2012-01-19,Red Tails,en,3.2918,6.632,711
5578,19277,2003-11-24,In Hell,en,3.198,6.627,614
5579,16418,2009-02-24,Barbie Presents: Thumbelina,en,2.3128,6.628,513
5580,14029,1985-10-04,Demons,it,1.8265,6.633,641
5581,13161,2007-11-03,Big Stan,en,5.4452,6.628,1055
5582,1172674,2023-09-28,The Rat Catcher,en,1.594,6.627,535
5583,873126,2022-11-30,My Name Is Vendetta,it,1.6878,6.6,655
5584,35052,2009-12-04,Cracks,en,2.9758,6.627,436
5585,16296,1988-05-27,Killer Klowns from Outer Space,en,3.5759,6.624,1170
5586,14134,2004-04-30,Main Hoon Na,hi,2.6942,6.621,430
5587,826510,2024-07-31,Harold and the Purple Crayon,en,2.9289,6.626,364
5588,529485,2020-03-05,The Way Back,en,2.2697,6.626,1334
5589,366672,2022-07-14,Paws of Fury: The Legend of Hank,en,3.7634,6.626,330
5590,136799,2016-10-13,Trolls,en,6.1339,6.626,3833
5591,25059,1996-03-08,Homeward Bound II: Lost in San Francisco,en,2.0332,6.6,538
5592,20156,1994-09-29,Exotica,en,4.8553,6.6,392
5593,17609,2009-05-20,Antichrist,en,5.5118,6.6,2854
5594,10184,2009-02-06,He's Just Not That Into You,en,5.9769,6.626,4062
5595,10155,1997-10-03,U Turn,en,3.5006,6.626,814
5596,9913,2005-07-29,The Skeleton Key,en,5.147,6.6,2296
5597,967941,2025-11-19,Wicked: For Good,en,11.0609,6.626,1039
5598,599845,2019-12-05,The Immortal,it,0.906,6.625,499
5599,417812,2018-09-23,Wildlife,en,2.0006,6.625,782
5600,10449,1994-04-29,When a Man Loves a Woman,en,1.8402,6.625,384
5601,7450,2000-06-16,Titan A.E.,en,3.6562,6.625,1193
5602,49517,2011-09-16,Tinker Tailor Soldier Spy,en,3.8513,6.624,2937
5603,18415,1997-10-17,Gummo,en,2.5174,6.624,717
5604,9463,1985-12-21,Vampire Hunter D,ja,2.6301,6.624,541
5605,8066,2005-09-24,Stay,en,3.003,6.6,1524
5606,5595,2007-10-07,Fermat's Room,es,0.8551,6.624,460
5607,287,1988-06-15,Bull Durham,en,2.6719,6.624,680
5608,162215,2013-09-10,How I Live Now,en,2.0084,6.623,945
5609,68727,2013-03-27,Trance,en,2.2092,6.621,2362
5610,61404,2010-11-08,Point Blank,fr,0.9134,6.623,507
5611,9352,2004-02-20,EuroTrip,en,6.2439,6.623,2984
5612,238636,2014-07-17,The Purge: Anarchy,en,6.4724,6.622,6733
5613,192577,2013-09-07,Space Pirate Captain Harlock,ja,2.1664,6.622,1093
5614,20306,1994-09-10,Swimming with Sharks,en,1.3738,6.622,336
5615,10691,2001-06-29,Crazy/Beautiful,en,1.562,6.6,394
5616,2123,2000-06-22,"Me, Myself & Irene",en,5.9309,6.621,4277
5617,803104,2022-01-14,Sex Appeal,en,3.6018,6.621,314
5618,555850,2018-11-02,The Holiday Calendar,en,0.8007,6.62,1043
5619,552688,2023-05-04,The Mother,en,3.4029,6.6,1433
5620,315872,2015-04-16,Mia madre,it,1.0711,6.62,376
5621,177494,2014-03-13,Veronica Mars,en,1.5777,6.62,1151
5622,428495,2017-06-19,The Nile Hilton Incident,en,0.6887,6.619,390
5623,416186,2017-06-24,Godard Mon Amour,fr,0.8586,6.619,370
5624,245916,2014-10-09,Kill the Messenger,en,1.7609,6.619,925
5625,245775,2014-01-08,Yves Saint Laurent,fr,1.235,6.619,921
5626,44865,2013-01-10,The Grandmaster,zh,3.417,6.619,988
5627,41211,2010-03-17,Heartbreaker,fr,1.257,6.6,1411
5628,267999,2014-06-12,White God,hu,1.3852,6.618,369
5629,44048,2010-11-04,Unstoppable,en,5.3771,6.618,3920
5630,20714,2007-06-06,12,ru,1.2461,6.6,420
5631,10803,1976-06-23,Logan's Run,en,3.7037,6.618,1046
5632,2779,2001-08-24,The Curse of the Jade Scorpion,en,1.5035,6.618,837
5633,298618,2023-06-13,The Flash,en,15.2375,6.617,5029
5634,171540,2013-04-21,Big Bad Wolves,he,1.1847,6.6,420
5635,136403,2012-11-27,Populaire,fr,0.8415,6.6,598
5636,109421,2013-02-07,Side Effects,en,3.0351,6.617,3323
5637,814757,2022-12-09,Empire of Light,en,2.1423,6.6,628
5638,615904,2022-02-09,Marry Me,en,3.0742,6.616,1105
5639,12150,1989-09-15,Sea of Love,en,2.6502,6.616,688
5640,11884,1984-07-13,The Last Starfighter,en,2.13,6.616,770
5641,763285,2022-03-16,Ambulance,en,4.7146,6.6,2464
5642,597891,2021-09-10,Kate,en,2.9803,6.615,1725
5643,823766,2022-11-02,The Wonder,en,2.5298,6.617,971
5644,660833,2021-11-12,Multiverse,en,1.083,6.614,346
5645,29963,2009-09-18,Bright Star,en,1.6337,6.614,487
5646,22586,1994-11-18,The Swan Princess,en,2.716,6.614,1032
5647,21407,2009-07-09,The Collector,en,3.5626,6.614,1676
5648,11515,2006-11-08,Goya's Ghosts,en,1.8613,6.614,536
5649,10484,1983-11-23,The ComDads,fr,0.9972,6.615,435
5650,5121,1974-03-31,The Sugarland Express,en,1.915,6.6,463
5651,396810,2017-03-03,The Last Word,en,1.3931,6.6,375
5652,11422,1976-06-18,Midway,en,4.5477,6.612,327
5653,944,1998-07-10,Lethal Weapon 4,en,4.4742,6.612,2964
5654,1312946,2025-08-19,The Map That Leads to You,en,5.2569,6.611,323
5655,577242,2021-07-21,Kaamelott: The First Chapter,fr,1.1188,6.611,751
5656,558449,2024-11-13,Gladiator II,en,12.7421,6.608,4489
5657,471498,2021-05-12,Oxygen,fr,1.5332,6.611,1556
5658,382322,2016-07-24,Batman: The Killing Joke,en,2.2264,6.611,1934
5659,11899,1984-06-27,The Muppets Take Manhattan,en,1.5447,6.611,420
5660,8649,1999-10-22,Bringing Out the Dead,en,2.1227,6.611,1239
5661,3573,1996-08-02,Emma,en,2.0017,6.611,674
5662,25319,1964-09-16,The Masque of the Red Death,en,1.4212,6.61,359
5663,11300,1986-11-07,Something Wild,en,2.2646,6.61,399
5664,1100988,2025-06-18,28 Years Later,en,13.6939,6.611,2618
5665,396422,2017-08-03,Annabelle: Creation,en,6.6558,6.609,6005
5666,27958,1980-02-15,Cruising,en,2.7146,6.604,632
5667,2105,1999-07-09,American Pie,en,20.7195,6.609,8344
5668,244539,2014-01-18,Infinitely Polar Bear,en,1.3953,6.608,402
5669,83899,2013-08-22,You're Next,en,3.068,6.608,2698
5670,10333,1991-12-25,The Prince of Tides,en,3.0286,6.611,306
5671,3525,1988-12-20,Working Girl,en,5.6151,6.608,1060
5672,215,2005-10-28,Saw II,en,7.9228,6.608,5901
5673,363992,2017-05-11,The Wizard of Lies,en,2.4675,6.607,652
5674,80389,2012-03-15,Get the Gringo,en,2.5116,6.607,1809
5675,10875,1989-10-13,The Fabulous Baker Boys,en,1.6177,6.607,365
5676,10503,2008-04-18,Happy-Go-Lucky,en,1.9853,6.6,508
5677,559907,2021-07-29,The Green Knight,en,5.0263,6.6,2217
5678,513045,2019-07-11,Stuber,en,2.2211,6.606,1417
5679,109428,2013-04-05,Evil Dead,en,8.4922,6.608,5069
5680,46528,2010-12-01,The Warrior's Way,en,1.8408,6.606,671
5681,8446,1976-07-22,Bugsy Malone,en,1.8317,6.606,315
5682,512,2006-07-27,Scoop,en,2.5447,6.605,1754
5683,1064028,2024-08-15,Subservience,en,25.7764,6.605,1022
5684,523773,2018-08-24,Little Italy,en,1.751,6.605,711
5685,241239,2014-12-31,A Most Violent Year,en,2.2814,6.6,1546
5686,184341,2016-08-26,Hands of Stone,en,2.1297,6.6,456
5687,15393,1971-10-01,Play Misty for Me,en,1.7131,6.605,569
5688,9399,1990-06-07,Lionheart,en,4.7432,6.606,1168
5689,1562,2007-04-26,28 Weeks Later,en,7.8188,6.605,5617
5690,1233069,2025-04-29,Exterritorial,de,3.8441,6.604,651
5691,423204,2019-08-21,Angel Has Fallen,en,5.9711,6.604,3904
5692,11977,1980-07-25,Caddyshack,en,3.1814,6.6,1306
5693,6575,2007-12-21,Walk Hard: The Dewey Cox Story,en,2.976,6.604,757
5694,834,2006-01-12,Underworld: Evolution,en,5.2478,6.603,4391
5695,578701,2021-05-05,Those Who Wish Me Dead,en,5.3142,6.605,1860
5696,536176,2019-01-19,Brexit: The Uncivil War,en,1.1768,6.601,357
5697,11198,1993-01-14,City Hunter,cn,3.4093,6.6,462
5698,8643,2005-09-09,The Exorcism of Emily Rose,en,4.4738,6.603,3069
5699,5780,1966-07-14,Torn Curtain,en,1.9283,6.598,663
5700,2978,1989-06-16,Ghostbusters II,en,5.2009,6.603,4871
5701,483104,2017-11-17,A Christmas Prince,en,0.9847,6.602,1477
5702,481084,2019-10-10,The Addams Family,en,6.2277,6.6,2497
5703,413658,2016-11-18,The Warriors Gate,en,4.3761,6.602,381
5704,300673,2016-01-27,The Finest Hours,en,2.3751,6.602,1752
5705,166076,2013-04-23,Superman: Unbound,en,1.5775,6.602,460
5706,417859,2011-10-27,Puss in Boots,en,8.286,6.601,4596
5707,11298,1981-01-21,The Howling,en,2.1925,6.601,890
5708,4958,2000-11-02,The Legend of Bagger Vance,en,1.8455,6.601,989
5709,716594,2021-08-19,No Man of God,en,1.5198,6.6,331
5710,39781,2010-07-09,The Kids Are All Right,en,1.5864,6.6,1595
5711,1593,2006-12-20,Night at the Museum,en,10.2834,6.6,10997
5712,511817,2022-10-21,Wendell & Wild,en,2.8848,6.599,384
5713,507086,2022-06-01,Jurassic World Dominion,en,13.9354,6.599,7086
5714,311291,2015-05-29,45 Years,en,2.1661,6.6,793
5715,11184,2004-09-04,Kinsey,en,2.0887,6.599,519
5716,7518,2006-05-17,Over the Hedge,en,9.1634,6.599,4872
5717,5206,2006-12-08,The Boss of It All,da,1.1303,6.6,322
5718,852046,2022-09-09,Athena,fr,2.6911,6.6,828
5719,720755,2020-10-16,The Kid Detective,en,1.6165,6.598,476
5720,492452,2018-12-05,Ben Is Back,en,1.8016,6.598,965
5721,454527,2021-07-09,Benedetta,fr,5.432,6.593,1171
5722,347866,2018-07-26,Hot Summer Nights,en,2.4529,6.598,815
5723,70981,2012-05-30,Prometheus,en,9.4707,6.598,13310
5724,20178,2009-08-20,World's Greatest Dad,en,1.3108,6.598,657
5725,11468,2002-02-12,The Salton Sea,en,1.5302,6.6,364
5726,760161,2022-07-27,Orphan: First Kill,en,3.9756,6.597,2309
5727,201749,2013-08-22,Mr. Morgan's Last Love,en,1.1695,6.6,325
5728,172803,2013-12-04,Hours,en,1.2991,6.6,793
5729,816,1997-05-02,Austin Powers: International Man of Mystery,en,5.2501,6.597,3810
5730,166,1980-12-17,The Party,fr,2.7381,6.597,1217
5731,462883,2017-10-05,Woody Woodpecker,en,2.5197,6.6,773
5732,13679,2005-12-07,Kirikou and the Wild Beasts,fr,1.1308,6.596,344
5733,10264,1990-12-19,Hamlet,en,1.5407,6.596,438
5734,345009,2016-10-06,Mine,en,1.8968,6.6,1354
5735,19344,2007-05-24,Loving Annabelle,en,2.2273,6.595,310
5736,11183,1978-11-11,French Fried Vacation,fr,1.8633,6.595,950
5737,11064,1985-05-22,Brewster's Millions,en,3.1356,6.594,665
5738,883083,2022-04-01,You Won't Be Alone,mk,4.9636,6.594,356
5739,480857,2020-03-11,Radioactive,en,2.0179,6.594,918
5740,341012,2016-06-03,Popstar: Never Stop Never Stopping,en,2.541,6.594,1375
5741,80274,2013-10-24,Ender's Game,en,4.3907,6.6,6273
5742,13090,2008-01-18,Sunshine Cleaning,en,1.5578,6.594,844
5743,11247,2004-07-16,A Cinderella Story,en,9.7149,6.594,3396
5744,8005,1993-07-28,Robin Hood: Men in Tights,en,3.7004,6.593,2297
5745,5879,1976-09-15,In the Realm of the Senses,ja,8.9534,6.6,736
5746,1894,2002-05-15,Star Wars: Episode II - Attack of the Clones,en,9.3356,6.594,14397
5747,1362,1977-11-27,The Hobbit,en,2.3596,6.594,366
5748,498402,2021-11-10,Aline,fr,0.9344,6.593,393
5749,445793,2017-04-13,Husband & Wife,it,1.052,6.6,354
5750,348877,1972-07-15,Return,en,0.1501,6.6,416
5751,246860,2014-08-20,Clouds of Sils Maria,en,1.3824,6.593,815
5752,10409,1992-08-20,Strictly Ballroom,en,1.6988,6.593,382
5753,9944,1993-09-17,The Pelican Brief,en,3.8693,6.593,1783
5754,744653,2025-08-22,The Thursday Murder Club,en,4.2463,6.591,1032
5755,22021,1973-06-13,Coffy,en,2.3052,6.593,306
5756,19898,2009-09-08,Pandorum,en,4.1541,6.591,2681
5757,10668,1997-09-06,Suicide Kings,en,1.4407,6.592,330
5758,577,1995-09-22,To Die For,en,2.8309,6.59,888
5759,619297,2021-08-18,Sweet Girl,en,2.9962,6.591,1290
5760,413644,2017-07-26,The Son of Bigfoot,en,2.9849,6.591,528
5761,411638,2016-09-09,The Fury of a Patient Man,es,1.2685,6.591,466
5762,136795,2013-06-27,The Heat,en,4.6974,6.591,4185
5763,119675,2013-05-26,Behind the Candelabra,en,1.6928,6.591,830
5764,10687,2000-10-06,Tigerland,en,1.5994,6.6,622
5765,10414,1992-10-02,The Mighty Ducks,en,1.7769,6.591,981
5766,9595,1991-07-31,Hot Shots!,en,5.495,6.591,2457
5767,1100782,2024-10-16,Smile 2,en,9.3888,6.6,2196
5768,306650,2014-11-12,Kajaki,en,1.4408,6.59,317
5769,18126,2009-04-10,Hannah Montana: The Movie,en,2.564,6.59,2108
5770,683340,2022-07-29,Vengeance,en,1.7204,6.592,467
5771,438674,2019-02-21,Dragged Across Concrete,en,2.2116,6.589,1129
5772,329996,2019-03-27,Dumbo,en,5.2176,6.589,4534
5773,50456,2011-04-07,Hanna,en,3.7515,6.589,3693
5774,20539,1996-11-27,The Crucible,en,1.8586,6.589,559
5775,18032,2009-02-06,The Secret of Moonacre,en,2.6463,6.589,501
5776,11412,1996-10-11,The Long Kiss Goodnight,en,4.7366,6.59,1350
5777,10539,1996-04-12,James and the Giant Peach,en,4.0021,6.589,1441
5778,123,1978-11-15,The Lord of the Rings,en,3.6574,6.589,1055
5779,21159,1964-05-06,The Last Man on Earth,en,1.7608,6.588,485
5780,10330,2003-08-05,Freaky Friday,en,5.2645,6.587,4293
5781,38843,2010-07-23,Ramona and Beezus,en,2.5173,6.587,799
5782,11281,1981-10-30,Halloween II,en,3.526,6.587,2254
5783,667,1967-06-13,You Only Live Twice,en,5.6646,6.587,2499
5784,802219,2024-02-14,Bob Marley: One Love,en,2.5335,6.586,985
5785,73358,2011-08-28,Page Eight,en,2.3294,6.586,332
5786,13667,1985-08-23,Better Off Dead...,en,1.8296,6.586,550
5787,10909,1993-06-24,Kalifornia,en,1.8033,6.6,869
5788,6972,2008-11-18,Australia,en,2.4963,6.586,2455
5789,592983,2024-11-22,Spellbound,en,5.1963,6.585,317
5790,586461,2020-01-15,Swallow,en,1.8051,6.585,856
5791,436387,2018-10-11,Cut Off,de,1.0486,6.585,305
5792,270303,2015-02-04,It Follows,en,9.4948,6.585,6952
5793,11521,1991-09-06,Little Man Tate,en,2.2534,6.585,340
5794,9346,1983-08-05,Risky Business,en,3.7244,6.586,1472
5795,8488,2005-02-11,Hitch,en,4.7449,6.584,6256
5796,28260,1993-10-01,Return of the Living Dead III,en,4.6175,6.583,905
5797,19405,2001-02-16,Recess: School's Out,en,2.7271,6.6,377
5798,9342,1998-07-16,The Mask of Zorro,en,6.1299,6.584,4351
5799,441282,2019-08-08,Night Hunter,en,4.2673,6.583,1080
5800,431819,2017-08-18,Fireworks,ja,3.3102,6.583,367
5801,9950,2006-03-16,Find Me Guilty,en,1.9558,6.583,547
5802,1190868,2024-09-20,V/H/S/Beyond,en,2.7842,6.6,306
5803,706503,2020-06-19,Lost Bullet,fr,1.8683,6.582,934
5804,11012,1992-12-02,Damage,en,190.9368,6.582,695
5805,9685,2002-09-13,Igby Goes Down,en,1.4698,6.582,352
5806,3049,1994-02-04,Ace Ventura: Pet Detective,en,5.3452,6.582,6418
5807,604685,2025-01-08,Den of Thieves 2: Pantera,en,4.4972,6.581,814
5808,487476,2018-10-17,Nothing to Hide,fr,1.5672,6.581,1431
5809,448119,2020-01-02,Dolittle,en,6.0941,6.581,3889
5810,375366,2016-09-23,The Girl with All the Gifts,en,3.2336,6.581,2170
5811,12079,2003-02-07,Spun,en,1.9261,6.581,526
5812,11676,1997-07-18,Nothing to Lose,en,3.0409,6.581,705
5813,11430,2004-10-28,The Lion King 1½,en,5.7441,6.581,3158
5814,8413,1997-08-15,Event Horizon,en,7.0197,6.581,3315
5815,4413,2007-09-12,The Brave One,en,2.8098,6.6,1086
5816,4105,1989-09-22,Black Rain,en,3.3595,6.579,1241
5817,1198870,,Return,en,0.113,6.6,443
5818,405177,2019-08-16,"Where'd You Go, Bernadette",en,1.5519,6.58,730
5819,347629,2017-10-26,Thank You for Your Service,en,2.0576,6.58,420
5820,12924,2004-11-20,The Place Promised in Our Early Days,ja,1.9292,6.58,558
5821,467936,2018-08-01,The Children Act,en,2.289,6.579,652
5822,16538,2009-03-20,"I Love You, Man",en,2.7755,6.579,1951
5823,9873,1986-02-07,F/X,en,2.5912,6.579,502
5824,157,1984-06-01,Star Trek III: The Search for Spock,en,2.778,6.6,1524
5825,206408,2013-12-04,Chinese Puzzle,fr,1.6497,6.578,733
5826,75174,2012-01-26,The Grey,en,5.2909,6.578,4145
5827,1893,1999-05-19,Star Wars: Episode I - The Phantom Menace,en,11.3512,6.579,15899
5828,800158,2023-10-25,The Killer,en,6.9315,6.577,2844
5829,723072,2020-09-10,Host,en,3.3768,6.6,1276
5830,329712,2015-05-19,The Measure of a Man,fr,0.5626,6.577,370
5831,68817,2011-10-06,Footloose,en,3.3858,6.579,1731
5832,273477,2015-10-23,Scouts Guide to the Zombie Apocalypse,en,9.3713,6.576,2140
5833,250124,2015-08-07,The Diary of a Teenage Girl,en,2.1524,6.6,788
5834,50837,2011-10-21,Martha Marcy May Marlene,en,2.9436,6.576,826
5835,31007,2010-10-29,Welcome to the Rileys,en,1.2049,6.576,434
5836,14429,1999-10-01,Drive Me Crazy,en,2.5917,6.6,432
5837,12151,1986-06-26,Ruthless People,en,2.0057,6.576,447
5838,5486,1971-09-08,A Bay of Blood,it,2.0107,6.577,434
5839,554241,2019-11-08,Playing with Fire,en,2.35,6.575,758
5840,253306,2014-09-04,Housebound,en,1.575,6.575,918
5841,13483,2007-11-28,Awake,en,3.7345,6.575,1559
5842,10389,2002-05-09,The Eye,cn,2.0148,6.6,462
5843,839369,2023-11-16,May December,en,6.7075,6.574,1036
5844,601666,2021-02-19,I Care a Lot,en,4.0456,6.574,3004
5845,332340,2015-05-29,Man Up,en,2.7129,6.574,1063
5846,92591,2012-04-27,Bernie,en,1.7948,6.574,1042
5847,51540,2011-07-08,Horrible Bosses,en,3.9941,6.574,6834
5848,12165,2008-11-07,The Burning Plain,en,1.9639,6.574,464
5849,340101,2017-02-19,Their Finest,en,1.8748,6.573,450
5850,10894,2003-04-11,May,en,2.0579,6.573,719
5851,629017,2021-06-17,Run Hide Fight,en,3.6107,6.57,364
5852,370665,2015-12-18,Dilwale,hi,4.6427,6.572,348
5853,48289,2010-09-30,The Debt,en,2.6878,6.572,966
5854,967585,2023-01-07,Alibi.com 2,fr,1.6794,6.571,485
5855,454467,2019-11-12,Noelle,en,1.547,6.571,750
5856,400157,2019-03-13,Wonder Park,en,4.3342,6.571,756
5857,10567,2000-05-19,Dinosaur,en,5.7491,6.571,2751
5858,7211,2007-10-26,Dan in Real Life,en,2.3504,6.574,1359
5859,5955,2001-01-19,The Pledge,en,2.4738,6.571,1225
5860,38575,2010-06-10,The Karate Kid,en,9.5928,6.569,6589
5861,12690,2008-09-19,Appaloosa,en,1.8601,6.57,1092
5862,1865,2011-05-15,Pirates of the Caribbean: On Stranger Tides,en,16.1159,6.57,15001
5863,206647,2015-10-26,Spectre,en,9.5141,6.569,11286
5864,10493,1989-04-07,Dead Calm,en,2.7858,6.569,826
5865,945729,2023-09-13,A Haunting in Venice,en,4.4197,6.568,2852
5866,774825,2022-01-28,The Ice Age Adventures of Buck Wild,en,9.1498,6.568,1839
5867,28696,1953-12-30,The Wild One,en,1.7551,6.6,333
5868,12775,1985-08-30,Flesh + Blood,en,2.4664,6.568,443
5869,8874,1997-06-19,My Best Friend's Wedding,en,2.8402,6.568,2900
5870,8665,2002-07-19,K-19: The Widowmaker,en,3.529,6.568,1187
5871,6950,1995-03-10,Outbreak,en,4.8428,6.568,2496
5872,1082195,2024-12-05,The Order,en,3.8676,6.567,897
5873,848058,2022-10-07,Piggy,es,2.1391,6.567,701
5874,623520,2019-09-19,Z,en,1.8311,6.559,353
5875,492719,2018-05-18,Godzilla: City on the Edge of Battle,ja,2.4201,6.567,404
5876,36586,2002-03-22,Blade II,en,9.692,6.566,5238
5877,10890,1981-06-26,Stripes,en,3.5961,6.567,1040
5878,10147,2003-11-26,Bad Santa,en,3.8775,6.567,2402
5879,1586,2004-03-12,Secret Window,en,3.6405,6.566,3950
5880,330,1997-05-23,The Lost World: Jurassic Park,en,0.666,6.567,9271
5881,941109,2025-09-30,Play Dirty,en,10.9208,6.566,641
5882,623511,2021-10-29,The Burning Sea,no,3.6744,6.6,301
5883,511785,2018-04-16,Alex Strangelove,en,1.4552,6.566,1577
5884,241259,2016-05-25,Alice Through the Looking Glass,en,9.0124,6.566,6796
5885,164457,2013-11-12,Out of the Furnace,en,2.8405,6.566,2138
5886,88005,2012-06-22,Seeking a Friend for the End of the World,en,2.0032,6.566,2260
5887,988078,2023-06-23,Through My Window: Across the Sea,es,5.2536,6.565,968
5888,424139,2018-10-18,Halloween,en,5.4115,6.565,5072
5889,413518,2019-12-19,Pinocchio,it,1.7985,6.565,1575
5890,9276,1998-12-25,The Faculty,en,9.1448,6.565,2265
5891,664,1996-05-10,Twister,en,6.6112,6.565,3873
5892,163,2004-12-09,Ocean's Twelve,en,6.7121,6.566,7940
5893,621749,2020-01-30,Nimic,en,0.6733,6.564,312
5894,8461,2008-03-14,Funny Games,en,3.7458,6.564,2279
5895,644495,2021-11-24,House of Gucci,en,3.8127,6.563,3456
5896,630392,2021-07-28,The Cursed,en,5.4065,6.563,428
5897,113160,2012-01-18,My First Time,fr,0.7095,6.563,535
5898,48492,2010-09-18,Detective Dee and the Mystery of the Phantom Flame,zh,2.6981,6.563,432
5899,10215,1998-04-23,Sliding Doors,en,2.101,6.563,1420
5900,727293,2021-12-17,The Tender Bar,en,1.6372,6.562,613
5901,551804,2020-11-12,Freaky,en,2.3095,6.562,1858
5902,468362,2018-05-15,The Angel,en,1.8912,6.6,330
5903,433310,2018-02-08,When We First Met,en,2.385,6.562,2364
5904,116711,2013-05-15,Epic,en,7.0602,6.563,2950
5905,64678,2011-06-17,The Art of Getting By,en,1.4077,6.562,1361
5906,60309,2011-04-15,The Conspirator,en,2.1055,6.562,501
5907,51917,2008-03-28,A Whole Life Ahead,it,0.4939,6.562,322
5908,14136,1968-12-23,The Love Bug,en,4.9376,6.562,646
5909,8198,2002-11-22,The Quiet American,en,1.672,6.562,331
5910,653744,2020-01-28,Sergio,en,1.4004,6.561,361
5911,622855,2020-11-06,Jingle Jangle: A Christmas Journey,en,1.8603,6.561,571
5912,297608,2014-10-21,The Taking of Deborah Logan,en,3.7717,6.561,1486
5913,241842,2014-02-12,Dead Snow 2: Red vs. Dead,no,2.2952,6.561,714
5914,9445,1998-10-23,Apt Pupil,en,2.3542,6.6,725
5915,1390300,2026-03-14,Over Your Dead Body,en,44.6143,6.563,336
5916,1070514,2023-08-03,Zom 100: Bucket List of the Dead,ja,3.3642,6.56,624
5917,565743,2019-06-01,The Vast of Night,en,1.8748,6.56,1186
5918,546630,2018-12-06,100 Things,de,1.1766,6.56,317
5919,532938,2019-05-08,The Shiny Shrimps,fr,1.1299,6.558,473
5920,457136,2018-12-07,Mary Queen of Scots,en,3.3191,6.56,1949
5921,435921,2017-01-19,It’s the Law,it,0.7504,6.6,788
5922,410117,2016-12-12,Lady Macbeth,en,2.307,6.56,821
5923,8840,1996-05-31,DragonHeart,en,3.5191,6.56,2159
5924,547565,2021-07-15,The Night House,en,2.5887,6.559,1338
5925,227156,2014-08-13,The Giver,en,4.4785,6.559,4654
5926,30943,1999-03-12,The Deep End of the Ocean,en,2.6045,6.559,541
5927,11282,2004-07-02,Harold & Kumar Go to White Castle,en,3.1169,6.56,2291
5928,732670,2020-11-17,LEGO Star Wars Holiday Special,en,1.6183,6.558,368
5929,581726,2021-09-09,Infinite,en,6.4324,6.558,2152
5930,480001,2019-07-12,The Art of Self-Defense,en,1.9957,6.558,835
5931,425591,2017-01-19,I Don't Feel at Home in This World Anymore,en,1.7697,6.557,1414
5932,274857,2017-05-10,King Arthur: Legend of the Sword,en,9.8213,6.558,6076
5933,218425,2013-07-24,Frequencies,en,1.058,6.558,441
5934,15739,1982-05-21,Annie,en,2.6496,6.558,772
5935,13122,1991-11-01,The People Under the Stairs,en,1.9398,6.554,763
5936,12133,2008-07-25,Step Brothers,en,4.8429,6.558,3424
5937,435,2004-05-26,The Day After Tomorrow,en,7.6129,6.557,8912
5938,348350,2018-05-15,Solo: A Star Wars Story,en,6.5135,6.557,9299
5939,645788,2021-08-19,The Protégé,en,3.9715,6.556,1154
5940,331583,2016-03-25,The Whole Truth,en,4.0616,6.6,1277
5941,39939,2001-02-15,Super Troopers,en,2.8167,6.556,1233
5942,11551,1998-07-10,Small Soldiers,en,5.283,6.556,2338
5943,10800,2008-03-19,Dragon Hunters,fr,1.4003,6.556,477
5944,736526,2022-11-30,Troll,no,4.0202,6.555,2034
5945,489927,2018-09-23,The Kindergarten Teacher,en,2.7518,6.554,390
5946,471506,2019-02-28,Greta,en,3.3222,6.555,1460
5947,112336,2012-11-22,Hitchcock,en,2.0525,6.6,1636
5948,21755,2008-09-09,The Brothers Bloom,en,1.623,6.555,708
5949,2789,2004-06-11,The Chronicles of Riddick,en,2.9279,6.555,4508
5950,665251,2020-03-18,Altered Carbon: Resleeved,ja,2.1631,6.549,325
5951,575776,2020-10-09,Saint Maud,en,2.8703,6.549,892
5952,440626,2018-05-03,Sobibor,ru,1.2707,6.554,332
5953,376166,2016-10-19,From the Land of the Moon,fr,1.2278,6.6,313
5954,293167,2017-03-08,Kong: Skull Island,en,10.2383,6.554,11171
5955,274479,2015-12-24,Joy,en,2.8208,6.554,4293
5956,56832,2010-11-29,Gantz,ja,3.6893,6.554,344
5957,438145,2018-09-05,Black '47,en,2.4048,6.553,332
5958,339259,2017-05-25,The Man with the Iron Heart,en,2.8666,6.553,822
5959,68812,2012-09-01,The Iceman,en,5.0551,6.553,1152
5960,948549,2024-03-07,Love Lies Bleeding,en,4.4027,6.6,970
5961,399360,2018-08-17,Alpha,en,4.2826,6.6,2764
5962,389868,2016-08-17,Seoul Station,ko,1.7759,6.552,493
5963,34560,2004-10-08,Halloweentown High,en,1.2857,6.6,325
5964,10872,1994-03-09,The Ref,en,1.92,6.552,377
5965,1965,1998-06-05,A Perfect Murder,en,3.943,6.552,1572
5966,668,1969-12-18,On Her Majesty's Secret Service,en,4.8196,6.552,2155
5967,540,2005-03-25,D.E.B.S.,en,3.6,6.552,638
5968,1063879,2023-12-27,Infested,fr,1.6113,6.6,584
5969,339408,2016-09-09,The Birth of a Nation,en,1.3465,6.6,574
5970,51991,2010-12-22,Romantics Anonymous,fr,0.8048,6.551,575
5971,39101,1990-06-07,Dragon Ball Z: The Tree of Might,ja,3.9124,6.5,629
5972,10939,1974-11-12,The Return of the Tall Blond Man with One Black Shoe,fr,1.0246,6.5,343
5973,10684,1996-07-04,Courage Under Fire,en,2.4917,6.55,1053
5974,6069,1987-06-12,The Witches of Eastwick,en,3.5568,6.552,1563
5975,632357,2021-03-31,The Unholy,en,3.1432,6.549,2259
5976,324670,2016-12-09,Spectral,en,4.9131,6.549,2012
5977,37910,2002-02-02,Voices of a Distant Star,ja,1.7991,6.5,334
5978,9035,2006-03-31,Slither,en,5.7995,6.5,1739
5979,848,1981-06-26,Dragonslayer,en,2.7592,6.549,318
5980,74,2005-06-28,War of the Worlds,en,10.3407,6.549,9233
5981,839033,2024-12-05,The Lord of the Rings: The War of the Rohirrim,en,5.9699,6.548,868
5982,412656,2021-02-24,Chaos Walking,en,3.9935,6.549,2602
5983,44945,2010-09-10,Trust,en,3.0336,6.548,1047
5984,10652,1987-08-07,Hamburger Hill,en,2.2761,6.548,508
5985,10502,1993-08-25,The Man Without a Face,en,1.2455,6.548,560
5986,9255,1993-05-21,Hot Shots! Part Deux,en,4.1302,6.55,2076
5987,4564,2008-05-12,Sex and the City,en,6.7174,6.548,2270
5988,924482,2022-02-18,The Ledge,en,3.6099,6.547,402
5989,125521,1996-08-03,Slayers Return,ja,0.8834,6.547,2076
5990,87499,2013-05-31,The East,en,1.7641,6.547,862
5991,75674,2012-02-24,Act of Valor,en,5.4872,6.547,1259
5992,54318,2007-12-25,The Water Horse,en,2.6581,6.547,1158
5993,10650,1983-12-08,Sudden Impact,en,2.5715,6.547,1016
5994,1314481,2026-04-29,The Devil Wears Prada 2,en,34.1099,6.5,837
5995,760741,2022-08-11,Beast,en,4.8482,6.546,1763
5996,594718,2020-07-24,Sputnik,ru,1.9927,6.546,988
5997,526051,2018-10-12,Look Away,en,4.2011,6.547,976
5998,398181,2017-11-08,You Were Never Really Here,en,3.0561,6.5,3054
5999,300693,2015-10-16,Truth,en,2.1129,6.546,529
6000,10947,2006-01-20,High School Musical,en,3.6793,6.546,4796
6001,9615,2006-06-03,The Fast and the Furious: Tokyo Drift,en,2.4132,6.546,7657
6002,6283,1997-12-19,MouseHunt,en,3.2958,6.546,1370
6003,5139,2007-12-27,The Fox and the Child,fr,0.71,6.546,360
6004,658751,2020-04-17,Rising High,de,1.0973,6.545,301
6005,500840,2020-08-28,I'm Thinking of Ending Things,en,2.8046,6.545,2210
6006,420426,2018-07-20,Bleach,ja,3.948,6.5,580
6007,41154,2012-05-23,Men in Black 3,en,6.5916,6.545,11020
6008,20526,2010-12-14,TRON: Legacy,en,14.1505,6.545,7968
6009,11814,1985-08-01,Weird Science,en,3.8273,6.545,1549
6010,11543,1996-07-04,Kingpin,en,2.1671,6.5,984
6011,10052,2002-02-22,Dragonfly,en,3.0311,6.545,942
6012,2788,1994-02-18,Reality Bites,en,2.7602,6.545,794
6013,1059128,2024-11-27,Queer,en,5.5013,6.544,536
6014,877817,2024-09-20,Wolfs,en,5.2133,6.544,1469
6015,823855,2021-05-14,I Am All Girls,en,2.7827,6.5,326
6016,613349,2019-12-11,A Good Doctor,fr,0.699,6.544,333
6017,102382,2014-04-16,The Amazing Spider-Man 2,en,20.0378,6.544,14301
6018,13053,2008-11-21,Bolt,en,8.5301,6.544,6520
6019,6538,2007-12-19,Charlie Wilson's War,en,3.8864,6.544,1647
6020,699,1981-06-24,For Your Eyes Only,en,4.8121,6.544,2091
6021,522681,2019-01-03,Escape Room,en,6.0713,6.543,5072
6022,171274,2014-12-12,Inherent Vice,en,4.5595,6.543,2726
6023,136400,2013-08-02,2 Guns,en,4.8778,6.543,4529
6024,16119,2007-02-06,Cinderella III: A Twist in Time,en,4.4845,6.5,1333
6025,12106,1995-02-09,The Quick and the Dead,en,4.8744,6.542,1965
6026,11887,2008-10-11,High School Musical 3: Senior Year,en,2.5354,6.543,3611
6027,11808,1998-03-06,U.S. Marshals,en,4.2172,6.543,1818
6028,10866,2001-10-05,Joy Ride,en,3.6826,6.543,1357
6029,9664,2006-09-22,Flyboys,en,2.0566,6.543,854
6030,613099,2019-12-05,The Legacy of the Bones,es,1.5288,6.542,462
6031,401545,2018-05-09,Everybody Knows,es,1.4057,6.542,1040
6032,8868,1985-03-06,Asterix vs. Caesar,fr,1.8435,6.542,646
6033,2360,2000-01-24,Saving Grace,en,1.4655,6.542,446
6034,865,1987-11-13,The Running Man,en,5.3685,6.5,2859
6035,544404,2019-02-27,Who You Think I Am,fr,0.906,6.5,351
6036,14024,2004-08-10,Raise Your Voice,en,1.6702,6.541,862
6037,12637,1977-06-21,"New York, New York",en,1.5238,6.5,504
6038,10991,2000-07-08,Pokémon 3: The Movie,ja,3.3398,6.541,694
6039,9437,1997-09-29,Kiss the Girls,en,4.4376,6.541,1900
6040,245700,2014-10-31,Mr. Turner,en,2.1231,6.54,586
6041,244509,2014-05-23,Cold in July,en,1.9484,6.54,822
6042,13205,2006-01-26,Bambi II,en,3.822,6.54,1060
6043,10622,1997-01-31,Mr. Nice Guy,cn,3.8455,6.54,752
6044,708,1987-06-29,The Living Daylights,en,4.9993,6.54,2034
6045,273271,2014-05-24,Time Lapse,en,1.8175,6.539,1394
6046,83201,2012-02-07,Puss in Boots: The Three Diablos,en,5.2432,6.539,523
6047,38093,2010-05-14,Just Wright,en,2.4996,6.539,461
6048,27582,2011-01-13,The Mechanic,en,6.9828,6.539,3615
6049,17689,1977-12-17,The Gauntlet,en,2.3044,6.5,610
6050,9816,2001-01-12,Save the Last Dance,en,1.919,6.539,1358
6051,9087,1995-11-17,The American President,en,2.8053,6.539,785
6052,231576,2014-07-18,Wish I Was Here,en,1.5705,6.538,783
6053,12437,2009-01-22,Underworld: Rise of the Lycans,en,6.0247,6.538,3959
6054,271724,2014-09-03,Hippocrates,fr,0.6548,6.537,501
6055,39102,1991-03-19,Dragon Ball Z: Lord Slug,ja,3.7466,6.537,594
6056,19124,1989-08-17,Blind Fury,en,2.4873,6.537,505
6057,10388,1999-10-08,The Limey,en,2.4752,6.537,499
6058,1263256,2025-07-25,Happy Gilmore 2,en,9.2201,6.5,973
6059,470918,2018-04-18,Beast,en,1.6779,6.536,345
6060,466081,2019-08-30,The Informer,en,3.0302,6.536,961
6061,270946,2014-11-22,Penguins of Madagascar,en,13.0616,6.536,4490
6062,242224,2014-05-22,The Babadook,en,6.2368,6.536,6441
6063,25155,1987-01-23,The Stepfather,en,2.2649,6.536,377
6064,13062,2003-11-04,Boundin',en,1.5709,6.536,593
6065,10412,1992-03-05,Romper Stomper,en,2.0565,6.5,567
6066,21316,2006-06-23,Leroy & Stitch,en,2.7597,6.5,611
6067,9768,1990-04-06,Cry-Baby,en,3.2828,6.535,1572
6068,3536,2000-04-20,U-571,en,5.434,6.535,1366
6069,401981,2018-02-28,Red Sparrow,en,6.9636,6.534,6373
6070,38410,2007-04-27,The Poughkeepsie Tapes,en,3.3636,6.534,778
6071,13665,1981-07-17,Arthur,en,2.2241,6.534,472
6072,11364,1991-07-10,Regarding Henry,en,1.791,6.534,632
6073,10354,1999-03-19,True Crime,en,2.7608,6.534,862
6074,146216,2013-07-18,RED 2,en,5.4008,6.533,4340
6075,25649,2002-01-11,Bad Guy,ko,2.9469,6.533,304
6076,13922,2005-08-12,The Great Raid,en,2.5431,6.533,384
6077,11348,2005-10-14,Fragile,en,2.3298,6.533,628
6078,8696,2003-09-02,Calendar Girls,en,1.7962,6.533,407
6079,1945,1994-12-23,Nell,en,2.1764,6.533,551
6080,96,1987-05-18,Beverly Hills Cop II,en,4.1819,6.533,2839
6081,1363123,2025-11-11,The Family Plan 2,en,9.031,6.534,594
6082,736769,2023-06-14,They Cloned Tyrone,en,2.3085,6.532,767
6083,453755,2018-11-21,Arctic,en,3.1213,6.532,1388
6084,11338,1985-02-22,Into the Night,en,1.7005,6.532,328
6085,8909,2008-06-19,Wanted,en,6.5154,6.532,7623
6086,1048241,2024-07-18,My Spy The Eternal City,en,3.6066,6.531,470
6087,409421,2017-05-20,BLAME!,ja,2.2475,6.531,359
6088,351286,2018-06-06,Jurassic World: Fallen Kingdom,en,12.1457,6.531,12806
6089,73723,2012-03-01,The Lorax,en,9.2729,6.531,3896
6090,73567,2012-06-07,Killer Joe,en,2.6678,6.531,1584
6091,44129,2010-10-21,The Company Men,en,1.6799,6.531,814
6092,10881,2001-01-20,Avalon,pl,1.6473,6.5,352
6093,522938,2019-09-18,Rambo: Last Blood,en,6.9471,6.53,4240
6094,261023,2015-09-17,Black Mass,en,4.8693,6.53,3609
6095,11624,1972-08-06,Everything You Always Wanted to Know About Sex *But Were Afraid to Ask,en,2.3608,6.53,1000
6096,9900,2006-01-06,Grandma's Boy,en,3.4389,6.53,753
6097,9429,1998-10-01,A Night at the Roxbury,en,4.5226,6.534,1008
6098,381890,2016-02-08,The Mermaid,zh,4.5112,6.529,488
6099,264656,2014-05-18,The Homesman,en,2.6345,6.529,877
6100,72197,2012-03-12,The Pirates! In an Adventure with Scientists!,en,3.6233,6.529,1215
6101,13105,1983-07-22,Mr. Mom,en,1.9257,6.529,347
6102,12242,2004-11-03,Mulan II,en,6.2975,6.529,2521
6103,10970,1976-06-17,Silent Movie,en,2.0955,6.529,341
6104,8992,1985-03-01,The Sure Thing,en,1.9758,6.529,325
6105,1493,2000-12-22,Miss Congeniality,en,4.0207,6.529,4244
6106,1139829,2024-02-01,Orion and the Dark,en,3.7717,6.5,646
6107,486131,2019-06-14,Shaft,en,3.2207,6.528,1879
6108,295964,2015-10-02,Burnt,en,3.0702,6.528,3590
6109,11559,2005-10-13,Tideland,en,2.5683,6.531,621
6110,10527,2008-10-30,Madagascar: Escape 2 Africa,en,11.4202,6.528,7458
6111,762430,2023-08-23,Retribution,en,4.2124,6.527,1374
6112,635744,2019-10-01,Jarhead: Law of Return,en,1.8275,6.527,3361
6113,18898,2009-05-27,Looking for Eric,en,1.009,6.527,373
6114,13552,1995-10-20,The Doom Generation,en,2.9103,6.529,314
6115,246655,2016-05-18,X-Men: Apocalypse,en,9.8023,6.526,13816
6116,45132,2010-11-26,Super,en,2.1249,6.526,1746
6117,12222,2008-03-03,Horton Hears a Who!,en,7.9753,6.527,3566
6118,11395,1994-11-11,The Santa Clause,en,1.8749,6.5,2309
6119,1990,2007-07-12,Paranoid Park,en,1.3859,6.526,603
6120,842,2004-05-17,The Assassination of Richard Nixon,en,1.2884,6.508,309
6121,1226578,2024-07-10,Longlegs,en,8.092,6.526,2695
6122,572802,2023-12-20,Aquaman and the Lost Kingdom,en,17.0465,6.5,3513
6123,390555,1993-11-24,Bonanza: The Return,en,0.5347,6.525,404
6124,39371,1984-10-26,L'allenatore nel pallone,it,0.6491,6.5,398
6125,37933,2006-07-29,Tales from Earthsea,ja,3.0488,6.5,1498
6126,14854,1983-04-15,Lone Wolf McQuade,en,2.8649,6.525,426
6127,10413,1993-01-15,Nowhere to Run,en,4.0484,6.529,836
6128,9975,2006-02-10,Curious George,en,3.242,6.525,563
6129,9353,2006-06-16,Nacho Libre,en,6.13,6.527,1867
6130,2882,2007-03-21,Hunting & Gathering,fr,0.7459,6.5,445
6131,450001,2018-12-20,Master Z: Ip Man Legacy,cn,3.2321,6.524,596
6132,157847,2014-04-11,Joe,en,1.2446,6.524,1041
6133,43629,1997-01-01,Doodlebug,en,0.661,6.524,488
6134,21309,1986-10-10,River's Edge,en,1.9047,6.524,315
6135,584,2003-06-05,2 Fast 2 Furious,en,1.8218,6.525,8186
6136,1315303,2026-01-01,Primate,en,12.068,6.524,699
6137,832502,2023-07-30,The Monkey King,en,2.8391,6.523,345
6138,172385,2014-03-19,Rio 2,en,6.6742,6.522,3776
6139,68724,2013-08-07,Elysium,en,5.371,6.523,9615
6140,37725,2006-07-15,It's a Boy Girl Thing,en,2.8405,6.523,1108
6141,1283,1998-03-13,Torrente: The Dumb Arm of the Law,es,2.36,6.523,321
6142,928,1990-06-15,Gremlins 2: The New Batch,en,3.9546,6.523,2919
6143,623195,2019-08-29,Falling Inn Love,en,1.8711,6.522,1210
6144,282984,2015-07-17,Irrational Man,en,1.8056,6.522,2485
6145,661231,2022-04-01,Operation Mincemeat,en,1.9588,6.521,804
6146,8338,2008-05-14,Blindness,en,2.555,6.521,1384
6147,1022690,2024-03-07,Ricky Stanicky,en,4.1274,6.52,794
6148,467938,2017-11-18,Revenge,fr,5.5735,6.521,2100
6149,4233,1997-12-12,Scream 2,en,8.1549,6.52,4768
6150,193,1994-11-18,Star Trek: Generations,en,2.8343,6.5,1496
6151,536115,2018-11-09,Godzilla: The Planet Eater,ja,2.7629,6.519,401
6152,36801,2010-04-14,Cemetery Junction,en,1.4295,6.519,317
6153,9350,1993-05-28,Cliffhanger,en,4.5448,6.518,2649
6154,645710,2021-08-25,The Voyeurs,en,13.3072,6.519,1201
6155,374465,2016-04-06,Things to Come,fr,1.0344,6.518,342
6156,205022,2013-08-08,Chennai Express,hi,3.7356,6.518,386
6157,21861,2009-02-04,LOL (Laughing Out Loud),fr,1.1122,6.518,1346
6158,18331,1963-06-04,The Nutty Professor,en,2.3314,6.5,469
6159,15070,2002-07-17,Undisputed,en,4.4768,6.518,828
6160,11400,2005-12-25,The New World,en,2.7226,6.5,1279
6161,8954,2007-09-13,Reservation Road,en,2.2819,6.518,414
6162,2107,1991-02-08,L.A. Story,en,2.2867,6.518,387
6163,9779,2005-06-01,The Sisterhood of the Traveling Pants,en,2.1954,6.5,1352
6164,9535,1999-03-05,Analyze This,en,2.9328,6.517,2145
6165,9086,1990-08-01,Young Guns II,en,4.4625,6.517,601
6166,458534,2018-03-14,Rolling to You,fr,1.1644,6.5,785
6167,10818,2007-05-17,Water Lilies,fr,2.0681,6.516,471
6168,146015,2014-04-03,The Double,en,2.2797,6.515,1089
6169,579047,2021-08-18,Reminiscence,en,2.8838,6.514,1960
6170,458576,2020-12-03,Monster Hunter,en,4.1708,6.514,3581
6171,21629,1980-12-12,Stir Crazy,en,1.9512,6.514,485
6172,11827,1981-08-07,Heavy Metal,en,3.3545,6.514,794
6173,799546,2022-09-30,Luckiest Girl Alive,en,2.6615,6.5,941
6174,36968,2000-03-05,Life-Size,en,1.9116,6.513,477
6175,36593,1994-03-18,Naked Gun 33⅓: The Final Insult,en,4.066,6.513,2537
6176,14510,1986-10-24,From Beyond,en,2.3637,6.513,667
6177,12797,2008-09-19,Ghost Town,en,4.4978,6.513,1066
6178,2148,1984-12-14,The Cotton Club,en,2.3894,6.513,445
6179,864168,2023-06-22,Joy Ride,en,3.4491,6.512,491
6180,614479,2023-07-05,Insidious: The Red Door,en,9.5184,6.512,1980
6181,76338,2013-10-30,Thor: The Dark World,en,10.7205,6.5,18378
6182,43947,2010-06-17,I Spit on Your Grave,en,9.5098,6.512,2589
6183,18129,1990-08-08,The Grifters,en,1.9266,6.5,474
6184,11980,1995-08-05,The Prophecy,en,2.5251,6.512,564
6185,10126,1988-04-15,Colors,en,3.0144,6.512,547
6186,8765,1997-01-24,Nirvana,it,0.8363,6.512,304
6187,7442,1991-01-13,Sleeping with the Enemy,en,3.1766,6.512,1231
6188,581600,2020-03-06,Spenser Confidential,en,2.5035,6.511,2524
6189,335977,2023-06-25,Indiana Jones and the Dial of Destiny,en,8.0556,6.511,4182
6190,309302,2015-02-19,Wolf Totem,zh,3.247,6.511,402
6191,257785,2017-07-13,Tulip Fever,en,2.0188,6.5,741
6192,11001,1999-09-17,Blue Streak,en,4.3144,6.511,1648
6193,4729,1968-10-30,The Gendarme Gets Married,fr,1.0466,6.511,608
6194,585216,2021-07-01,Escape Room: Tournament of Champions,en,4.3279,6.512,2294
6195,445040,2017-11-03,My Friend Dahmer,en,1.9461,6.512,650
6196,57120,2011-04-08,Meek's Cutoff,en,1.5697,6.5,303
6197,55721,2011-05-13,Bridesmaids,en,6.5782,6.51,4690
6198,53319,2011-01-05,What a Beautiful Day,it,0.5404,6.5,1578
6199,11027,1981-03-20,The Postman Always Rings Twice,en,2.03,6.51,565
6200,620881,2019-10-31,The Perfect Secret,de,0.6876,6.5,342
6201,184314,2013-08-21,Young & Beautiful,fr,3.4508,6.5,1326
6202,20943,2009-07-24,The Ugly Truth,en,4.3991,6.51,3786
6203,9408,2007-06-08,Surf's Up,en,6.2507,6.509,2762
6204,785398,2022-09-30,EO,en,5.3899,6.508,422
6205,436274,2017-07-17,Radius,en,3.1681,6.508,748
6206,58235,2011-02-25,Confessions of a Brazilian Call Girl,pt,1.9616,6.5,509
6207,45243,2011-05-25,The Hangover Part II,en,7.9923,6.508,11318
6208,10466,1986-03-26,The Money Pit,en,3.4263,6.508,1241
6209,400650,2018-12-13,Mary Poppins Returns,en,3.4617,6.507,3471
6210,353616,2017-12-20,Pitch Perfect 3,en,3.9793,6.507,3467
6211,238751,1989-11-10,Best of the Best,en,2.208,6.507,337
6212,18585,2008-02-08,The Ramen Girl,en,1.607,6.5,371
6213,10782,2003-04-18,Basic,en,2.659,6.507,1146
6214,10576,1983-06-03,Psycho II,en,2.782,6.507,735
6215,9689,2002-05-03,Hollywood Ending,en,1.3007,6.507,533
6216,773655,2020-12-27,Death to 2020,en,1.4379,6.506,804
6217,75948,2011-09-27,The Sorcerer and the White Snake,zh,2.8483,6.517,315
6218,20857,2001-09-14,Hardball,en,2.0701,6.506,556
6219,13680,2007-09-28,The Game Plan,en,3.8448,6.506,2205
6220,13649,2007-08-17,High School Musical 2,en,2.5285,6.506,3877
6221,10750,1991-04-24,Toy Soldiers,en,2.0329,6.506,385
6222,4141,2007-07-26,Shoot 'Em Up,en,5.1041,6.506,2108
6223,948276,2022-11-10,Lost Bullet 2,fr,1.6031,6.505,482
6224,172386,2013-03-15,Return to Nim's Island,en,1.5427,6.5,644
6225,9870,2008-04-17,Forgetting Sarah Marshall,en,4.2421,6.5,3708
6226,2019,1993-04-27,Hard Target,en,6.0532,6.505,1346
6227,1551,1990-08-10,Flatliners,en,2.6064,6.505,1739
6228,940139,2024-10-30,Here,en,3.2842,6.504,678
6229,186929,2013-08-29,Borgman,nl,1.2569,6.5,355
6230,173185,2013-03-06,It Boy,fr,6.1066,6.504,1598
6231,10631,1984-09-21,All of Me,en,1.7215,6.504,375
6232,9522,2005-07-13,Wedding Crashers,en,6.7545,6.504,4728
6233,8012,1995-10-20,Get Shorty,en,3.3688,6.504,1217
6234,617502,2021-07-15,Jolt,en,3.1053,6.503,1397
6235,160139,2013-03-07,Night Train to Lisbon,en,1.1594,6.503,436
6236,38594,2008-09-21,Dragon Ball: Yo! Son Goku and His Friends Return!!,ja,2.5254,6.503,590
6237,33689,1995-11-17,It Takes Two,en,4.2527,6.507,978
6238,22897,2009-12-23,It's Complicated,en,3.6205,6.503,1524
6239,9691,1995-10-06,Assassins,en,3.1733,6.503,1720
6240,467482,2018-11-07,A Man in a Hurry,fr,0.555,6.502,319
6241,301365,2016-06-08,The Neon Demon,en,3.8652,6.502,3952
6242,25472,2009-11-16,Merry Madagascar,en,2.6349,6.5,321
6243,8346,2002-04-19,My Big Fat Greek Wedding,en,2.4394,6.502,2304
6244,8208,1934-12-09,The Man Who Knew Too Much,en,1.7499,6.5,448
6245,1140066,2023-06-24,Paradise,de,1.8097,6.5,716
6246,452557,2017-07-27,Wolf Warrior 2,zh,5.3971,6.501,335
6247,392207,2017-03-03,The Invisible Guardian,es,2.3194,6.501,735
6248,274862,2017-09-21,The Lego Ninjago Movie,en,4.754,6.501,1173
6249,24122,2009-09-16,The Rebound,en,3.5344,6.501,963
6250,351044,2018-12-21,Welcome to Marwen,en,1.8021,6.5,1209
6251,243684,2014-10-17,"Men, Women & Children",en,2.8032,6.5,988
6252,16523,2009-10-16,Where the Wild Things Are,en,3.0606,6.5,2026
6253,13850,1946-11-20,Song of the South,en,1.4998,6.5,305
6254,13465,1949-10-05,The Adventures of Ichabod and Mr. Toad,en,3.0449,6.5,690
6255,1137350,2025-05-23,The Phoenician Scheme,en,5.7534,6.5,937
6256,777443,2025-03-07,The Electric State,en,6.5065,6.499,1676
6257,301804,2016-04-07,Before I Wake,en,2.0843,6.499,1980
6258,47760,2011-09-16,Restless,en,0.9713,6.5,436
6259,10326,1992-12-16,Forever Young,en,2.5396,6.499,975
6260,3902,2007-10-01,I'm Not There,en,2.2302,6.499,779
6261,253,1973-06-27,Live and Let Die,en,4.7812,6.5,2302
6262,157547,2014-04-03,Oculus,en,3.3376,6.498,3205
6263,18405,2009-03-13,The Last House on the Left,en,6.9996,6.5,1964
6264,14684,1992-09-18,School Ties,en,2.2567,6.5,428
6265,10656,1985-04-10,Subway,fr,1.5351,6.498,510
6266,5174,2007-08-08,Rush Hour 3,en,7.9206,6.497,3743
6267,425274,2025-11-12,Now You See Me: Now You Don't,en,25.5161,6.496,1590
6268,309299,2015-10-16,Experimenter,en,1.3996,6.497,488
6269,10471,2000-01-12,Next Friday,en,3.3997,6.5,653
6270,975511,2024-11-28,The Return,en,5.7041,6.5,450
6271,654028,2020-11-18,The Christmas Chronicles: Part Two,en,2.147,6.496,1170
6272,628914,2021-08-26,Queenpins,en,1.8207,6.496,502
6273,533533,2025-10-08,TRON: Ares,en,18.8834,6.497,1459
6274,14249,1990-02-16,Revenge,en,3.472,6.496,480
6275,12610,2001-08-10,Osmosis Jones,en,3.2386,6.5,1087
6276,9638,1979-03-28,Phantasm,en,2.3341,6.494,786
6277,5353,2007-09-03,The Hunting Party,en,1.5792,6.5,356
6278,1127166,2024-04-03,The Tearsmith,it,5.7882,6.495,977
6279,390054,2017-04-21,Sand Castle,en,2.5637,6.5,865
6280,72387,2012-04-16,Safe,en,4.1398,6.495,2694
6281,70006,2011-09-13,Never Back Down 2: The Beatdown,en,5.1779,6.495,702
6282,20726,1994-10-14,Little Giants,en,2.4145,6.495,475
6283,8224,1999-02-26,8MM,en,4.1077,6.495,2292
6284,248774,2014-06-06,Obvious Child,en,1.2665,6.494,463
6285,121826,2012-12-26,Quartet,en,1.5942,6.494,389
6286,13027,2008-09-25,Eagle Eye,en,4.9657,6.494,3133
6287,9032,1999-06-25,Big Daddy,en,4.5208,6.494,3561
6288,1968,1997-02-14,Fools Rush In,en,2.8107,6.5,606
6289,864959,2022-10-14,The Curse of Bridge Hollow,en,1.5995,6.493,517
6290,333484,2016-09-14,The Magnificent Seven,en,8.6886,6.493,6434
6291,229297,2014-07-25,Magic in the Moonlight,en,1.797,6.493,2177
6292,429473,2022-09-23,Lou,en,1.9616,6.492,781
6293,59961,2012-02-08,Safe House,en,4.6177,6.492,3942
6294,17710,2002-06-28,Hey Arnold! The Movie,en,1.231,6.492,376
6295,9403,1997-03-07,Private Parts,en,2.6804,6.492,384
6296,446791,2017-12-21,All the Money in the World,en,2.4398,6.5,2422
6297,444539,2017-11-10,The Bookshop,en,2.1036,6.491,462
6298,310135,2015-08-14,Turbo Kid,en,1.6693,6.491,775
6299,101669,2010-09-23,Mother's Day,en,1.4145,6.491,464
6300,57825,2004-02-11,Bride & Prejudice,en,2.1933,6.491,411
6301,22972,2010-03-11,Green Zone,en,3.2747,6.492,2388
6302,622,1999-08-25,The Ninth Gate,en,5.3167,6.492,3366
6303,535,1983-04-14,Flashdance,en,3.662,6.491,1610
6304,939335,2023-09-29,Muzzle,en,2.7691,6.49,361
6305,417384,2019-08-08,Scary Stories to Tell in the Dark,en,4.4286,6.49,2872
6306,375012,2016-09-30,Under the Shadow,fa,1.5278,6.49,730
6307,204922,2014-09-03,Before I Go to Sleep,en,3.6814,6.49,2156
6308,20048,2009-02-05,Confessions of a Shopaholic,en,3.8746,6.49,2767
6309,12117,1999-06-04,Instinct,en,2.1017,6.49,657
6310,396940,2017-09-29,Super Dark Times,en,1.3835,6.489,679
6311,376659,2016-07-28,Bad Moms,en,4.0949,6.489,4273
6312,255756,2014-06-11,"Black Coal, Thin Ice",zh,1.1103,6.5,311
6313,34996,1995-10-06,The Addiction,en,1.657,6.5,311
6314,34016,2010-03-11,She's Out of My League,en,4.2344,6.489,2346
6315,10021,1987-04-10,The Secret of My Success,en,2.4848,6.489,696
6316,9404,1996-02-10,First Strike,cn,4.3865,6.5,538
6317,9077,1955-10-29,Tarantula,en,1.2576,6.489,308
6318,6947,2004-07-30,The Village,en,5.4236,6.489,4609
6319,15301,1983-06-24,Twilight Zone: The Movie,en,3.1824,6.488,812
6320,14462,2004-07-30,The Manchurian Candidate,en,2.8506,6.488,1743
6321,9294,1996-07-05,Phenomenon,en,4.4893,6.488,1345
6322,8194,2006-09-29,A Guide to Recognizing Your Saints,en,1.0491,6.488,345
6323,574982,2019-11-21,The Blackout,ru,2.0946,6.487,582
6324,503125,2019-08-29,Little Monsters,en,1.3698,6.487,746
6325,38842,2009-05-17,Middle Men,en,2.3089,6.487,345
6326,15373,2008-11-07,Role Models,en,4.1646,6.487,2162
6327,13573,2003-05-15,The United States of Leland,en,1.5912,6.487,340
6328,10279,1999-06-28,Summer of Sam,en,2.2293,6.498,534
6329,9928,2005-03-10,Robots,en,7.2239,6.487,4935
6330,9618,1989-12-22,Tango & Cash,en,3.7152,6.487,2130
6331,2133,2000-06-29,The Perfect Storm,en,5.6795,6.487,2575
6332,575100,2019-02-07,When Mom Is Away,it,0.7559,6.486,519
6333,11008,1995-03-24,Major Payne,en,5.1323,6.486,906
6334,475303,2019-07-26,A Rainy Day in New York,en,0.3012,6.485,2376
6335,474051,2018-06-22,Calibre,en,1.9738,6.5,788
6336,77221,2011-12-21,Black Gold,en,2.1058,6.5,308
6337,9707,2002-06-09,Bubba Ho-tep,en,2.3591,6.485,703
6338,8922,2001-07-01,Jeepers Creepers,en,6.5097,6.483,3318
6339,7516,2006-12-09,Smokin' Aces,en,4.5417,6.485,1844
6340,152,1979-12-07,Star Trek: The Motion Picture,en,4.5492,6.484,1940
6341,877183,2021-11-12,The Simpsons in Plusaversary,en,1.7277,6.5,433
6342,227700,2013-10-13,Anna,en,2.2078,6.484,720
6343,41446,2011-04-13,Scream 4,en,7.2918,6.483,4202
6344,30689,1971-12-17,Four Flies on Grey Velvet,it,0.9172,6.484,432
6345,1907,2000-02-03,The Beach,en,5.7878,6.484,4727
6346,302,2003-05-21,Swimming Pool,en,3.0796,6.484,794
6347,1029955,2024-05-30,Kinds of Kindness,en,5.0304,6.5,1284
6348,807356,2022-06-03,Watcher,en,3.5209,6.483,1163
6349,531438,2019-11-06,Holiday in the Wild,en,1.4653,6.483,570
6350,335051,2015-04-09,God Willing,it,0.5599,6.483,621
6351,325173,2015-11-19,Close Range,en,1.7413,6.483,332
6352,267192,2016-06-10,Genius,en,2.0648,6.5,724
6353,2046,2000-12-22,The Gift,en,3.7558,6.483,1396
6354,280996,2015-06-19,Mr. Holmes,en,3.1313,6.482,1965
6355,16871,2009-05-27,Drag Me to Hell,en,5.4005,6.482,4117
6356,10347,1997-06-18,Dobermann,fr,1.7472,6.482,557
6357,9593,1993-06-18,Last Action Hero,en,4.122,6.481,3011
6358,566076,2021-03-31,The United States vs. Billie Holiday,en,1.7172,6.481,313
6359,401469,2018-11-06,Widows,en,4.0203,6.5,2484
6360,14442,2004-04-09,Ella Enchanted,en,8.246,6.5,1980
6361,10859,1987-08-05,Stakeout,en,1.9516,6.481,453
6362,5951,2007-09-09,The Jane Austen Book Club,en,2.0023,6.481,395
6363,3980,1986-04-11,Critters,en,3.2758,6.481,1105
6364,977506,2023-02-24,The Crime Is Mine,fr,1.1638,6.48,465
6365,287689,2015-07-08,7 Days in Hell,en,1.2128,6.48,429
6366,266285,2014-05-22,The Salvation,da,3.0313,6.48,954
6367,407436,2018-11-25,Mowgli: Legend of the Jungle,en,7.7663,6.479,2609
6368,270343,2014-08-20,Love at First Fight,fr,0.4832,6.479,457
6369,11846,1991-12-20,Father of the Bride,en,3.9669,6.479,1503
6370,10671,1970-03-25,Airport,en,2.9787,6.479,451
6371,7300,1996-12-20,One Fine Day,en,2.1215,6.5,726
6372,177271,2013-05-21,LEGO Batman: The Movie - DC Super Heroes Unite,en,0.5407,6.478,302
6373,15602,1995-12-22,Grumpier Old Men,en,1.5941,6.478,431
6374,10249,1991-06-21,The Rocketeer,en,3.4495,6.478,1047
6375,469274,2019-02-06,City Hunter,fr,2.0591,6.477,840
6376,16353,2008-12-04,Ong Bak 2,th,2.8065,6.5,725
6377,12689,2008-07-25,"Angus, Thongs and Perfect Snogging",en,2.0003,6.477,833
6378,12600,2001-07-07,Pokémon 4Ever,ja,3.2199,6.5,470
6379,8748,2007-06-15,Eagle vs Shark,en,1.5496,6.477,329
6380,4421,1997-08-19,G.I. Jane,en,4.0151,6.5,1859
6381,595586,2022-10-28,Causeway,en,2.0122,6.476,563
6382,1710,1995-10-27,Copycat,en,3.0278,6.476,1296
6383,397,1995-05-05,French Kiss,en,2.7293,6.476,803
6384,999644,2023-08-18,You Are So Not Invited to My Bat Mitzvah,en,4.1627,6.475,512
6385,16690,2002-02-14,Return to Never Land,en,3.7525,6.475,2403
6386,1281,1997-07-03,Bean,en,4.8978,6.475,2601
6387,758724,2022-03-25,The Cellar,en,4.7007,6.474,504
6388,532620,2019-03-27,Let's Dance,fr,1.078,6.5,340
6389,492282,2017-12-28,Like a Cat on a Highway,it,0.593,6.474,944
6390,341174,2017-02-08,Fifty Shades Darker,en,9.7629,6.473,7958
6391,240832,2014-07-25,Lucy,en,10.8634,6.475,17118
6392,84355,2011-09-11,Your Sister's Sister,en,1.4936,6.474,364
6393,82654,2013-01-31,Warm Bodies,en,4.1368,6.5,6396
6394,5683,1985-07-26,Pee-wee's Big Adventure,en,2.6821,6.474,852
6395,11285,1988-09-13,Cocoon: The Return,en,2.3027,6.473,1024
6396,11128,2004-10-01,Ladder 49,en,2.2386,6.473,874
6397,10278,1998-08-10,Return to Paradise,en,1.7569,6.473,315
6398,9792,2006-03-10,The Hills Have Eyes,en,7.8251,6.473,3367
6399,845783,2023-12-28,Baghead,en,5.8562,6.472,526
6400,553604,2020-09-03,Honest Thief,en,3.3765,6.472,1907
6401,309245,2015-08-14,Mistress America,en,1.5206,6.5,592
6402,157849,2014-07-25,A Most Wanted Man,en,2.1008,6.472,1494
6403,26285,1983-12-22,Fantozzi Still Suffers,it,0.4781,6.472,485
6404,517088,2021-12-10,Being the Ricardos,en,1.5395,6.5,699
6405,157827,2015-10-01,Louder Than Bombs,en,1.7853,6.471,381
6406,11359,1995-07-14,The Indian in the Cupboard,en,1.9331,6.471,680
6407,11047,1967-12-20,Asterix the Gaul,fr,1.6883,6.471,804
6408,8288,1982-07-16,A Midsummer Night's Sex Comedy,en,1.379,6.471,473
6409,1285965,2025-06-05,Dangerous Animals,en,6.1849,6.5,594
6410,1052280,2024-01-19,It's What's Inside,en,3.4041,6.47,806
6411,566454,2019-03-06,The Mystery of Henri Pick,fr,0.5793,6.47,482
6412,489326,2020-02-28,Mortal,en,2.0704,6.47,512
6413,355547,2017-11-15,The Star,en,5.2542,6.47,613
6414,159121,2012-10-04,Paulette,fr,0.9874,6.47,413
6415,117251,2013-06-27,White House Down,en,5.4151,6.47,5122
6416,84306,2012-09-14,Liberal Arts,en,2.1406,6.47,576
6417,14052,1984-07-20,Revenge of the Nerds,en,1.982,6.47,811
6418,10529,2008-04-24,Outlander,en,3.3407,6.47,1423
6419,10348,1995-08-05,Thunderbolt,cn,3.8064,6.5,328
6420,9679,2000-06-09,Gone in Sixty Seconds,en,6.4466,6.47,4903
6421,9422,1998-12-25,A Civil Action,en,2.157,6.47,497
6422,1071215,2023-11-16,Thanksgiving,en,4.9922,6.469,1594
6423,460793,2017-10-27,Olaf's Frozen Adventure,en,2.9736,6.469,1500
6424,324852,2017-06-15,Despicable Me 3,en,9.6698,6.469,7650
6425,39103,1992-03-07,Dragon Ball Z: The Return of Cooler,ja,3.9967,6.469,1107
6426,24920,1980-08-11,City of the Living Dead,it,2.7749,6.463,447
6427,9772,1997-07-25,Air Force One,en,5.5904,6.468,3331
6428,739405,2023-01-04,Operation Fortune: Ruse de Guerre,en,8.0753,6.5,1971
6429,540901,2019-09-12,Hustlers,en,4.5198,6.468,3101
6430,359246,2015-10-16,Hell House LLC,en,2.4682,6.467,641
6431,334298,2015-07-16,Monster Hunt,zh,3.007,6.468,375
6432,11333,1980-09-18,Super Fuzz,it,1.7002,6.5,362
6433,673174,2020-07-24,Offering to the Storm,es,1.451,6.467,345
6434,582883,2019-06-19,Deerskin,fr,1.6608,6.467,779
6435,347626,2021-08-27,He's All That,en,3.3237,6.467,1482
6436,300155,2015-05-14,A Royal Night Out,en,1.3532,6.467,321
6437,199575,2014-07-31,These Final Hours,en,1.5922,6.5,615
6438,28032,1994-03-30,Thumbelina,en,3.8484,6.466,539
6439,5653,2003-10-29,Luther,en,2.072,6.466,337
6440,193893,2014-08-13,Let's Be Cops,en,4.9049,6.465,2984
6441,63492,2011-09-30,What's Your Number?,en,2.971,6.465,2441
6442,59678,2011-05-12,Attack the Block,en,2.4835,6.465,2285
6443,12085,2008-01-17,Mad Money,en,2.6277,6.465,717
6444,10760,2007-09-21,Sydney White,en,3.04,6.465,1113
6445,398929,2017-02-15,Alibi.com,fr,1.5248,6.464,1765
6446,27586,2010-03-19,The Runaways,en,2.1285,6.464,845
6447,8512,1995-09-29,Devil in a Blue Dress,en,2.1281,6.464,463
6448,441183,2019-08-09,Light of My Life,en,2.0659,6.463,583
6449,252838,2015-01-16,The Wedding Ringer,en,3.5542,6.463,1697
6450,14191,2006-03-03,Aquamarine,en,4.3371,6.5,1586
6451,10761,2008-04-30,Made of Honor,en,2.9588,6.463,1809
6452,2069,2000-02-18,The Whole Nine Yards,en,4.3885,6.5,2080
6453,1406,1991-06-07,City Slickers,en,2.2385,6.463,870
6454,884,1996-07-17,Crash,en,7.0633,6.463,1360
6455,427641,2018-04-11,Rampage,en,12.8033,6.462,7577
6456,340176,2015-05-11,Tag,ja,2.0549,6.462,411
6457,49017,2014-10-01,Dracula Untold,en,5.0217,6.463,6528
6458,10806,1997-09-10,In & Out,en,2.5865,6.462,746
6459,8279,2008-02-20,Paris,fr,0.9242,6.462,358
6460,559,2007-05-01,Spider-Man 3,en,20.6924,6.462,15285
6461,6,1993-10-15,Judgment Night,en,2.1625,6.462,378
6462,84341,2012-01-22,Smashed,en,1.1317,6.461,306
6463,10961,2006-08-29,Behind the Mask: The Rise of Leslie Vernon,en,1.4557,6.461,516
6464,9666,2003-08-15,Ju-on: The Grudge 2,ja,2.1594,6.5,386
6465,8987,1994-09-30,The River Wild,en,2.5038,6.461,963
6466,974950,2024-08-21,Emilia Pérez,fr,4.9337,6.462,1977
6467,708336,2020-06-15,Return of the Tooth Fairy,en,0.5145,6.46,856
6468,489245,2019-10-17,The Kill Team,en,2.1086,6.46,426
6469,391710,2018-01-24,A Futile and Stupid Gesture,en,1.3577,6.46,367
6470,329263,2015-09-10,Suck Me Shakespeer 2,de,0.5488,6.46,1014
6471,2617,1988-06-17,The Great Outdoors,en,2.8495,6.46,607
6472,2207,2006-03-01,16 Blocks,en,5.9964,6.46,2112
6473,763148,2021-09-09,Time Is Up,en,2.59,6.459,725
6474,553608,2019-02-28,DJ Cinderella,pt,0.8078,6.459,353
6475,396398,2017-10-13,The Meyerowitz Stories (New and Selected),en,1.778,6.459,1273
6476,376866,2016-12-02,Jackie,en,2.3685,6.459,2443
6477,60175,1980-04-30,The Under-Gifted,fr,1.463,6.459,486
6478,38363,2010-05-20,Fair Game,en,2.88,6.459,863
6479,1825,1987-02-13,Over the Top,en,4.2392,6.458,1872
6480,967847,2024-03-20,Ghostbusters: Frozen Empire,en,6.4061,6.46,2186
6481,639798,2020-01-17,32 Malasana Street,es,1.7817,6.455,697
6482,339095,2020-06-05,The Last Days of American Crime,en,1.5888,6.5,854
6483,38542,2009-09-12,The Disappearance of Alice Creed,en,1.4526,6.459,597
6484,16899,2008-11-07,Easy Virtue,en,2.1017,6.458,457
6485,12720,2001-10-29,Suicide Club,ja,2.0339,6.5,572
6486,8986,1994-08-31,Milk Money,en,3.1018,6.458,312
6487,374617,2016-08-19,Imperium,en,2.0302,6.457,1495
6488,11596,1994-10-13,Wes Craven's New Nightmare,en,5.1742,6.455,1603
6489,1038263,2024-11-27,Maria,en,2.2034,6.456,469
6490,752623,2022-03-23,The Lost City,en,9.0647,6.456,4011
6491,369230,2015-11-19,Them Who?,it,0.6683,6.456,431
6492,50620,2012-11-13,The Twilight Saga: Breaking Dawn - Part 2,en,9.3756,6.5,9393
6493,10569,2000-05-19,Small Time Crooks,en,1.2314,6.456,751
6494,10490,1999-07-16,Drop Dead Gorgeous,en,2.1899,6.456,441
6495,682,1974-12-04,The Man with the Golden Gun,en,4.4812,6.457,2288
6496,554230,2021-12-15,The Lost Daughter,en,2.0312,6.455,1121
6497,429733,2017-11-10,Mayhem,en,1.7489,6.454,807
6498,395992,2017-03-22,Life,en,6.0768,6.455,7956
6499,266082,2014-10-22,Girlhood,fr,0.6629,6.455,401
6500,115290,2012-06-16,Blue Lagoon: The Awakening,en,9.7555,6.455,1507
6501,11172,2007-02-09,Music and Lyrics,en,2.2084,6.455,1803
6502,9843,2006-12-01,Big Nothing,en,2.3771,6.455,481
6503,991,1976-03-18,The Man Who Fell to Earth,en,1.4392,6.455,603
6504,72105,2012-06-29,Ted,en,12.0918,6.455,13226
6505,3981,2000-12-15,What Women Want,en,8.6348,6.455,4405
6506,292431,2015-07-15,Love,fr,8.0621,6.453,2677
6507,109451,2013-09-26,Cloudy with a Chance of Meatballs 2,en,6.4677,6.453,3488
6508,33365,2006-02-17,The Night Before the Exams,it,0.4929,6.453,1086
6509,23963,2009-03-06,Pontypool,en,1.4621,6.453,708
6510,10081,1987-09-18,The Principal,en,1.7704,6.453,311
6511,9716,1996-12-06,Everyone Says I Love You,en,1.9248,6.453,718
6512,9681,2005-12-25,Casanova,en,2.7879,6.453,948
6513,636,1971-03-11,THX 1138,en,2.8177,6.453,1067
6514,852096,2023-02-24,We Have a Ghost,en,2.8789,6.45,690
6515,648878,2025-07-16,Eddington,en,4.3701,6.5,828
6516,429417,2018-01-20,Ghost Stories,en,2.1977,6.452,1288
6517,295693,2017-03-23,The Boss Baby,en,3.3324,6.452,7478
6518,47218,2011-03-04,Happythankyoumoreplease,en,0.9541,6.452,302
6519,6557,2008-01-10,27 Dresses,en,5.491,6.452,3438
6520,747188,2023-06-08,Asteroid City,en,5.7539,6.5,2513
6521,448095,2018-09-27,I Still See You,en,1.8535,6.451,663
6522,16617,2004-05-07,Mindhunters,en,3.9582,6.451,1337
6523,14254,2009-01-30,The Uninvited,en,2.4544,6.448,1634
6524,11326,1975-03-19,Tommy,en,2.2603,6.451,366
6525,452,1998-05-20,The Idiots,da,2.8733,6.5,654
6526,79218,2011-11-24,Ice Age: A Mammoth Christmas,en,3.1666,6.45,705
6527,14001,2007-03-16,Dead Silence,en,7.1397,6.45,2459
6528,44147,2010-06-17,Wild Target,en,1.786,6.449,788
6529,10288,2006-09-07,Fido,en,1.1911,6.449,491
6530,10159,2003-09-26,The Rundown,en,8.5869,6.448,2194
6531,9315,2005-09-22,Flightplan,en,3.5064,6.449,2985
6532,6488,1990-07-20,Arachnophobia,en,1.9126,6.449,1532
6533,529962,2018-09-20,The Perfection,en,1.8555,6.448,1465
6534,333385,2016-02-29,Mr. Right,en,3.1697,6.448,1465
6535,9788,2006-08-18,Accepted,en,4.7649,6.448,1802
6536,429203,2018-09-27,The Old Man & the Gun,en,1.2346,6.447,1504
6537,1027073,2023-10-06,In the Land of Saints and Sinners,en,2.6136,6.445,611
6538,154441,2012-10-05,Till Luck Do Us Part,pt,0.7083,6.446,315
6539,9671,1986-09-26,Crocodile Dundee,en,5.208,6.446,2126
6540,6795,2005-11-06,Zathura: A Space Adventure,en,6.3367,6.446,3614
6541,3036,1994-11-04,Mary Shelley's Frankenstein,en,2.8669,6.446,1375
6542,21705,2006-05-17,The Barbie Diaries,en,1.4181,6.4,392
6543,649609,2023-04-07,Renfield,en,3.4647,6.444,2148
6544,317198,2015-02-13,Bad Hair Day,en,1.3774,6.444,301
6545,39874,1981-02-11,My Bloody Valentine,en,2.1952,6.4,554
6546,10361,2004-01-30,Ginger Snaps 2: Unleashed,en,1.3981,6.444,369
6547,482,1971-06-25,Shaft,en,2.3885,6.4,420
6548,799379,2022-09-21,Project Wolf Hunting,ko,8.114,6.4,441
6549,601470,2021-09-17,The Eyes of Tammy Faye,en,1.6304,6.443,686
6550,11229,1996-08-23,Freeway,en,4.4221,6.443,432
6551,10611,2002-04-01,Barbershop,en,2.7675,6.442,538
6552,346685,2016-10-05,The Girl on the Train,en,4.3091,6.442,6052
6553,300668,2018-02-22,Annihilation,en,8.2444,6.442,9399
6554,15653,2000-02-29,An Extremely Goofy Movie,en,2.3658,6.442,704
6555,15567,2003-09-10,Stitch! The Movie,en,3.0419,6.4,788
6556,10140,2010-12-02,The Chronicles of Narnia: The Voyage of the Dawn Treader,en,6.9982,6.442,5915
6557,400,1995-12-01,Things to Do in Denver When You're Dead,en,2.2372,6.442,433
6558,433502,2019-03-01,The Aftermath,en,2.26,6.441,726
6559,309304,2015-06-04,Grandma,en,1.7492,6.441,390
6560,12535,1977-12-25,High Anxiety,en,1.8301,6.441,401
6561,9715,1998-05-29,Hope Floats,en,2.9578,6.444,507
6562,200,1998-12-11,Star Trek: Insurrection,en,2.5153,6.4,1352
6563,339397,2016-05-11,Café Society,en,2.2926,6.44,2824
6564,296271,2023-01-13,The Devil Conspiracy,en,1.7848,6.44,474
6565,18111,1990-09-01,Bride of Re-Animator,en,1.6024,6.44,494
6566,11584,1987-06-19,Roxanne,en,1.9304,6.44,697
6567,225728,2015-09-22,Macbeth,en,1.7456,6.439,1528
6568,200713,2013-09-07,9 Month Stretch,fr,0.7765,6.439,590
6569,17707,1999-08-13,Brokedown Palace,en,2.2088,6.439,408
6570,7873,2005-09-11,Harsh Times,en,3.259,6.4,783
6571,1097311,2025-06-13,Echo Valley,en,3.4505,6.438,386
6572,726208,2020-07-24,Don't Listen,es,1.4183,6.438,811
6573,615952,2022-10-28,Armageddon Time,en,1.9005,6.438,500
6574,539972,2024-12-11,Kraven the Hunter,en,14.2803,6.438,2366
6575,334878,2015-05-06,Blind Date,fr,0.7097,6.438,572
6576,210947,2014-04-04,Afflicted,en,1.2062,6.438,626
6577,41592,2010-05-19,StreetDance 3D,en,1.7006,6.438,434
6578,2655,2000-07-21,What Lies Beneath,en,5.7439,6.438,2035
6579,797840,2022-09-29,Dry,it,0.4915,6.437,340
6580,730769,2021-09-10,Some Like It Rare,fr,1.3666,6.437,531
6581,341013,2017-07-26,Atomic Blonde,en,5.9898,6.437,6661
6582,12182,2008-10-03,Nick and Norah's Infinite Playlist,en,1.9121,6.437,1282
6583,11653,2005-05-11,The Myth,zh,4.8038,6.437,422
6584,581859,2020-06-12,Da 5 Bloods,en,2.3636,6.436,1172
6585,568620,2021-07-22,Snake Eyes: G.I. Joe Origins,en,4.3086,6.436,1732
6586,457335,2020-02-27,Guns Akimbo,en,3.2202,6.4,2583
6587,425001,2020-08-27,The War with Grandpa,en,2.9185,6.437,1065
6588,104859,2012-07-03,Mac & Devin Go to High School,en,1.8169,6.436,453
6589,82520,2011-02-10,Return,en,0.6903,6.4,3924
6590,49527,2012-01-13,Man on a Ledge,en,3.2674,6.436,2823
6591,12201,2010-01-28,Edge of Darkness,en,5.2666,6.436,1749
6592,4513,2007-10-17,30 Days of Night,en,4.0257,6.436,3082
6593,2294,2001-08-22,Jay and Silent Bob Strike Back,en,2.7633,6.436,1745
6594,241554,2015-03-11,Run All Night,en,4.053,6.435,2987
6595,136797,2014-03-12,Need for Speed,en,7.968,6.437,4721
6596,76170,2013-07-21,The Wolverine,en,1.4936,6.435,10326
6597,10957,1985-07-24,The Black Cauldron,en,3.9814,6.435,1443
6598,10951,1999-02-12,Gorgeous,cn,3.2862,6.435,420
6599,10295,1985-12-11,Miami Supercops,it,1.3759,6.4,479
6600,8007,2001-11-30,Behind Enemy Lines,en,3.7802,6.435,1654
6601,840464,2026-01-07,Greenland 2: Migration,en,56.5065,6.437,1244
6602,339527,2015-09-03,Solace,en,3.8997,6.434,2393
6603,303858,2016-05-12,Money Monster,en,2.7671,6.434,3160
6604,397722,2018-03-09,Thoroughbreds,en,1.9672,6.433,1257
6605,5718,2007-01-24,King of California,en,1.8816,6.433,386
6606,171,1982-12-08,The Party 2,fr,2.3089,6.4,659
6607,1085218,2023-04-13,Darkland: The Return,da,0.9468,6.432,592
6608,1210732,2025-01-01,How to Make a Killing,fr,3.4091,6.431,375
6609,788929,2021-08-12,Lamb,is,2.1704,6.431,1049
6610,11444,2001-01-17,The Closet,fr,1.6333,6.4,519
6611,10540,1981-05-22,Outland,en,3.3394,6.431,699
6612,9839,2003-10-23,Beyond Borders,en,2.1822,6.432,442
6613,740985,2020-10-23,Borat Subsequent Moviefilm: Delivery of Prodigious Bribe to American Regime for Make Benefit Once Glorious Nation of Kazakhstan,en,4.6452,6.431,2873
6614,709631,2023-07-19,Cobweb,en,4.9615,6.43,1084
6615,605116,2020-08-14,Project Power,en,2.4975,6.43,3085
6616,314405,2015-05-14,Tale of Tales,it,2.6369,6.43,1739
6617,66195,2010-07-01,The Perfect Host,en,1.3577,6.43,471
6618,24548,1985-04-26,Just One of the Guys,en,1.9098,6.441,339
6619,616747,2023-07-26,Haunted Mansion,en,3.4651,6.429,1240
6620,14517,2005-01-25,MirrorMask,en,4.5445,6.429,361
6621,9556,1990-08-24,Darkman,en,2.9567,6.428,1529
6622,709,1989-06-13,Licence to Kill,en,6.0902,6.429,2178
6623,543540,2019-04-12,The Perfect Date,en,3.1701,6.428,3332
6624,21057,1993-10-09,Ocean Waves,ja,3.1695,6.428,978
6625,11891,2002-01-25,Kung Pow: Enter the Fist,en,2.2601,6.427,757
6626,993710,2025-01-15,Back in Action,en,4.3363,6.427,1515
6627,403605,2016-09-24,Headshot,id,1.961,6.426,488
6628,306947,2016-04-08,The Invitation,en,2.1854,6.425,2877
6629,152795,2013-07-03,The Congress,en,1.8714,6.418,582
6630,16187,2000-08-08,Buzz Lightyear of Star Command: The Adventure Begins,en,3.416,6.4,334
6631,759902,2020-12-18,Hunter Hunter,en,1.6984,6.426,360
6632,625568,2020-07-16,Unhinged,en,3.5096,6.426,2524
6633,411999,2017-06-16,OtherLife,en,1.7586,6.426,473
6634,294652,2014-10-16,Son of a Gun,en,2.6299,6.426,863
6635,123553,2013-08-21,The Mortal Instruments: City of Bones,en,4.7877,6.426,4656
6636,119569,2012-08-29,Marvel One-Shot: Item 47,en,0.9904,6.426,618
6637,6957,2005-08-11,The 40 Year Old Virgin,en,6.7564,6.426,7258
6638,3537,1980-05-16,Fame,en,2.0501,6.4,500
6639,193610,2014-04-16,The Other Woman,en,3.8023,6.425,3742
6640,11068,1992-09-18,Singles,en,1.6607,6.4,434
6641,5125,2007-09-07,Rendition,en,2.1907,6.421,743
6642,231,2005-11-23,Syriana,en,2.8032,6.425,1497
6643,802217,2021-11-24,8-Bit Christmas,en,1.4781,6.424,499
6644,800939,2022-09-08,Ticket to Paradise,en,3.8123,6.424,1401
6645,669671,2021-10-20,Night Teeth,en,3.2073,6.424,874
6646,621587,2023-11-16,Next Goal Wins,en,2.109,6.429,581
6647,606117,2019-10-15,A Cinderella Story: Christmas Wish,en,1.7629,6.424,734
6648,379862,2015-11-28,Return,en,0.2332,6.4,1006
6649,11498,1991-08-23,Dead Again,en,2.0814,6.424,416
6650,10677,2004-02-27,Dirty Dancing: Havana Nights,en,2.777,6.424,707
6651,2275,1999-06-18,The General's Daughter,en,2.5327,6.424,1037
6652,955916,2024-01-10,Lift,en,7.9582,6.422,1455
6653,567748,2021-09-24,The Guilty,en,4.0945,6.423,3148
6654,268238,2015-02-26,The Second Best Exotic Marigold Hotel,en,1.6397,6.423,770
6655,85870,2012-03-14,My Way,fr,0.648,6.423,307
6656,38365,2010-06-24,Grown Ups,en,15.5841,6.424,6722
6657,23761,1976-11-13,"Alice, Sweet Alice",en,1.582,6.423,313
6658,15139,1994-11-23,The Pagemaster,en,2.5433,6.423,790
6659,10047,1999-10-27,The Messenger: The Story of Joan of Arc,en,5.9584,6.423,1604
6660,75,1996-12-13,Mars Attacks!,en,12.5514,6.423,5897
6661,716258,2020-10-06,Black Box,en,1.635,6.422,596
6662,694254,2021-05-26,Baggio: The Divine Ponytail,it,0.5621,6.4,435
6663,238615,2015-07-10,Self/less,en,5.5374,6.422,3311
6664,184098,2014-06-20,Think Like a Man Too,en,2.0613,6.4,597
6665,36668,2006-05-24,X-Men: The Last Stand,en,0.497,6.422,10419
6666,15261,2007-10-29,Bring It On: In It to Win It,en,0.1288,6.422,539
6667,74387,2012-01-06,Goon,en,2.1809,6.421,1036
6668,34544,2010-06-09,The A-Team,en,5.7466,6.421,5027
6669,13193,2004-06-11,Saved!,en,2.1692,6.421,513
6670,13154,1991-08-23,Showdown in Little Tokyo,en,2.0742,6.421,539
6671,214,2006-10-26,Saw III,en,5.0227,6.421,4960
6672,603119,2020-07-18,The Silencing,en,2.7495,6.42,798
6673,449985,2019-03-19,Triple Threat,en,3.0318,6.4,647
6674,290859,2019-10-23,Terminator: Dark Fate,en,9.4253,6.42,5702
6675,36834,1995-11-03,Total Eclipse,en,3.0706,6.42,560
6676,11564,1982-08-20,Class of 1984,en,1.7939,6.42,402
6677,464889,2017-10-03,Sniper: Ultimate Kill,en,3.9398,6.4,378
6678,211672,2015-06-17,Minions,en,8.1952,6.419,11123
6679,27576,2010-07-21,Salt,en,3.9776,6.419,5954
6680,14881,1972-07-19,Joe Kidd,en,2.2876,6.406,415
6681,8584,2000-05-26,Shanghai Noon,en,4.0147,6.419,2784
6682,7131,2004-05-03,Van Helsing,en,10.8987,6.419,6698
6683,4380,2004-10-15,Shall We Dance?,en,2.3338,6.419,1294
6684,585378,2022-03-04,After Yang,en,2.6732,6.418,519
6685,18892,1999-01-30,Jawbreaker,en,4.1991,6.418,588
6686,13250,2007-07-27,Butterfly on a Wheel,en,2.2364,6.418,572
6687,11529,2002-09-26,Sweet Home Alabama,en,4.3475,6.416,1710
6688,10741,2006-09-05,Bobby,en,2.5351,6.418,427
6689,9425,1998-10-23,Soldier,en,3.7789,6.418,954
6690,8491,1989-07-05,Weekend at Bernie's,en,3.4253,6.418,1136
6691,1035048,2024-11-07,Elevation,en,7.4142,6.414,998
6692,594767,2023-03-15,Shazam! Fury of the Gods,en,7.8634,6.418,3659
6693,286554,2014-09-26,Two Night Stand,en,1.6561,6.417,1924
6694,669664,2020-09-16,"My Donkey, My Lover & I",fr,0.8545,6.4,389
6695,374052,2016-11-11,The Love Witch,en,2.6724,6.4,628
6696,81025,2012-03-09,Salmon Fishing in the Yemen,en,1.8206,6.416,957
6697,7461,2008-02-01,Vantage Point,en,4.677,6.415,2196
6698,4247,2000-07-07,Scary Movie,en,43.0763,6.416,7887
6699,117263,2013-03-20,Olympus Has Fallen,en,7.5626,6.415,7087
6700,3594,2007-02-23,The Number 23,en,3.0346,6.415,3527
6701,845111,2023-12-13,The Three Musketeers: Milady,fr,2.8168,6.4,818
6702,302699,2016-06-15,Central Intelligence,en,6.2266,6.414,6375
6703,11212,1994-07-01,Baby's Day Out,en,5.9186,6.414,1466
6704,9064,1988-12-23,Hellbound: Hellraiser II,en,2.8843,6.4,1251
6705,8952,2010-02-04,I Love You Phillip Morris,en,1.9691,6.414,1833
6706,531454,2020-06-26,Eurovision Song Contest: The Story of Fire Saga,en,1.9482,6.413,1573
6707,415842,2017-07-14,American Assassin,en,7.7804,6.413,3269
6708,13703,1987-11-06,Less Than Zero,en,1.8063,6.413,303
6709,1989,2007-11-28,My Blueberry Nights,cn,2.3976,6.413,852
6710,457232,2022-11-17,Lamborghini: The Man Behind the Legend,en,2.9185,6.414,730
6711,27346,1980-11-14,Maniac,en,1.7011,6.4,496
6712,19955,2006-11-01,I Do,fr,0.571,6.412,348
6713,13417,2005-12-05,Kronk's New Groove,en,4.1268,6.415,1361
6714,13374,2005-03-17,Ice Princess,en,2.9173,6.412,944
6715,13249,2007-01-26,Seraphim Falls,en,1.924,6.412,634
6716,10955,2002-09-02,Ripley's Game,en,1.4925,6.412,312
6717,4478,1993-04-07,Indecent Proposal,en,7.3548,6.412,1623
6718,521029,2019-06-26,Annabelle Comes Home,en,5.8848,6.41,3859
6719,325348,2015-09-12,Hardcore Henry,en,5.08,6.413,2686
6720,72784,2014-10-14,The Loft,en,6.0887,6.411,1579
6721,48186,2010-10-22,The Boy Who Cried Werewolf,en,1.4326,6.411,313
6722,582913,2019-09-12,The Room,en,3.0094,6.407,1042
6723,507241,2024-09-12,The Killer's Game,en,5.9595,6.409,557
6724,505026,2022-02-09,Death on the Nile,en,7.431,6.409,4205
6725,68735,2016-05-25,Warcraft,en,6.426,6.409,7294
6726,23210,1993-12-08,Six Degrees of Separation,en,2.3534,6.409,369
6727,10766,1978-06-09,Damien - Omen II,en,2.2036,6.408,818
6728,1713,1991-06-07,Jungle Fever,en,2.5256,6.4,320
6729,960875,2022-09-09,The Chalk Line,es,1.7495,6.408,387
6730,405775,2017-05-12,The Wall,en,3.3832,6.407,1050
6731,26515,1988-06-09,Pumpkinhead,en,1.7236,6.408,547
6732,14195,2000-08-02,Cecil B. Demented,en,1.3873,6.4,300
6733,10390,1999-09-17,For Love of the Game,en,2.4388,6.4,469
6734,768520,2020-12-14,A California Christmas,en,0.8054,6.407,370
6735,544431,2018-11-16,The Clovehitch Killer,en,1.489,6.407,814
6736,300168,2015-02-19,Dragon Blade,zh,2.6995,6.407,638
6737,258099,2015-04-24,Just Before I Go,en,1.4792,6.407,375
6738,175291,2013-03-08,Cheap Thrills,en,1.1998,6.397,453
6739,121674,2012-11-30,Great Expectations,en,1.6358,6.407,359
6740,48650,2010-05-07,Room in Rome,es,51.355,6.407,834
6741,137093,2013-10-31,Last Vegas,en,3.0813,6.406,2281
6742,26389,2010-02-04,From Paris with Love,en,8.8011,6.406,2347
6743,18086,1988-04-07,Fright Night Part 2,en,1.9503,6.406,450
6744,10246,1981-11-13,Porky's,en,3.2449,6.4,966
6745,1734,2001-05-04,The Mummy Returns,en,10.8211,6.406,7720
6746,425972,2017-10-06,Cargo,en,2.1031,6.405,1859
6747,356298,2016-07-22,Don't Think Twice,en,1.5652,6.405,419
6748,59859,2013-07-17,Kick-Ass 2,en,4.8941,6.405,6609
6749,34769,2009-09-12,Defendor,en,1.9295,6.405,608
6750,13990,2008-07-03,The Wackness,en,1.5313,6.405,312
6751,10192,2010-05-20,Shrek Forever After,en,12.5009,6.405,7978
6752,835113,2024-10-03,Woman of the Hour,en,2.3082,6.404,1040
6753,9902,2003-05-30,Wrong Turn,en,10.1064,6.404,3025
6754,1988,2007-06-22,A Mighty Heart,en,1.7088,6.4,354
6755,985617,2023-06-02,Reality,en,1.9163,6.403,606
6756,610253,2021-10-14,Halloween Kills,en,3.9276,6.403,2919
6757,504631,2019-10-15,Mermaid Down,en,1.3647,6.403,304
6758,95610,2016-09-14,Bridget Jones's Baby,en,2.8146,6.404,3093
6759,38448,2010-03-05,Ondine,en,1.4966,6.4,356
6760,13333,1978-03-23,Game of Death,cn,16.7983,6.403,736
6761,6081,1978-01-08,Revenge of the Pink Panther,en,2.5022,6.403,488
6762,681,1971-12-14,Diamonds Are Forever,en,3.6848,6.403,2382
6763,189,2014-08-20,Sin City: A Dame to Kill For,en,6.4008,6.403,4182
6764,723419,2022-09-28,Mr. Harrigan's Phone,en,1.6002,6.4,965
6765,670355,,Return,en,0.1033,6.4,644
6766,670203,2020-11-18,The Talent of the Hornet,it,0.4074,6.402,444
6767,575446,2020-10-22,New Order,es,1.0218,6.402,376
6768,328589,2015-10-30,The Lady in the Van,en,2.0493,6.402,804
6769,326215,2015-03-26,Ooops! Noah Is Gone...,en,2.2358,6.402,343
6770,73454,2011-11-23,X,en,4.999,6.4,323
6771,16248,1985-06-14,D.A.R.Y.L.,en,2.2526,6.402,362
6772,10898,2000-01-23,The Little Mermaid II: Return to the Sea,en,0.9737,6.402,1793
6773,10074,2007-08-03,Hot Rod,en,2.9941,6.402,1107
6774,1290159,2025-10-02,A House of Dynamite,en,4.5622,6.401,1273
6775,571384,2020-10-28,Come Play,en,2.4069,6.401,746
6776,28761,1990-05-16,"White Hunter, Black Heart",en,1.6008,6.4,312
6777,9759,2004-09-06,Cellular,en,3.4236,6.403,2105
6778,1153714,2025-03-17,Death of a Unicorn,en,7.7099,6.4,839
6779,810873,2021-12-02,Single All the Way,en,1.318,6.4,429
6780,430155,2020-01-01,Coma,ru,3.4519,6.4,632
6781,209403,2013-09-06,Bad Words,en,2.3376,6.4,907
6782,10770,1979-08-10,The Sheriff and the Satellite Kid,it,0.788,6.4,335
6783,10431,2007-08-24,War,en,5.9076,6.401,2062
6784,897087,2023-10-05,Freelance,en,3.8227,6.399,1168
6785,343674,2017-09-29,Gerald's Game,en,3.4339,6.4,3944
6786,293646,2015-08-06,The 33,en,3.5262,6.4,992
6787,42892,2010-03-26,Happy Family,it,0.4115,6.399,317
6788,16614,2009-04-03,Adventureland,en,2.6701,6.399,2368
6789,5551,2000-08-04,Space Cowboys,en,3.4181,6.399,1538
6790,575774,2020-01-27,His House,en,3.181,6.4,1237
6791,58232,2011-02-02,Chalet Girl,en,2.335,6.398,664
6792,22620,2009-09-13,Scooby-Doo! The Mystery Begins,en,1.8907,6.4,726
6793,13225,1992-04-10,FernGully: The Last Rainforest,en,3.517,6.398,641
6794,4824,1997-11-14,The Jackal,en,6.4916,6.399,2134
6795,4488,1980-05-09,Friday the 13th,en,5.911,6.398,3360
6796,1106289,2025-07-27,The Pickup,en,4.8327,6.397,481
6797,477018,2019-12-20,The Translators,fr,1.1713,6.397,544
6798,61891,2011-10-21,Anonymous,en,1.9334,6.397,794
6799,41733,2010-11-03,Due Date,en,4.2821,6.397,5846
6800,20662,2010-05-12,Robin Hood,en,5.7614,6.399,5034
6801,10017,1986-10-01,The Wraith,en,3.1136,6.397,518
6802,2075,1985-06-14,Prizzi's Honor,en,2.0127,6.397,430
6803,520900,2019-11-07,The Personal History of David Copperfield,en,3.4076,6.396,540
6804,134597,2012-11-30,The Collection,en,2.6287,6.396,1146
6805,9101,1996-03-01,Down Periscope,en,3.3248,6.396,536
6806,1268,2007-03-22,Mr. Bean's Holiday,en,5.1201,6.395,3137
6807,811,1972-03-09,Silent Running,en,2.3256,6.395,642
6808,24274,1981-05-29,Dead & Buried,en,1.5925,6.394,329
6809,13655,2008-06-20,Camp Rock,en,2.7135,6.394,2181
6810,10057,1993-11-11,The Three Musketeers,en,3.5708,6.394,1066
6811,961484,2022-05-12,Last Seen Alive,en,3.1286,6.393,1089
6812,308504,2015-04-03,Last Knights,en,3.5476,6.393,1158
6813,250574,2014-03-08,Creep,en,3.5147,6.394,1644
6814,77561,2011-10-06,EVA,es,1.0859,6.4,411
6815,11503,1988-02-05,The Serpent and the Rainbow,en,2.0404,6.393,548
6816,9992,2006-12-13,Arthur and the Invisibles,fr,5.6926,6.393,3054
6817,1045781,2015-07-10,Ret,tr,0.1461,6.4,325
6818,906221,2023-02-09,Magic Mike's Last Dance,en,2.0832,6.4,597
6819,438348,2017-10-18,Knock,fr,1.0019,6.392,476
6820,53932,1990-12-03,The Ages of Lulu,es,5.7763,6.392,301
6821,6691,2006-12-13,Priceless,fr,1.423,6.392,781
6822,733317,2020-11-19,Monsters of Man,en,2.2743,6.391,421
6823,626393,2020-08-21,The Sleepover,en,1.6893,6.4,443
6824,617708,2019-07-25,La Llorona,es,1.5856,6.4,366
6825,387893,2016-03-19,Ice Age: The Great Egg-Scapade,en,2.6734,6.4,510
6826,13523,2008-10-16,Sex Drive,en,5.833,6.391,1483
6827,11460,2005-08-10,Red Eye,en,5.2124,6.391,2543
6828,10247,2007-11-23,He Was a Quiet Man,en,1.2961,6.391,367
6829,762968,2022-09-14,Do Revenge,en,2.9531,6.39,1000
6830,583268,2019-09-11,"Someone, Somewhere",fr,1.6086,6.39,717
6831,15357,2009-02-18,District 13: Ultimatum,fr,3.5859,6.39,1272
6832,621151,2020-10-30,Spell,en,2.7003,6.388,465
6833,532408,2023-05-31,The Boogeyman,en,3.6376,6.4,1104
6834,515333,2018-04-06,Amateur,en,2.1746,6.389,312
6835,314095,2017-03-15,The Lost City of Z,en,3.7412,6.389,3107
6836,8223,1993-10-29,Kika,es,2.3396,6.388,321
6837,199534,2013-08-30,Wolf Creek 2,en,2.8932,6.388,725
6838,77949,2011-08-17,The Awakening,en,3.0237,6.388,1501
6839,6687,2008-01-18,TransSiberian,en,2.5438,6.388,813
6840,2119,1990-06-27,Days of Thunder,en,4.4062,6.388,1721
6841,608,2002-07-03,Men in Black II,en,8.1667,6.388,10691
6842,523172,2019-01-25,Late Night,en,2.1056,6.387,879
6843,57800,2012-06-27,Ice Age: Continental Drift,en,15.1955,6.387,8131
6844,21610,1981-03-17,Nighthawks,en,2.3916,6.387,496
6845,6440,2001-12-18,The Shipping News,en,1.2219,6.387,421
6846,1647,2003-01-31,The Recruit,en,3.1756,6.387,1918
6847,411741,2017-08-11,Ingrid Goes West,en,1.8693,6.386,1070
6848,294272,2016-08-10,Pete's Dragon,en,3.4963,6.386,2336
6849,253450,2015-08-27,The Assassin,zh,4.1546,6.386,558
6850,84184,2012-08-03,Celeste & Jesse Forever,en,1.779,6.386,503
6851,12435,2007-08-24,The Nanny Diaries,en,2.8377,6.386,1241
6852,10592,2002-02-15,Hart's War,en,2.3831,6.386,1069
6853,8077,1992-05-22,Alien³,en,5.1357,6.4,6398
6854,8054,2009-10-01,The Imaginarium of Doctor Parnassus,en,3.3233,6.386,2895
6855,993784,2024-02-07,Lisa Frankenstein,en,3.072,6.4,584
6856,567965,2020-03-12,Misbehaviour,en,1.997,6.4,301
6857,11215,1987-10-07,Baby Boom,en,2.5949,6.4,410
6858,1235746,2025-09-23,Dead of Winter,en,9.5579,6.382,376
6859,738646,2020-11-05,Operation Christmas Drop,en,0.9099,6.4,587
6860,356305,2016-12-22,Why Him?,en,4.2349,6.383,4424
6861,62046,2011-08-19,Flypaper,en,3.3254,6.384,806
6862,13968,2007-01-12,Jump In!,en,1.3012,6.384,419
6863,13373,2005-04-08,Millions,en,1.5403,6.384,415
6864,8217,1990-12-25,Alice,en,1.7823,6.384,345
6865,798362,2023-09-28,The Marsh King's Daughter,en,3.6554,6.383,401
6866,653598,2020-08-14,Spree,en,2.1056,6.383,556
6867,295699,2016-03-30,Everybody Wants Some!!,en,2.2473,6.383,1209
6868,34588,2006-01-06,If I Were You,pt,0.5384,6.383,394
6869,460668,2018-04-19,I Feel Pretty,en,3.3386,6.382,2129
6870,293970,2015-10-09,The Final Girls,en,2.4194,6.382,1412
6871,82682,2013-01-09,Gangster Squad,en,3.7112,6.383,4264
6872,14114,2004-01-30,You Got Served,en,1.824,6.382,475
6873,11530,1978-03-16,The Discord,fr,0.7767,6.4,342
6874,10847,1990-03-16,Lord of the Flies,en,4.2967,6.382,636
6875,8999,2005-11-11,Derailed,en,1.6531,6.38,1147
6876,1180831,2025-11-30,Troll 2,no,7.1074,6.381,485
6877,525041,2018-11-30,A Christmas Prince: The Royal Wedding,en,1.1021,6.381,957
6878,435615,2020-10-02,Possessor,en,3.2165,6.381,1056
6879,324668,2016-07-27,Jason Bourne,en,8.6477,6.381,6237
6880,14055,2006-09-13,Starter for 10,en,1.7188,6.381,449
6881,9317,1981-12-02,The Cabbage Soup,fr,1.6115,6.381,943
6882,617,1998-03-20,Wild Things,en,6.6255,6.381,1991
6883,602545,2019-10-30,Into the Labyrinth,it,1.2827,6.378,528
6884,483906,2019-01-25,Polar,en,8.143,6.38,2509
6885,463843,2019-01-28,Sweetheart,en,2.8423,6.38,414
6886,458897,2019-11-14,Charlie's Angels,en,5.1703,6.38,3161
6887,316727,2016-06-29,The Purge: Election Year,en,4.9343,6.38,5519
6888,41602,2013-02-09,Charlie Countryman,en,1.2702,6.38,652
6889,12912,2008-04-11,Chaos Theory,en,1.6208,6.38,455
6890,11894,1991-10-25,Curly Sue,en,2.461,6.4,572
6891,11427,2003-12-12,Dead End,en,2.2976,6.376,604
6892,760329,2025-10-01,The Smashing Machine,en,4.2864,6.383,627
6893,11081,2004-03-19,Taking Lives,en,3.8907,6.377,1754
6894,11060,1990-01-12,Internal Affairs,en,2.1711,6.376,452
6895,6637,2007-12-19,National Treasure: Book of Secrets,en,6.4159,6.379,5573
6896,674944,2020-03-25,The Occupant,es,0.8459,6.378,801
6897,419835,2017-09-06,Crooked House,en,2.5376,6.378,997
6898,10210,1999-05-20,A Midsummer Night's Dream,en,2.4778,6.378,415
6899,7220,2004-04-15,The Punisher,en,8.435,6.377,3166
6900,1687,1971-05-20,Escape from the Planet of the Apes,en,2.571,6.376,1234
6901,492616,2019-08-02,Luce,en,1.18,6.377,326
6902,24341,1987-03-12,Dolls,en,1.6716,6.4,374
6903,10428,1995-09-14,Hackers,en,6.0158,6.378,1486
6904,9718,2006-08-04,Talladega Nights: The Ballad of Ricky Bobby,en,3.4932,6.377,1912
6905,798021,2023-11-30,Family Switch,en,3.4058,6.376,795
6906,668489,2025-04-25,Havoc,en,7.0637,6.376,1248
6907,611207,2019-11-21,The Knight Before Christmas,en,1.9662,6.4,1165
6908,290751,2015-10-14,Secret in Their Eyes,en,2.1775,6.376,1442
6909,6279,1993-12-09,Sister Act 2: Back in the Habit,en,4.1988,6.376,1959
6910,714,1997-12-11,Tomorrow Never Dies,en,5.4428,6.376,3458
6911,726209,2023-11-22,Leave the World Behind,en,5.3157,6.4,3263
6912,649409,2021-06-24,No Sudden Move,en,2.3704,6.375,805
6913,644090,2020-09-02,"Love, Guaranteed",en,1.609,6.375,674
6914,509635,2020-09-10,Alone,en,2.423,6.4,855
6915,86555,2011-11-25,Take This Waltz,en,1.6858,6.375,397
6916,11852,2002-12-13,The Hot Chick,en,7.9082,6.375,2189
6917,829560,2022-08-18,The Next 365 Days,pl,19.149,6.374,1324
6918,615656,2023-08-02,Meg 2: The Trench,en,12.4591,6.374,4000
6919,429189,2017-12-01,Wonder Wheel,en,2.1032,6.374,1364
6920,271736,2015-09-16,The Program,en,1.7045,6.374,547
6921,222461,2013-11-16,Wer,en,1.5102,6.374,461
6922,203793,2013-10-09,Stalingrad,ru,0.0868,6.374,389
6923,179538,2013-09-20,Witching & Bitching,es,0.8907,6.374,692
6924,74018,2011-09-05,A Cinderella Story: Once Upon a Song,en,3.9676,6.374,1057
6925,10426,2002-11-22,Friday After Next,en,5.5945,6.4,463
6926,454992,2018-08-02,The Spy Who Dumped Me,en,3.1814,6.372,2376
6927,449574,2017-11-17,Godzilla: Planet of the Monsters,ja,2.9637,6.373,559
6928,345911,2016-07-21,Lights Out,en,4.7683,6.374,4151
6929,294795,2016-09-01,The 9th Life of Louis Drax,en,1.1975,6.373,481
6930,7512,2006-09-01,Idiocracy,en,8.9188,6.373,3593
6931,4614,2002-05-31,The Sum of All Fears,en,9.5387,6.4,1968
6932,1035259,2025-07-30,The Naked Gun,en,11.9409,6.372,1769
6933,365620,2023-12-14,Ferrari,en,4.7291,6.372,1261
6934,49529,2012-03-07,John Carter,en,7.4648,6.372,6136
6935,38357,2010-11-10,Morning Glory,en,2.7639,6.371,1638
6936,25913,2002-04-30,Balto: Wolf Quest,en,1.9486,6.372,569
6937,2661,1966-07-30,Batman,en,2.7332,6.367,1065
6938,1125899,2025-02-19,Cleaner,en,10.0653,6.385,547
6939,791155,2022-08-12,Secret Headquarters,en,5.2796,6.371,422
6940,13394,2007-11-28,Shrek the Halls,en,3.8559,6.4,923
6941,11002,1984-03-30,"Greystoke: The Legend of Tarzan, Lord of the Apes",en,2.5409,6.4,501
6942,667739,2022-12-23,The Man from Toronto,en,3.0717,6.37,516
6943,638974,2023-03-28,Murder Mystery 2,en,3.6357,6.37,1971
6944,299,1960-08-10,Ocean's Eleven,en,3.9203,6.37,403
6945,604822,2020-01-22,Vanguard,zh,4.0462,6.369,610
6946,477033,2018-03-02,Errementari: The Blacksmith and the Devil,eu,1.1461,6.369,607
6947,50780,2011-05-05,The Beaver,en,2.3762,6.369,936
6948,20481,1990-02-16,Nightbreed,en,1.917,6.369,535
6949,9472,2004-06-18,DodgeBall: A True Underdog Story,en,6.9273,6.368,3853
6950,2116,2003-10-03,Out of Time,en,2.3112,6.368,1314
6951,616037,2022-07-06,Thor: Love and Thunder,en,11.5402,6.368,8604
6952,433150,2018-01-04,The Invisible Boy: Second Generation,it,1.0781,6.4,303
6953,324544,2025-02-27,In the Lost Lands,en,6.6635,6.368,826
6954,315880,2016-01-14,Correspondence,it,0.9214,6.4,416
6955,263281,2014-04-02,My Summer in Provence,fr,3.2935,6.368,321
6956,9414,1997-11-14,The Man Who Knew Too Little,en,1.6983,6.368,584
6957,2667,1999-07-14,The Blair Witch Project,en,6.6382,6.368,5473
6958,515248,2019-04-19,Someone Great,en,2.1332,6.367,1197
6959,399035,2018-01-11,The Commuter,en,4.8298,6.367,4671
6960,82675,2012-09-27,Taken 2,en,5.8268,6.367,7131
6961,82650,2012-08-02,Diary of a Wimpy Kid: Dog Days,en,4.5121,6.367,1071
6962,43549,2010-07-15,The Experiment,en,2.6068,6.367,1322
6963,12710,1988-06-10,Big Business,en,1.8686,6.367,300
6964,9501,1995-04-23,Crying Freeman,en,2.3012,6.367,360
6965,1000862,2024-03-27,The Good Teacher,fr,0.9344,6.366,317
6966,156711,2013-08-15,Austenland,en,1.1376,6.366,483
6967,24655,1977-05-12,The Car,en,2.4712,6.371,330
6968,22824,2009-11-05,The Fourth Kind,en,4.69,6.4,1905
6969,11186,1990-11-09,Child's Play 2,en,4.9697,6.366,2040
6970,1233575,2025-03-12,Black Bag,en,7.0062,6.365,1258
6971,1094138,2024-08-13,Jackpot!,en,3.3936,6.365,803
6972,836466,2020-06-10,Return,en,0.0707,6.4,1346
6973,719221,2024-05-01,Tarot,en,6.1199,6.365,1416
6974,464052,2020-12-16,Wonder Woman 1984,en,7.5901,6.4,9082
6975,429351,2018-01-18,12 Strong,en,5.6618,6.365,3207
6976,338970,2018-03-05,Tomb Raider,en,7.3807,6.365,8386
6977,112205,2013-09-13,The Family,en,3.8749,6.365,3126
6978,13600,2008-10-07,City of Ember,en,3.9778,6.365,1907
6979,9785,2007-04-27,The Invisible,en,2.2812,6.365,588
6980,521127,2018-08-02,Kingdoms,es,0.7223,6.364,308
6981,11821,1991-08-02,Doc Hollywood,en,1.923,6.364,682
6982,1272149,2025-02-12,Bridget Jones: Mad About the Boy,en,5.2386,6.364,546
6983,606234,2020-08-13,Archive,en,3.6075,6.363,820
6984,137116,2017-03-23,Smurfs: The Lost Village,en,5.1631,6.363,1564
6985,49526,2012-08-24,Premium Rush,en,3.2565,6.362,2322
6986,27429,1975-05-16,Shivers,en,1.3994,6.363,716
6987,11120,1986-11-26,The Mosquito Coast,en,1.9635,6.363,530
6988,10715,2003-11-14,Looney Tunes: Back in Action,en,3.7101,6.363,1618
6989,7459,2008-05-07,Speed Racer,en,5.8853,6.4,1784
6990,920125,2023-05-11,White Men Can't Jump,en,1.7663,6.4,300
6991,433501,2018-09-06,City of Lies,en,2.0742,6.362,690
6992,124905,2014-05-14,Godzilla,en,12.3778,6.4,9822
6993,10337,1991-12-10,Bugsy,en,2.141,6.362,445
6994,2642,2002-12-19,Two Weeks Notice,en,4.0172,6.363,2218
6995,435707,2017-06-09,Skins,es,1.2544,6.361,574
6996,46523,2010-12-09,New Kids Turbo,nl,0.785,6.361,337
6997,12308,2001-02-01,The Last Kiss,it,1.0387,6.361,533
6998,1577,2004-09-10,Resident Evil: Apocalypse,en,3.8454,6.361,4779
6999,1049,1993-02-05,Sommersby,en,2.2531,6.361,427
7000,606154,2019-12-25,The Tunnel,no,1.8784,6.36,326
7001,253279,2013-11-28,The Trials of Cate McCall,en,1.3648,6.36,311
7002,24929,1988-01-15,Return of the Living Dead Part II,en,2.104,6.4,684
7003,262500,2015-03-18,Insurgent,en,7.2396,6.359,10463
7004,18487,2009-06-10,The Taking of Pelham 1 2 3,en,3.1357,6.36,3420
7005,9333,1996-09-20,Last Man Standing,en,2.5487,6.359,990
7006,8386,2001-12-21,How High,en,3.168,6.362,1063
7007,537739,2019-09-13,Can You Keep a Secret?,en,1.7383,6.4,972
7008,121606,2013-01-25,Resolution,en,1.1292,6.358,468
7009,10851,2005-09-11,Revolver,en,2.9346,6.359,1555
7010,986070,2023-05-26,The Wrath of Becky,en,3.7233,6.357,499
7011,575088,2020-02-27,Baba Yaga: Terror of the Dark Forest,ru,2.4788,6.357,380
7012,431072,2018-01-19,Step Sisters,en,0.9234,6.357,466
7013,82525,2012-07-06,Savages,en,3.676,6.357,2297
7014,71688,2011-12-26,The Iron Lady,en,2.604,6.357,1891
7015,10056,1955-10-01,Killer's Kiss,en,2.2875,6.351,604
7016,320588,2015-11-27,"Hello, My Name Is Doris",en,1.9172,6.356,518
7017,41283,2010-11-23,Faster,en,3.555,6.356,2112
7018,8960,2008-07-01,Hancock,en,5.9378,6.357,10296
7019,2026,2005-03-09,Hostage,en,2.5047,6.356,1770
7020,729720,2021-07-30,The Last Mercenary,fr,1.3664,6.4,664
7021,332567,2016-06-24,The Shallows,en,9.9644,6.356,5344
7022,286987,2014-11-18,How to Build a Better Boy,en,1.3914,6.355,408
7023,76163,2012-08-08,The Expendables 2,en,6.9022,6.356,7210
7024,60420,2011-10-28,Like Crazy,en,2.3956,6.355,1082
7025,932420,2024-02-27,Code 8 Part II,en,3.9807,6.352,708
7026,602269,2021-01-28,The Little Things,en,3.7869,6.355,2849
7027,145135,2013-02-21,Dark Skies,en,5.2859,6.352,1963
7028,15449,2001-03-28,Don't Die Too Hard!,fr,0.6106,6.348,911
7029,775996,2021-01-15,Outside the Wire,en,2.7248,6.353,1944
7030,641934,2024-06-06,Am I OK?,en,2.564,6.353,340
7031,300667,2016-10-27,3 Generations,en,1.2129,6.4,445
7032,84188,2012-08-23,Compliance,en,4.1753,6.355,792
7033,11560,2002-04-05,High Crimes,en,4.0388,6.353,886
7034,1247,2006-12-11,The Good Shepherd,en,3.6471,6.353,1300
7035,700,1983-06-05,Octopussy,en,4.2028,6.352,2230
7036,413362,2017-11-17,"Roman J. Israel, Esq.",en,2.4265,6.352,1402
7037,408033,2016-10-26,Tamara,fr,0.4906,6.352,646
7038,298729,2014-11-20,Do You See Me?,it,0.6061,6.352,590
7039,26170,1968-10-02,Coogan's Bluff,en,2.213,6.351,369
7040,16229,2003-06-13,Prozac Nation,en,1.6498,6.4,337
7041,628900,2022-03-10,The Contractor,en,5.649,6.351,1067
7042,587996,2021-01-29,Below Zero,es,2.3194,6.351,974
7043,269148,2014-10-15,Samba,fr,1.3313,6.4,989
7044,81342,2011-12-20,Delicacy,fr,1.9923,6.351,481
7045,48231,2011-09-30,A Dangerous Method,en,2.5751,6.351,2227
7046,10358,2008-09-18,Zack and Miri Make a Porno,en,5.1573,6.351,2684
7047,10028,2003-12-05,Honey,en,3.5395,6.4,1242
7048,9777,2005-09-05,Proof,en,1.4919,6.351,743
7049,2043,2001-04-06,Along Came a Spider,en,3.9216,6.351,2069
7050,539649,2018-09-13,The Lie,en,2.1925,6.3,795
7051,500852,2019-01-25,Miss Bala,en,2.3607,6.35,588
7052,340837,2017-02-15,A Cure for Wellness,en,6.3337,6.35,4204
7053,12100,2002-06-07,Windtalkers,en,3.2062,6.35,1427
7054,45156,2011-02-03,A Little Bit of Heaven,en,1.2271,6.349,598
7055,11890,1991-04-26,Oscar,en,2.1276,6.349,574
7056,11096,2005-01-27,Hide and Seek,en,2.5546,6.349,1739
7057,1086747,2024-06-06,The Watchers,en,7.8442,6.348,1612
7058,2320,1996-03-15,Executive Decision,en,3.1611,6.347,1039
7059,521034,2020-07-08,The Secret Garden,en,2.6828,6.347,615
7060,513574,2018-09-28,Battle,no,0.5544,6.347,658
7061,438808,2018-09-14,White Boy Rick,en,2.3299,6.347,1213
7062,415401,2017-07-27,The Party,en,2.0351,6.347,604
7063,44269,2010-03-24,All That Glitters,fr,0.643,6.347,763
7064,9349,1992-07-10,Universal Soldier,en,3.8588,6.347,1928
7065,5336,1976-01-10,"Salò, or the 120 Days of Sodom",it,7.339,6.346,2309
7066,449756,2020-03-13,The Postcard Killings,en,1.836,6.346,650
7067,396461,2018-08-08,Under the Silver Lake,en,4.3573,6.346,1607
7068,270938,2014-09-05,Falcon Rising,en,2.0181,6.346,387
7069,22582,1993-02-05,Tom and Jerry: The Movie,en,4.1963,6.349,624
7070,2267,2007-02-09,The Last Mimzy,en,2.4361,6.346,489
7071,1160360,2025-10-10,If I Had Legs I'd Kick You,en,3.7407,6.345,348
7072,766475,2022-09-09,See How They Run,en,1.9699,6.345,1299
7073,549294,2020-10-23,Synchronic,en,1.9579,6.345,1100
7074,145197,2013-04-05,Upstream Color,en,1.1846,6.345,812
7075,11232,2001-12-25,Kate & Leopold,en,2.9507,6.345,1485
7076,8216,1989-08-12,Meet the Feebles,en,1.2038,6.345,319
7077,8197,1997-11-21,Midnight in the Garden of Good and Evil,en,1.7927,6.345,630
7078,438590,2018-08-23,A-X-L,en,3.5146,6.344,1261
7079,87421,2013-09-02,Riddick,en,7.0612,6.343,4427
7080,71677,2011-07-28,Assassination Games,en,1.6212,6.343,462
7081,39957,2010-08-17,Burning Bright,en,1.6455,6.343,305
7082,15596,1986-06-13,Back to School,en,1.9744,6.343,498
7083,14849,2009-02-17,Dead Like Me: Life After Death,en,1.0212,6.343,302
7084,8856,1986-06-18,The Karate Kid Part II,en,4.6834,6.343,2490
7085,557950,2021-05-07,Mainstream,en,2.102,6.342,373
7086,77866,2012-01-12,Contraband,en,3.1973,6.342,2228
7087,315,1965-08-06,"Faster, Pussycat! Kill! Kill!",en,1.7632,6.342,366
7088,1045938,2025-04-10,G20,en,4.5173,6.341,684
7089,592336,2019-04-18,Don't Stop Me Now,it,0.4063,6.341,390
7090,23631,2010-09-01,Machete,en,3.7951,6.341,3569
7091,8839,1995-05-26,Casper,en,5.8018,6.3,4942
7092,250225,2015-02-20,The Duke of Burgundy,en,2.4671,6.34,376
7093,16577,2009-10-15,Astro Boy,en,4.2932,6.34,1649
7094,13150,2008-09-09,Pride and Glory,en,2.3585,6.34,958
7095,11069,1996-04-09,Tremors II: Aftershocks,en,4.7217,6.34,1072
7096,18269,2001-02-18,Lady and the Tramp II: Scamp's Adventure,en,3.1244,6.339,1323
7097,44244,2010-09-17,Camp Rock 2: The Final Jam,en,1.8753,6.338,1574
7098,24869,2009-01-23,Ink,en,0.7161,6.338,340
7099,10612,1995-05-12,The Englishman Who Went Up a Hill But Came Down a Mountain,en,1.7643,6.3,318
7100,9273,1995-11-10,Ace Ventura: When Nature Calls,en,4.1502,6.338,4587
7101,438259,2017-12-14,Journey's End,en,2.1388,6.337,331
7102,746333,2022-02-02,Superwho?,fr,3.0233,6.336,568
7103,730047,2021-12-17,Cyrano,en,1.821,6.336,327
7104,157360,2013-08-09,In a World...,en,2.1147,6.336,565
7105,45202,2010-05-13,The Housemaid,ko,2.5435,6.336,379
7106,44754,2011-09-30,Margaret,en,1.6621,6.3,333
7107,31867,2010-03-18,Repo Men,en,3.2721,6.336,2119
7108,11913,1970-10-28,The Gendarme Takes Off,fr,1.0794,6.336,553
7109,484718,2021-03-04,Coming 2 America,en,3.2727,6.335,2398
7110,10764,2008-10-29,Quantum of Solace,en,7.073,6.336,8578
7111,633604,2019-12-13,Yummy,nl,6.0348,6.333,359
7112,169917,2014-09-18,A Walk Among the Tombstones,en,4.653,6.334,3030
7113,118293,2012-09-26,The Suicide Shop,fr,0.9917,6.334,631
7114,10380,1991-11-21,An American Tail: Fievel Goes West,en,2.1938,6.334,793
7115,9490,1998-01-16,Half Baked,en,2.6512,6.334,655
7116,910571,2023-09-28,Fair Play,en,4.4539,6.333,633
7117,630240,2021-07-14,Titane,fr,2.976,6.3,1690
7118,52520,2012-01-19,Underworld: Awakening,en,4.1072,6.333,4375
7119,27581,2010-08-06,The Other Guys,en,6.3716,6.333,4597
7120,2135,2002-03-04,The Time Machine,en,4.1159,6.33,2563
7121,1619,2000-09-08,The Way of the Gun,en,1.302,6.3,495
7122,886083,2022-10-20,Deadstream,en,1.7449,6.337,386
7123,531219,2020-10-26,Roald Dahl's The Witches,en,5.9416,6.332,2996
7124,509967,2019-12-10,6 Underground,en,6.0929,6.332,5195
7125,11680,1980-03-05,The Miser,fr,1.2164,6.332,465
7126,8965,2003-02-25,Atlantis: Milo's Return,en,3.7369,6.332,3906
7127,478820,2018-12-19,The Emperor of Paris,fr,1.6068,6.3,527
7128,396493,2017-10-06,Creep 2,en,3.4767,6.333,909
7129,9335,2005-08-03,Transporter 2,en,7.0863,6.331,3973
7130,399361,2019-03-06,Triple Frontier,en,4.6627,6.33,3550
7131,152599,2013-11-27,The Immigrant,en,1.6103,6.33,878
7132,16820,1991-04-16,F/X2,en,1.633,6.33,300
7133,14397,2007-11-27,Whisper,en,1.699,6.3,315
7134,11619,2006-10-22,Flushed Away,en,8.2114,6.33,4115
7135,6951,1989-07-28,Turner & Hooch,en,2.5151,6.327,1439
7136,477489,2018-04-04,Just a Breath Away,fr,1.7372,6.329,856
7137,409297,2016-07-08,A Dark Song,en,2.7359,6.326,561
7138,455,2002-04-11,Bend It Like Beckham,en,2.8366,6.328,2030
7139,757725,2025-05-01,Shadow Force,en,4.4102,6.334,304
7140,624860,2021-12-16,The Matrix Resurrections,en,8.0006,6.329,6516
7141,460846,2017-03-04,Security,en,2.5005,6.328,959
7142,420648,2017-02-15,The Bar,es,1.8721,6.328,1367
7143,320028,2015-01-22,An Italian Name,it,0.5823,6.328,344
7144,36419,2009-11-07,After.Life,en,4.8373,6.328,1238
7145,503616,2018-11-22,Second Act,en,2.189,6.326,1253
7146,18736,2003-05-02,The Lizzie McGuire Movie,en,2.521,6.3,1341
7147,430231,2017-11-05,The Endless,en,3.0428,6.326,1303
7148,331836,2015-12-02,Babysitting 2,fr,1.1889,6.326,1416
7149,214756,2015-06-25,Ted 2,en,17.1556,6.326,8026
7150,14177,2005-04-22,Beauty Shop,en,2.9057,6.326,560
7151,12403,2009-06-08,A Perfect Getaway,en,2.8641,6.324,1425
7152,9354,1989-06-23,"Honey, I Shrunk the Kids",en,5.3353,6.325,3349
7153,602147,2020-04-30,Inheritance,en,2.808,6.3,738
7154,511987,2019-07-10,Crawl,en,4.6607,6.325,3399
7155,11088,2001-11-09,Heist,en,2.3949,6.328,622
7156,8388,1986-12-12,¡Three Amigos!,en,3.169,6.325,1160
7157,431530,2017-08-04,A Bad Moms Christmas,en,3.3455,6.3,2213
7158,32613,1972-09-30,Horror Express,en,1.7648,6.32,339
7159,10314,1999-01-29,She's All That,en,3.5378,6.325,2256
7160,5289,2005-01-17,Chaos,en,4.4422,6.324,1155
7161,631843,2021-07-21,Old,en,6.645,6.323,4904
7162,593910,2021-09-03,Cinderella,en,4.0503,6.323,1474
7163,9822,1998-12-25,Mighty Joe Young,en,2.3334,6.323,886
7164,512196,2019-02-13,Happy Death Day 2U,en,3.0287,6.322,3665
7165,40205,2010-10-02,16 Wishes,en,4.1822,6.322,1367
7166,12395,1992-04-03,Thunderheart,en,2.222,6.322,318
7167,179,2005-04-08,The Interpreter,en,3.1675,6.322,1587
7168,1249213,2025-04-07,Drop,en,5.532,6.321,881
7169,619278,2019-09-24,Inside Man: Most Wanted,en,2.5079,6.321,396
7170,328111,2016-06-18,The Secret Life of Pets,en,3.3326,6.322,8533
7171,298312,2015-09-10,The Visit,en,6.901,6.3,5197
7172,35019,2010-03-26,Nanny McPhee and the Big Bang,en,4.7981,6.321,1955
7173,16996,2009-03-11,17 Again,en,5.6494,6.321,5442
7174,16441,1982-08-16,The Beastmaster,en,3.0794,6.321,457
7175,9407,1997-10-30,Red Corner,en,3.7261,6.321,408
7176,623491,2020-09-10,The Babysitter: Killer Queen,en,3.497,6.32,1856
7177,604872,2019-12-12,Skyfire,zh,2.0705,6.32,311
7178,203739,2014-02-07,Vampire Academy,en,3.4664,6.32,1822
7179,155084,2014-04-11,13 Sins,en,2.5277,6.3,1208
7180,73873,2011-12-21,Albert Nobbs,en,1.8402,6.32,524
7181,50698,2011-09-09,Grave Encounters,en,2.9316,6.32,1679
7182,10491,2001-01-22,Enigma,en,2.1584,6.32,342
7183,1151334,2025-08-21,Eenie Meanie,en,4.1202,6.319,329
7184,455839,2017-05-19,Time Trap,en,4.9936,6.3,1343
7185,333669,2016-04-22,Bastille Day,en,3.7629,6.319,1537
7186,31662,1998-02-12,Affliction,en,1.6414,6.3,317
7187,8289,1983-12-15,Gorky Park,en,2.3596,6.319,339
7188,1193501,2026-01-20,Whistle,en,14.3937,6.329,488
7189,121734,2012-08-10,"Tad, the Lost Explorer",es,3.6802,6.318,617
7190,28794,1981-08-14,The House by the Cemetery,it,1.8051,6.315,445
7191,12611,1978-03-10,The Fury,en,2.7813,6.308,408
7192,983507,2022-06-03,Good Boy,no,2.6618,6.317,372
7193,420634,2018-01-25,Terrifier,en,10.4837,6.318,2987
7194,413730,2016-09-15,Summertime,it,0.6199,6.317,301
7195,145220,2014-03-20,Muppets Most Wanted,en,3.8469,6.3,897
7196,28355,2009-08-13,Case 39,en,3.5544,6.317,2398
7197,4241,2001-03-17,Visitor Q,ja,2.9796,6.317,545
7198,1063877,2024-10-24,Don't Move,en,3.3291,6.316,1004
7199,833326,2022-03-02,Zero Fucks Given,fr,1.4069,6.315,451
7200,608980,2021-09-23,Three Floors,it,1.0528,6.3,319
7201,381034,2016-08-26,I Am Not a Serial Killer,en,1.5709,6.315,537
7202,283227,2015-03-26,A Little Chaos,en,1.6897,6.315,693
7203,39414,2009-06-15,Paper Man,en,1.9969,6.315,367
7204,13335,2008-04-25,Harold & Kumar Escape from Guantanamo Bay,en,3.3045,6.315,1640
7205,13022,2007-11-08,Rogue,en,4.9575,6.315,772
7206,11041,1993-10-15,The Beverly Hillbillies,en,4.646,6.315,592
7207,9945,1998-10-30,Vampires,en,3.1987,6.315,1364
7208,202575,2013-12-24,The House of Magic,en,3.0927,6.314,377
7209,29437,1977-04-08,Rabid,en,1.7735,6.314,558
7210,11358,2004-04-02,Walking Tall,en,3.3241,6.314,1671
7211,419680,2017-11-09,Daddy's Home 2,en,3.6124,6.313,2746
7212,407439,2018-03-15,Mary Magdalene,en,2.9213,6.313,576
7213,354216,2016-12-15,The Devil's Candy,en,1.5638,6.313,716
7214,257445,2015-08-05,Goosebumps,en,6.7056,6.313,3994
7215,10699,1992-10-02,Hero,en,2.3023,6.313,536
7216,2453,1991-08-23,Harley Davidson and the Marlboro Man,en,2.7599,6.313,489
7217,1026436,2024-01-18,Miller's Girl,en,4.0762,6.312,949
7218,325346,2016-08-25,The Hollars,en,1.5345,6.312,333
7219,29427,2010-02-26,The Crazies,en,4.0202,6.3,2291
7220,9515,2005-05-12,The Matador,en,2.2865,6.312,518
7221,528491,2017-11-08,WHAT DID JACK DO?,en,1.0706,6.311,534
7222,117974,2012-11-30,Sightseers,en,1.4074,6.3,570
7223,71552,2012-04-04,American Reunion,en,9.5649,6.311,4720
7224,26390,2010-03-04,Brooklyn's Finest,en,2.6812,6.3,997
7225,12309,1984-06-29,Bachelor Party,en,3.0703,6.311,717
7226,11114,1977-11-03,Pete's Dragon,en,3.0487,6.311,723
7227,817,1999-06-08,Austin Powers: The Spy Who Shagged Me,en,5.0924,6.3,3689
7228,279641,2016-03-04,Whiskey Tango Foxtrot,en,2.1555,6.31,1050
7229,67748,2011-05-19,Snowtown,en,2.6086,6.31,356
7230,29787,1988-07-29,Monkey Shines,en,1.5994,6.31,363
7231,10483,2008-08-22,Death Race,en,7.3381,6.31,4161
7232,10168,1990-07-20,The Freshman,en,1.8838,6.31,310
7233,8845,1992-10-08,Under Siege,en,4.9961,6.31,1738
7234,4728,1965-10-28,The Gendarme in New York,fr,1.6045,6.3,563
7235,810,2007-05-17,Shrek the Third,en,13.9332,6.311,9811
7236,990691,2022-08-26,Loving Adults,da,1.706,6.309,363
7237,338676,2015-08-07,Extinction,en,2.0917,6.309,771
7238,15997,1994-12-12,The Land Before Time II: The Great Valley Adventure,en,1.9387,6.3,601
7239,715123,2020-10-07,Books of Blood,en,2.0562,6.308,519
7240,447200,2018-07-11,Skyscraper,en,4.0489,6.308,5359
7241,9477,2004-07-07,King Arthur,en,6.3059,6.308,2936
7242,9358,2003-01-31,Final Destination 2,en,6.8808,6.308,4864
7243,9339,2006-06-23,Click,en,7.5497,6.308,7596
7244,3172,2001-10-12,Bandits,en,2.3653,6.308,1121
7245,920081,2021-11-26,Megaboa,en,1.2421,6.3,472
7246,601844,2020-07-23,Becky,en,2.2644,6.307,717
7247,86812,2011-01-22,Sound of My Voice,en,1.1171,6.307,427
7248,38117,2011-01-21,Beastly,en,2.6129,6.307,2874
7249,10735,2003-03-27,What a Girl Wants,en,3.7977,6.307,1725
7250,9605,1992-08-14,Single White Female,en,1.6498,6.3,701
7251,1086372,1972-07-02,Return,hy,0.3466,6.3,563
7252,437557,2018-03-14,Blockers,en,3.3558,6.306,2139
7253,296099,2015-07-28,Vacation,en,5.811,6.306,4003
7254,80591,2011-09-01,W.E.,en,1.8505,6.3,310
7255,60599,2012-09-14,Arbitrage,en,1.4599,6.3,944
7256,10105,2003-09-11,Saints and Soldiers,en,0.8862,6.306,309
7257,9043,2005-12-15,The Family Stone,en,2.6026,6.306,1140
7258,7737,2007-09-20,Resident Evil: Extinction,en,1.8395,6.307,4600
7259,747688,2021-10-18,Yara,it,0.6798,6.305,437
7260,468219,2018-09-12,Dead in a Week (Or Your Money Back),en,1.1386,6.305,365
7261,11905,1984-09-21,The Company of Wolves,en,1.8546,6.305,385
7262,4787,2007-10-31,Cassandra's Dream,en,2.1021,6.305,839
7263,169,1990-11-21,Predator 2,en,6.1381,6.3,3857
7264,753342,2023-11-22,Napoleon,en,6.5093,6.303,3115
7265,527660,2020-07-24,"Yes, God, Yes",en,3.0609,6.3,598
7266,20694,2003-06-13,Rugrats Go Wild,en,1.6032,6.304,329
7267,11702,1998-02-06,The Replacement Killers,en,2.7796,6.304,580
7268,4953,2008-02-21,Be Kind Rewind,en,2.367,6.304,1483
7269,4351,2007-02-22,Bordertown,en,1.6158,6.304,362
7270,1428,2003-09-11,Once Upon a Time in Mexico,en,3.8424,6.304,2414
7271,738652,2021-09-09,Copshop,en,2.6305,6.303,918
7272,352186,2016-07-29,Good Kids,en,2.6646,6.303,328
7273,12721,1986-05-02,"No Retreat, No Surrender",en,2.9131,6.303,637
7274,9543,2010-05-19,Prince of Persia: The Sands of Time,en,6.7193,6.303,7195
7275,9373,2003-05-21,The Texas Chainsaw Massacre,en,5.9764,6.3,2933
7276,4964,2007-06-01,Knocked Up,en,4.6983,6.303,4305
7277,842942,2022-09-23,Bandit,en,2.9617,6.302,432
7278,296065,2014-10-25,Last Shift,en,3.5579,6.302,721
7279,95608,2017-07-27,The Only Living Boy in New York,en,2.0817,6.302,372
7280,34851,2010-07-07,Predators,en,7.8834,6.302,4659
7281,9486,2003-03-14,Johnny English,en,4.829,6.302,3821
7282,8838,1998-04-03,Mercury Rising,en,2.9498,6.299,1676
7283,1880,1984-08-10,Red Dawn,en,2.8529,6.299,891
7284,638965,2021-05-19,Mandibles,fr,0.9497,6.3,610
7285,392142,2016-11-01,Max & Leon,fr,0.7718,6.301,835
7286,264729,2015-03-03,Off Course,es,0.613,6.3,344
7287,244268,2014-08-22,Love Is Strange,en,1.035,6.301,309
7288,16409,2008-12-25,Last Chance Harvey,en,1.761,6.301,306
7289,9882,1998-11-06,The Siege,en,3.5822,6.298,1502
7290,524369,2021-09-22,The Many Saints of Newark,en,2.9612,6.3,761
7291,268531,2017-06-01,Captain Underpants: The First Epic Movie,en,3.816,6.3,1361
7292,27569,2010-01-21,Extraordinary Measures,en,2.0425,6.285,349
7293,11483,1986-05-08,Pirates,en,1.2232,6.3,303
7294,10307,1999-09-02,Stigmata,en,2.7185,6.298,1243
7295,9964,1987-12-11,Bad Taste,en,1.6307,6.3,927
7296,9378,2001-10-25,Thir13en Ghosts,en,5.5564,6.298,2387
7297,457435,2018-02-14,Return of the Hero,fr,1.0911,6.299,649
7298,399248,2018-04-11,Beirut,en,1.5805,6.299,609
7299,11671,2008-08-08,Elegy,en,1.9714,6.299,307
7300,11034,1974-03-27,The Great Gatsby,en,2.8867,6.3,515
7301,10982,2005-12-16,Hoodwinked!,en,5.4131,6.299,1927
7302,627463,2020-01-31,The Assistant,en,2.0366,6.298,529
7303,458344,2018-08-16,"Juliet, Naked",en,1.9411,6.298,539
7304,274167,2015-12-25,Daddy's Home,en,5.3882,6.298,3451
7305,14976,2008-09-03,Rachel Getting Married,en,2.9213,6.298,652
7306,11625,1989-10-04,Asterix and the Big Fight,fr,1.4448,6.298,675
7307,11484,1975-06-25,Rollerball,en,1.466,6.298,613
7308,11191,1988-10-13,Mystic Pizza,en,2.8579,6.298,583
7309,736918,2022-11-24,The Noel Diary,en,1.7658,6.297,404
7310,174772,2013-06-27,Europa Report,en,2.6619,6.297,1551
7311,149509,2013-09-06,Horns,en,2.4501,6.3,2446
7312,44268,1986-12-23,Super Fantozzi,it,0.5926,6.3,317
7313,43200,2010-04-09,Basilicata Coast To Coast,it,0.4858,6.297,397
7314,37609,2006-07-31,The Cheetah Girls 2,en,1.2145,6.297,416
7315,976720,2022-08-17,Vesper,en,2.3103,6.296,707
7316,132232,2013-01-17,Mama,en,4.6491,6.296,4435
7317,70436,2012-03-09,The Raven,en,2.0941,6.296,1449
7318,41630,2011-01-21,No Strings Attached,en,7.8938,6.296,5007
7319,14207,2004-07-12,The Librarian: Quest for the Spear,en,2.7873,6.296,711
7320,12253,2003-01-31,Biker Boyz,en,3.1545,6.296,406
7321,2309,2008-12-11,Inkheart,en,3.5644,6.296,2272
7322,428399,2017-10-20,Cold Skin,en,2.0428,6.295,719
7323,326423,2016-04-15,Barbershop: The Next Cut,en,1.9158,6.295,503
7324,76122,2011-09-13,Marvel One-Shot: The Consultant,en,1.7353,6.295,624
7325,12146,2003-11-26,The Missing,en,2.9564,6.295,692
7326,1649,1991-07-19,Bill & Ted's Bogus Journey,en,2.3882,6.295,1362
7327,1599,2004-09-10,I ♥ Huckabees,en,2.6621,6.295,707
7328,1023922,2024-07-04,MaXXXine,en,5.7213,6.294,1520
7329,505379,2020-10-16,Rebecca,en,2.4394,6.3,1177
7330,425336,2017-12-14,Loving Pablo,es,3.0024,6.294,1046
7331,158852,2015-05-19,Tomorrowland,en,8.4824,6.294,7379
7332,21778,2004-01-28,RRRrrrr!!!,fr,2.1244,6.3,1255
7333,843416,2024-06-27,Daddio,en,1.7172,6.293,324
7334,736790,2023-04-07,Chupa,en,2.4164,6.293,377
7335,455476,2023-04-27,Knights of the Zodiac,en,3.8556,6.293,1302
7336,44706,1997-10-15,The Bet,fr,0.5825,6.293,499
7337,22804,2009-10-22,Saw VI,en,4.2229,6.3,3516
7338,13491,2007-12-25,Arn: The Knight Templar,sv,1.4745,6.3,312
7339,7095,1996-08-09,Jack,en,2.7339,6.293,1369
7340,2990,1990-09-28,Pacific Heights,en,3.0043,6.293,420
7341,2080,2009-04-28,X-Men Origins: Wolverine,en,0.7878,6.293,11285
7342,201,2002-12-13,Star Trek: Nemesis,en,3.1242,6.3,1593
7343,290595,2016-04-06,The Huntsman: Winter's War,en,5.3796,6.292,5060
7344,134374,2013-04-18,Pain & Gain,en,4.3395,6.292,4828
7345,63710,2011-06-23,Honey 2,en,1.9683,6.292,415
7346,714869,2021-12-21,Serial (Bad) Weddings 3,fr,1.7936,6.291,424
7347,267935,2016-06-01,The BFG,en,6.5902,6.291,3636
7348,102780,2013-04-11,Byzantium,en,2.6966,6.291,968
7349,79643,2011-11-23,Anche se è amore non si vede,it,0.2458,6.3,373
7350,9104,2002-10-31,Buffalo Soldiers,en,1.4238,6.291,349
7351,2085,2000-03-22,Romeo Must Die,en,3.7695,6.29,1355
7352,869641,2023-08-24,Vacation Friends 2,en,1.9693,6.29,302
7353,455236,2018-02-06,Accident Man,en,3.1886,6.29,591
7354,10730,1976-09-08,King Kong,en,4.2017,6.289,926
7355,19901,2010-01-06,Daybreakers,en,3.089,6.288,2191
7356,9584,1978-06-27,Convoy,en,2.8749,6.289,427
7357,5072,2006-05-19,Severance,en,2.0391,6.285,675
7358,541305,2020-09-25,Kajillionaire,en,2.451,6.288,544
7359,443791,2020-01-08,Underwater,en,5.5648,6.287,3494
7360,133694,2012-09-23,Promised Land,en,1.528,6.288,747
7361,86331,2011-10-06,Desire,fr,9.8782,6.3,1368
7362,39385,1997-04-01,Would I Lie to You?,fr,0.3945,6.288,550
7363,36643,1999-11-17,The World Is Not Enough,en,5.3366,6.288,3285
7364,13641,2007-02-07,The Air I Breathe,en,1.5098,6.288,399
7365,505058,2018-07-19,Unfriended: Dark Web,en,2.7886,6.288,1678
7366,433808,2017-10-11,The Ritual,en,6.0801,6.286,3455
7367,207768,2013-08-25,I Spit on Your Grave 2,en,5.7555,6.287,1437
7368,9896,2001-08-17,Rat Race,en,4.7631,6.287,1980
7369,439998,2017-03-02,Omicidio all'italiana,it,0.4312,6.286,412
7370,11449,1979-07-27,The Amityville Horror,en,3.4255,6.289,1044
7371,11007,2003-12-24,Cheaper by the Dozen,en,3.9666,6.286,2961
7372,4917,1975-03-23,A Boy and His Dog,en,1.7621,6.3,384
7373,1537,2002-04-07,Changing Lanes,en,2.3301,6.286,1218
7374,1492,1992-08-09,1492: Conquest of Paradise,en,2.8367,6.286,922
7375,689723,2020-04-30,Dangerous Lies,en,1.9627,6.285,905
7376,452015,2018-01-31,Psychokinesis,ko,1.7601,6.285,339
7377,280092,2015-05-28,Insidious: Chapter 3,en,6.3637,6.284,3627
7378,72710,2013-03-22,The Host,en,3.9522,6.285,4087
7379,15947,1944-12-21,The Three Caballeros,en,1.813,6.285,774
7380,9494,1989-10-12,Look Who's Talking,en,2.3256,6.285,2469
7381,728526,2021-12-03,Encounter,en,1.3054,6.284,464
7382,625450,2019-09-13,Tall Girl,en,2.9288,6.284,1961
7383,462919,2018-09-07,Sierra Burgess Is a Loser,en,1.1625,6.284,3464
7384,680860,2022-02-10,I Want You Back,en,1.5391,6.283,374
7385,561362,2019-01-04,Rust Creek,en,2.5197,6.282,354
7386,181283,2015-03-15,Child 44,en,4.2183,6.284,1826
7387,13515,2008-08-14,Mirrors,en,3.6154,6.283,2042
7388,963765,2023-05-26,Strange Way of Life,es,1.1016,6.282,381
7389,339967,2017-04-06,Colossal,en,2.9934,6.282,2293
7390,301272,2014-11-06,Let's Go to the Country,it,0.3249,6.282,463
7391,126277,2013-01-11,American Mary,en,2.2894,6.282,600
7392,13567,1983-11-18,Sleepaway Camp,en,2.8023,6.3,795
7393,838330,2022-07-29,Not Okay,en,2.4346,6.281,513
7394,467824,2018-07-25,Illang: The Wolf Brigade,ko,3.0613,6.281,329
7395,463272,2018-08-30,Johnny English Strikes Again,en,5.0737,6.281,2779
7396,14864,1990-10-12,The Hot Spot,en,5.3569,6.3,302
7397,8966,2008-11-20,Twilight,en,16.4006,6.3,14445
7398,4520,2007-10-12,Sleuth,en,1.27,6.281,588
7399,852448,2022-08-19,I Came By,en,2.4634,6.28,846
7400,284276,2014-09-07,Cake,en,1.8633,6.28,942
7401,33217,2010-03-19,Diary of a Wimpy Kid,en,7.5679,6.281,1780
7402,27274,1990-06-01,Frankenhooker,en,2.2837,6.274,382
7403,11342,1989-06-01,Warlock,en,1.958,6.28,440
7404,451500,2017-12-06,Christmas & Co.,fr,1.6621,6.279,673
7405,425980,2017-09-14,Brad's Status,en,1.6458,6.279,455
7406,199373,2013-07-11,The Frozen Ground,en,2.8808,6.278,1600
7407,9598,1995-07-18,Babe,en,5.4271,6.279,3133
7408,1689,1993-12-01,Little Buddha,en,2.2945,6.3,448
7409,541524,2021-10-27,Passing,en,1.7422,6.278,342
7410,186992,2013-06-12,Stranger by the Lake,fr,2.0675,6.278,469
7411,127521,2012-09-11,6 Bullets,en,2.6001,6.278,407
7412,58244,2012-09-27,Upside Down,en,6.8851,6.278,2622
7413,24452,1960-05-04,The Little Shop of Horrors,en,1.3558,6.278,468
7414,2332,2000-03-25,Taxi 2,fr,3.2453,6.278,1907
7415,1302916,2025-02-06,Heart Eyes,en,3.6652,6.277,544
7416,335778,2016-02-18,Risen,en,2.7168,6.277,954
7417,246080,2014-12-05,Black Sea,en,3.1023,6.277,1188
7418,11587,1990-08-17,The Exorcist III,en,3.2181,6.275,859
7419,532639,2022-09-07,Pinocchio,en,4.3847,6.3,1735
7420,291276,2017-04-27,Unlocked,en,2.9505,6.276,1211
7421,9963,2007-02-08,Premonition,en,2.9701,6.276,1679
7422,288036,2015-06-26,Sleeping with Other People,en,2.0701,6.275,983
7423,38303,2010-09-23,You Again,en,2.8395,6.275,1305
7424,9440,1998-03-20,Primary Colors,en,2.2744,6.275,349
7425,2246,1993-09-29,Malice,en,2.0245,6.275,515
7426,814800,2022-09-16,Goodnight Mommy,en,2.205,6.274,554
7427,413052,2016-09-15,Hacker,en,2.0496,6.282,342
7428,1248,2007-02-06,Hannibal Rising,en,0.9437,6.274,2420
7429,1232546,2025-04-23,Until Dawn,en,9.7778,6.275,1454
7430,323373,2015-08-28,Deathgasm,en,2.8363,6.273,651
7431,49021,2011-09-22,Killer Elite,en,4.2927,6.274,2332
7432,11862,1995-12-08,Father of the Bride Part II,en,2.3638,6.273,812
7433,10743,2003-04-25,Confidence,en,1.4665,6.273,482
7434,592695,2021-10-08,Pleasure,sv,11.3446,6.3,797
7435,587693,2019-12-05,A Christmas Prince: The Royal Baby,en,1.1267,6.272,567
7436,153518,2016-05-11,The Angry Birds Movie,en,9.4687,6.3,4014
7437,142320,2012-10-25,Viva l'Italia,it,0.3806,6.3,381
7438,137321,2014-02-13,Winter's Tale,en,3.2127,6.272,1419
7439,83186,2012-09-05,Wrong,en,0.8641,6.272,382
7440,10651,1988-07-13,The Dead Pool,en,2.3349,6.272,950
7441,10410,1992-12-25,Hoffa,en,1.858,6.272,364
7442,8843,2000-08-18,The Cell,en,4.3006,6.272,1722
7443,1588,2000-08-25,Bring It On,en,3.6235,6.3,1862
7444,1234821,2025-06-23,Jurassic World Rebirth,en,28.7907,6.271,3445
7445,1020910,2023-05-18,Influencer,en,2.0032,6.271,363
7446,574060,2021-07-14,Gunpowder Milkshake,en,3.1466,6.271,1161
7447,303542,2014-12-18,The Invisible Boy,it,1.184,6.271,980
7448,77950,2013-07-11,Turbo,en,6.5016,6.271,3686
7449,59981,2014-05-08,Legends of Oz: Dorothy's Return,en,1.7767,6.3,376
7450,46929,1947-09-27,Fun and Fancy Free,en,2.3016,6.271,530
7451,5968,1984-08-15,The Woman in Red,en,2.8945,6.271,560
7452,5172,2007-02-23,The Astronaut Farmer,en,1.405,6.271,368
7453,1378,2006-10-04,Shortbus,en,6.8847,6.271,588
7454,1013860,2022-11-15,R.I.P.D. 2: Rise of the Damned,en,2.2855,6.27,670
7455,10207,1999-02-22,Message in a Bottle,en,2.4365,6.27,832
7456,10029,1998-09-11,Very Bad Things,en,1.9738,6.27,694
7457,1136867,2025-06-12,Materialists,en,8.0344,6.3,1331
7458,447277,2023-05-18,The Little Mermaid,en,11.3595,6.268,3334
7459,260346,2014-12-16,Taken 3,en,10.233,6.268,6166
7460,17182,1996-01-12,Eye for an Eye,en,2.9476,6.268,474
7461,14728,2008-10-25,The Librarian: The Curse of the Judas Chalice,en,2.5938,6.268,527
7462,11465,1989-06-30,Great Balls of Fire!,en,1.5943,6.268,345
7463,10534,1996-02-02,White Squall,en,2.8584,6.268,408
7464,9922,1997-12-25,The Postman,en,3.7402,6.268,1203
7465,9705,2001-06-08,Swordfish,en,4.2647,6.268,2963
7466,9526,2006-06-01,A Prairie Home Companion,en,1.4337,6.3,325
7467,461130,2019-12-06,Code 8,en,4.1031,6.267,2176
7468,259695,2016-12-25,Live by Night,en,2.8641,6.267,1410
7469,82696,2012-08-07,Hope Springs,en,2.4853,6.3,834
7470,449755,2017-12-15,Christmas Inheritance,en,1.0285,6.266,850
7471,347375,2018-08-16,Mile 22,en,4.9595,6.269,2455
7472,181812,2019-12-18,Star Wars: The Rise of Skywalker,en,12.4139,6.266,10882
7473,31150,1989-01-27,Intruder,en,1.1363,6.266,312
7474,14208,2006-09-09,The Librarian: Return to King Solomon's Mines,en,1.9687,6.266,631
7475,507244,2025-08-20,Afterburn,en,5.5428,6.265,307
7476,255343,2014-10-11,Escobar: Paradise Lost,en,2.7535,6.265,818
7477,12103,2001-09-28,Don't Say a Word,en,2.8548,6.265,1076
7478,334521,2017-03-31,Free Fire,en,2.9241,6.264,1225
7479,157845,2014-06-04,The Rover,en,2.1752,6.264,1063
7480,14353,2008-11-07,Repo! The Genetic Opera,en,2.3208,6.264,387
7481,1212855,2025-04-03,Fight or Flight,en,4.456,6.263,390
7482,351809,2016-03-03,To Steal from a Thief,es,1.7031,6.263,390
7483,146721,1968-10-24,Carne,es,0.885,6.3,547
7484,10294,2007-04-20,Vacancy,en,3.3055,6.263,1647
7485,10225,1986-08-01,Jason Lives - Friday the 13th Part VI,en,5.6687,6.263,1357
7486,4959,2009-02-03,The International,en,2.3193,6.263,1429
7487,523607,2023-11-22,Maestro,en,2.3575,6.262,843
7488,376134,2017-03-31,The Discovery,en,2.2537,6.262,1430
7489,245706,2015-04-17,True Story,en,2.1343,6.262,2093
7490,115210,2012-10-05,Stitches,en,1.3833,6.262,447
7491,75761,2013-01-25,John Dies at the End,en,1.5587,6.262,733
7492,30874,1982-03-04,The New York Ripper,it,1.5534,6.3,328
7493,13811,2009-03-19,Knowing,en,6.0346,6.262,5849
7494,11683,2005-06-18,Land of the Dead,en,3.4861,6.3,1815
7495,453405,2019-10-02,Gemini Man,en,4.9849,6.262,5481
7496,13934,2006-07-27,Mater and the Ghostlight,en,1.6838,6.261,479
7497,6282,2000-07-30,Coyote Ugly,en,5.2867,6.261,2283
7498,950387,2025-03-31,A Minecraft Movie,en,28.5553,6.26,3052
7499,406563,2018-01-03,Insidious: The Last Key,en,5.4332,6.26,3153
7500,333667,2016-07-08,Rock Dog,en,2.5578,6.26,319
7501,35552,2010-04-09,The Extraordinary Adventures of Adèle Blanc-Sec,fr,3.9805,6.26,1490
7502,14373,1982-02-20,Death Wish II,en,2.4321,6.26,534
7503,11459,2005-07-29,Sky High,en,6.2874,6.26,2481
7504,9061,1995-02-17,Just Cause,en,2.4779,6.26,628
7505,8689,1980-02-07,Cannibal Holocaust,it,10.8187,6.26,1878
7506,467660,2018-03-22,Unsane,en,2.8407,6.259,1685
7507,244458,2014-01-19,The Voices,en,2.6919,6.259,1923
7508,34813,2010-04-23,The Losers,en,4.5027,6.259,1992
7509,15239,1984-05-15,The Toxic Avenger,en,1.48,6.259,659
7510,2619,1984-03-09,Splash,en,3.7154,6.259,1491
7511,952701,2022-11-18,Return to Seoul,ko,0.7202,6.258,477
7512,567690,2021-09-24,Dear Evan Hansen,en,2.158,6.258,372
7513,10479,2000-04-07,Rules of Engagement,en,1.4338,6.258,800
7514,2770,2001-08-10,American Pie 2,en,8.8221,6.3,5334
7515,1098006,2025-05-19,Fountain of Youth,en,5.4194,6.261,945
7516,184346,2014-07-01,Deliver Us from Evil,en,2.8922,6.257,2243
7517,10657,1993-08-27,Needful Things,en,2.6599,6.3,608
7518,801071,2022-02-24,The Jack in the Box: Awakening,en,1.1717,6.256,383
7519,514999,2019-05-25,Murder Mystery,en,3.6079,6.256,4814
7520,2284,2007-11-16,Mr. Magorium's Wonder Emporium,en,1.7961,6.256,1318
7521,970347,2024-08-22,The Killer,en,6.897,6.26,576
7522,259694,2016-02-08,How to Be Single,en,3.9613,6.256,3363
7523,245703,2016-02-18,Midnight Special,en,3.0303,6.255,2052
7524,182415,2013-04-02,"White as Milk, Red as Blood",it,0.4664,6.255,627
7525,146239,2013-10-10,Delivery Man,en,2.0886,6.255,1593
7526,11238,1996-05-20,Aladdin and the King of Thieves,en,3.7844,6.255,1978
7527,9872,1985-07-12,Explorers,en,3.3521,6.255,507
7528,9828,2006-11-03,Unknown,en,1.7723,6.255,466
7529,9770,1997-11-07,Mad City,en,2.332,6.3,366
7530,627290,2020-09-02,Antebellum,en,1.4014,6.254,998
7531,571495,2019-04-08,The Ruthless,it,1.5003,6.254,425
7532,323675,2016-01-14,Ride Along 2,en,3.2226,6.254,1801
7533,53174,2011-02-03,Kokowääh,de,0.8426,6.254,302
7534,25983,2009-10-30,The House of the Devil,en,1.4866,6.3,854
7535,14444,1998-11-20,The Rugrats Movie,en,3.0512,6.254,646
7536,15512,2009-03-19,Monsters vs Aliens,en,10.2339,6.3,4986
7537,10188,2008-08-06,The Sisterhood of the Traveling Pants 2,en,2.0282,6.253,808
7538,4911,2002-12-14,Dark Blue,en,2.0599,6.253,376
7539,693,2004-12-22,Meet the Fockers,en,5.4379,6.253,5190
7540,1472638,2025-12-25,Buen Camino,it,4.1598,6.252,571
7541,27578,2010-08-07,The Expendables,en,7.3344,6.253,8320
7542,9991,2001-12-26,Mean Machine,en,2.9172,6.252,636
7543,8984,1994-12-09,Disclosure,en,5.4975,6.252,1280
7544,3604,1980-12-05,Flash Gordon,en,4.0863,6.252,1100
7545,463821,2018-09-15,The House with a Clock in Its Walls,en,3.3458,6.251,2319
7546,369300,2016-10-18,The Limehouse Golem,en,1.6325,6.251,738
7547,209262,2013-10-02,Parkland,en,3.7722,6.251,391
7548,14326,2008-09-26,Nights in Rodanthe,en,1.899,6.3,627
7549,11976,1985-08-28,Legend,en,5.0244,6.251,1390
7550,11495,1984-05-11,Firestarter,en,1.6166,6.3,770
7551,10127,1988-04-29,Critters 2,en,2.7061,6.3,523
7552,589761,2021-04-15,Chernobyl: Abyss,ru,3.8161,6.25,577
7553,406759,2022-02-02,Moonfall,en,7.0908,6.249,3604
7554,168530,2014-01-07,Ride Along,en,3.669,6.25,2430
7555,158015,2013-05-31,The Purge,en,6.2594,6.25,8874
7556,22907,2010-08-26,Takers,en,5.5376,6.25,1395
7557,10521,2009-01-09,Bride Wars,en,3.2172,6.25,3202
7558,774741,2021-12-02,Diary of a Wimpy Kid,en,3.2284,6.249,406
7559,703451,2023-02-10,Your Place or Mine,en,2.0964,6.249,867
7560,369781,2016-02-17,Public Friends,fr,0.7769,6.2,372
7561,305470,2017-03-23,Power Rangers,en,6.6062,6.249,4648
7562,49040,2012-08-08,The Bourne Legacy,en,5.9134,6.25,6155
7563,38167,2010-08-12,Eat Pray Love,en,5.294,6.249,2640
7564,17494,1992-06-26,Unlawful Entry,en,2.0306,6.249,347
7565,17466,1990-09-14,Death Warrant,en,2.2379,6.249,627
7566,9611,1997-04-25,Romy and Michele's High School Reunion,en,2.119,6.249,588
7567,707,1985-05-24,A View to a Kill,en,4.9319,6.249,2205
7568,446101,2018-09-21,Assassination Nation,en,1.7584,6.2,897
7569,345940,2018-08-09,The Meg,en,11.509,6.248,8222
7570,84194,2012-09-12,Excision,en,1.3547,6.248,607
7571,58233,2011-09-15,Johnny English Reborn,en,5.0235,6.248,3602
7572,21786,2006-10-13,Cold Prey,no,1.9308,6.2,468
7573,9285,2000-05-19,Road Trip,en,4.9827,6.2,2207
7574,1845,2007-02-09,2 Days in Paris,en,1.1739,6.248,424
7575,758009,2022-12-28,Shotgun Wedding,en,3.7932,6.2,1312
7576,608195,2020-07-03,Ghosts of War,en,1.7322,6.247,586
7577,24924,1988-10-14,Night of the Demons,en,1.4345,6.247,396
7578,2171,2001-07-27,Wet Hot American Summer,en,2.5045,6.247,887
7579,1261501,2025-01-09,Ad Vitam,fr,2.3996,6.2,441
7580,81857,2011-09-01,Alps,el,1.75,6.236,348
7581,19165,1997-09-12,The Land Before Time V: The Mysterious Island,en,1.3026,6.2,349
7582,2086,1995-11-22,Nick of Time,en,3.2679,6.244,811
7583,1727,1990-05-18,Bird on a Wire,en,3.7211,6.246,1043
7584,1096197,2024-01-18,No Way Up,en,3.7682,6.245,1120
7585,655082,2021-10-07,Eiffel,fr,1.0301,6.245,725
7586,631842,2023-02-01,Knock at the Cabin,en,3.1202,6.245,3107
7587,254128,2015-05-27,San Andreas,en,13.9988,6.245,9045
7588,58151,2011-08-18,Fright Night,en,4.3699,6.244,2134
7589,1119878,2025-06-27,Ice Road: Vengeance,en,10.9165,6.2,636
7590,196867,2014-12-18,Annie,en,5.8438,6.244,1362
7591,1008953,2024-08-22,Incoming,en,4.2671,6.2,369
7592,510388,2019-09-20,Villains,en,1.2607,6.243,486
7593,384371,2016-04-20,Roommates Wanted,fr,0.7026,6.243,369
7594,301355,2017-05-10,Message from the King,en,1.7446,6.243,492
7595,116741,2013-06-07,The Internship,en,0.2203,6.243,4498
7596,1724,2008-06-12,The Incredible Hulk,en,16.1887,6.243,12741
7597,525554,2018-08-22,The Bouncer,fr,1.5053,6.2,397
7598,49494,2011-02-08,The Eagle,en,3.585,6.242,1428
7599,441701,2017-08-25,Veronica,es,3.7657,6.242,1878
7600,432613,2017-10-25,"Marry Me, Dude",fr,1.1231,6.241,1008
7601,23759,2010-02-15,Centurion,en,3.2473,6.242,1569
7602,16288,1987-05-01,Creepshow 2,en,2.4171,6.2,655
7603,8090,2008-01-22,Untraceable,en,1.9562,6.241,997
7604,644092,2021-01-29,Finding ʻOhana,en,1.9381,6.24,450
7605,580532,2021-02-26,Crisis,en,1.6247,6.24,391
7606,293768,2017-08-03,Kidnap,en,2.7412,6.24,1353
7607,197796,2014-02-12,Beauty and the Beast,fr,6.344,6.24,2175
7608,188222,2015-06-03,Entourage,en,3.3562,6.24,1117
7609,9694,2003-11-03,One Missed Call,ja,2.0379,6.242,482
7610,2082,2007-08-31,Halloween,en,4.2169,6.239,2566
7611,586451,2019-04-26,Blow the Man Down,en,1.0632,6.238,337
7612,455656,2017-07-17,#realityhigh,en,1.4535,6.238,1046
7613,49022,2011-05-05,Something Borrowed,en,1.9359,6.238,1097
7614,15969,1994-12-15,The Return of Jafar,en,3.333,6.238,3453
7615,14577,1998-06-12,Dirty Work,en,1.7785,6.238,304
7616,11352,1989-12-22,Always,en,2.5557,6.238,669
7617,9805,2004-07-14,(T)Raumschiff Surprise - Periode 1,de,1.2635,6.238,559
7618,1844,1999-04-29,Entrapment,en,4.4103,6.238,2242
7619,1032823,2024-07-31,Trap,en,6.1169,6.236,2871
7620,1013601,2025-03-19,The Alto Knights,en,4.1199,6.237,439
7621,395990,2018-03-01,Death Wish,en,5.2158,6.237,2817
7622,141043,2014-03-20,A Long Way Down,en,1.518,6.237,936
7623,8656,1998-05-08,Deep Impact,en,7.4723,6.237,3339
7624,6341,1983-02-05,Blue Thunder,en,2.973,6.237,555
7625,652483,2020-01-23,Airplane Mode,pt,1.1048,6.236,719
7626,76493,2012-05-15,The Dictator,en,9.1019,6.236,6480
7627,9885,2005-09-16,Wolf Creek,en,3.1384,6.236,1292
7628,517302,2022-03-04,Hatching,fi,1.1719,6.235,496
7629,443319,2017-04-21,Phoenix Forgotten,en,1.9826,6.235,343
7630,375355,2016-10-22,Don't Hang Up,en,1.3293,6.2,577
7631,109414,2013-06-12,This Is the End,en,5.3524,6.235,6868
7632,38356,2011-06-28,Transformers: Dark of the Moon,en,2.649,6.235,8989
7633,9962,2002-08-07,The Good Girl,en,2.5554,6.235,682
7634,9804,1995-07-28,Waterworld,en,6.2066,6.235,4099
7635,88794,2011-11-09,J. Edgar,en,2.8697,6.234,2595
7636,79548,2012-02-23,Gone,en,2.4356,6.234,1244
7637,613093,2020-10-08,Valley of the Dead,es,1.1224,6.233,328
7638,401478,2018-10-02,Death Race: Beyond Anarchy,en,3.3773,6.233,392
7639,60935,2011-10-12,The Thing,en,5.745,6.235,3236
7640,17339,1978-08-16,Force 10 from Navarone,en,2.0606,6.233,344
7641,17281,1958-05-15,Gigi,en,2.3525,6.2,348
7642,9986,2006-12-07,Charlotte's Web,en,3.8954,6.233,1465
7643,4379,2005-05-13,Monster-in-Law,en,3.9415,6.233,1771
7644,1497,1991-03-22,Teenage Mutant Ninja Turtles II: The Secret of the Ooze,en,3.2142,6.2,1252
7645,52505,2010-10-28,The Other Woman,en,1.3894,6.232,418
7646,37834,2010-06-15,Knight and Day,en,4.948,6.232,4918
7647,27813,1982-04-02,Basket Case,en,1.2983,6.232,469
7648,13313,1997-11-11,Beauty and the Beast: The Enchanted Christmas,en,3.9445,6.232,1097
7649,9619,1997-02-07,Dante's Peak,en,6.0209,6.234,2090
7650,11823,2004-09-13,Wimbledon,en,1.9674,6.231,1080
7651,11591,1983-06-10,The Man with Two Brains,en,2.0946,6.2,488
7652,10447,1994-04-29,No Escape,en,3.2448,6.231,489
7653,9102,1995-09-08,Screamers,en,1.6174,6.231,606
7654,1075175,2023-11-02,How to Have Sex,en,12.5277,6.2,508
7655,877269,2022-11-23,Strange World,en,3.7806,6.2,1427
7656,438396,2020-08-28,Unknown Origins,es,1.3998,6.23,456
7657,279690,2015-12-18,He Never Died,en,1.6017,6.23,523
7658,9836,2006-11-16,Happy Feet,en,7.087,6.231,5482
7659,9604,1988-06-17,Red Heat,en,3.6838,6.23,1615
7660,9398,2001-09-28,Zoolander,en,3.7496,6.23,4947
7661,428078,2018-11-27,Mortal Engines,en,5.4605,6.229,5179
7662,14844,2004-01-09,Chasing Liberty,en,1.818,6.229,652
7663,11954,1985-06-21,Lifeforce,en,5.5064,6.229,731
7664,9686,1989-03-10,New York Stories,en,1.648,6.2,409
7665,9355,1985-06-29,Mad Max Beyond Thunderdome,en,4.6966,6.229,3282
7666,2637,2002-01-25,The Mothman Prophecies,en,3.0017,6.229,1265
7667,515841,2018-04-13,I Am Not an Easy Man,fr,1.7748,6.228,1023
7668,41210,2010-08-20,The Switch,en,2.7458,6.228,2046
7669,11845,2001-01-20,Intimacy,en,9.0485,6.228,553
7670,19457,2000-04-27,The Yards,en,2.77,6.227,524
7671,9801,2004-11-10,Bridget Jones: The Edge of Reason,en,3.3527,6.227,3040
7672,640146,2023-02-15,Ant-Man and the Wasp: Quantumania,en,8.8174,6.226,5871
7673,24873,1985-11-01,Death Wish 3,en,2.6699,6.2,481
7674,15037,1998-06-12,Can't Hardly Wait,en,2.5492,6.226,593
7675,518452,2018-08-03,Like Father,en,1.8607,6.2,698
7676,502682,2018-05-18,Book Club,en,2.3054,6.225,833
7677,340382,2015-09-01,Attack on Titan II: End of the World,ja,3.6554,6.224,402
7678,267860,2016-03-02,London Has Fallen,en,5.8838,6.224,5126
7679,181533,2014-12-17,Night at the Museum: Secret of the Tomb,en,8.7177,6.2,6240
7680,82532,2012-03-16,"Jeff, Who Lives at Home",en,1.3324,6.224,687
7681,11966,1988-07-06,Short Circuit 2,en,2.3,6.224,656
7682,11931,2005-10-07,In Her Shoes,en,3.1204,6.224,1296
7683,1234811,2024-11-27,Our Little Secret,en,1.533,6.2,582
7684,30923,1999-02-28,Alice in Wonderland,en,1.8471,6.223,395
7685,7552,2005-12-21,Fun with Dick and Jane,en,2.7917,6.223,2682
7686,984324,2024-03-28,The Wages of Fear,fr,2.3518,6.222,495
7687,20421,1991-08-02,Rock-A-Doodle,en,1.9209,6.222,317
7688,8273,2003-08-01,American Wedding,en,5.5989,6.222,4414
7689,338947,2022-09-28,Hellraiser,en,3.3339,6.2,1041
7690,87826,2012-10-10,Here Comes the Boom,en,2.4124,6.221,1585
7691,8851,1958-09-10,The Blob,en,2.4561,6.221,664
7692,1022796,2023-11-13,Wish,en,7.6869,6.22,1786
7693,178,1994-07-01,Blown Away,en,3.381,6.22,622
7694,76812,2017-05-26,Black Butterfly,en,2.1,6.219,577
7695,20235,1998-02-16,Belle's Magical World,en,2.0124,6.2,495
7696,11431,2005-04-06,Fever Pitch,en,2.1605,6.2,758
7697,10498,1993-03-19,Point of No Return,en,2.1995,6.219,748
7698,9620,2003-12-25,Paycheck,en,2.8839,6.219,2044
7699,8373,2009-06-19,Transformers: Revenge of the Fallen,en,3.4905,6.22,9217
7700,724665,2022-09-16,"Confess, Fletch",en,2.1925,6.218,402
7701,516329,2021-10-28,Antlers,en,2.6736,6.218,1241
7702,506072,2018-10-02,Prospect,en,2.1254,6.218,982
7703,298250,2017-10-25,Jigsaw,en,4.856,6.218,3978
7704,1097870,2024-11-24,Dear Santa,en,2.3638,6.217,502
7705,976734,2024-10-10,Canary Black,en,3.7712,6.217,505
7706,833097,2022-11-10,Falling for Christmas,en,1.3987,6.217,876
7707,516700,2019-08-29,Gundala,id,0.5574,6.2,341
7708,15158,1988-07-08,Phantasm II,en,2.1377,6.213,399
7709,13474,2007-11-09,P2,en,1.9045,6.216,936
7710,10303,1985-08-01,The Jewel of the Nile,en,3.6976,6.217,1288
7711,9594,1991-07-31,Double Impact,en,4.9285,6.216,1216
7712,9369,1994-09-29,Asterix Conquers America,de,1.5611,6.2,642
7713,592480,2019-05-18,Alice and the Mayor,fr,0.4879,6.216,345
7714,12538,1998-02-20,Senseless,en,3.6749,6.216,403
7715,848326,2023-12-15,Rebel Moon - Part One: A Child of Fire,en,4.4017,6.215,2579
7716,11164,1994-03-25,D2: The Mighty Ducks,en,2.2541,6.214,656
7717,760868,2022-03-18,Black Crab,sv,2.4569,6.213,929
7718,606625,2020-07-03,Follow Me,en,1.7886,6.2,565
7719,402331,2016-07-14,Hard Target 2,en,3.8022,6.213,314
7720,45964,1979-08-24,When a Stranger Calls,en,1.3759,6.213,301
7721,32657,2010-02-01,Percy Jackson & the Olympians: The Lightning Thief,en,10.8919,6.2,7839
7722,26320,2009-08-26,Taking Woodstock,en,1.7702,6.213,479
7723,23082,2009-10-02,The Invention of Lying,en,2.2096,6.213,2337
7724,11665,2008-06-19,Get Smart,en,5.2072,6.213,3900
7725,467,2001-04-20,The Hole,en,3.5352,6.213,897
7726,526019,2020-01-09,Like a Boss,en,2.0328,6.212,669
7727,460885,2018-09-13,Mandy,en,3.5286,6.2,2162
7728,14008,2002-03-07,Cadet Kelly,en,2.4846,6.212,620
7729,9573,2002-08-09,Blood Work,en,1.7271,6.212,897
7730,487297,2019-02-08,What Men Want,en,3.1194,6.211,1590
7731,109439,2013-05-23,The Hangover Part III,en,5.8686,6.211,9269
7732,74725,2011-09-02,Kill List,en,2.4091,6.211,878
7733,65759,2011-11-17,Happy Feet Two,en,4.048,6.211,1741
7734,11137,2004-03-28,The Prince & Me,en,2.2554,6.211,1043
7735,219572,2013-12-24,Police Story: Lockdown,zh,2.1677,6.21,420
7736,133931,2012-06-05,Zambezia,en,2.2551,6.21,331
7737,48395,2010-12-03,Rare Exports: A Christmas Tale,fi,1.3294,6.21,677
7738,24124,1981-05-08,The Burning,en,2.6173,6.2,453
7739,11860,1995-12-15,Sabrina,en,3.6918,6.2,696
7740,7942,2007-09-06,Run Fatboy Run,en,1.6655,6.21,746
7741,3040,2004-07-08,Night Watch,ru,2.2612,6.211,820
7742,1041613,2024-03-20,Immaculate,en,5.3257,6.209,1654
7743,916605,2022-09-23,The Infernal Machine,en,1.8189,6.209,302
7744,624963,2020-10-14,A Babysitter's Guide to Monster Hunting,en,1.404,6.209,321
7745,64686,2013-12-06,47 Ronin,en,6.5509,6.209,4162
7746,6552,1999-04-30,Idle Hands,en,5.4103,6.208,751
7747,6278,2002-07-09,Reign of Fire,en,5.9705,6.209,2465
7748,513268,2020-05-19,Body Cam,en,2.0642,6.203,427
7749,85373,2012-03-30,StreetDance 2,en,1.9551,6.208,403
7750,7553,2005-10-07,Waiting...,en,3.007,6.21,991
7751,330112,2015-04-19,Ashby,en,0.909,6.2,465
7752,329004,2015-04-15,The Survivalist,en,1.6135,6.207,381
7753,218778,2014-10-08,"Alexander and the Terrible, Horrible, No Good, Very Bad Day",en,1.9709,6.207,1422
7754,11824,1985-08-23,Teen Wolf,en,4.4504,6.206,1266
7755,10033,2005-11-23,Just Friends,en,3.3395,6.207,1811
7756,486101,2018-02-14,There's No Place Like Home,it,0.8794,6.206,742
7757,110552,2013-10-23,The Protector 2,th,2.2141,6.206,313
7758,536437,2023-05-11,Hypnotic,en,3.7848,6.204,1496
7759,390061,2017-09-28,Mark Felt: The Man Who Brought Down the White House,en,1.8355,6.205,557
7760,291351,2016-04-27,The Sea of Trees,en,1.8122,6.205,542
7761,138103,2014-08-07,The Expendables 3,en,6.1951,6.205,5364
7762,4507,1992-09-03,Jamon Jamon,es,4.0804,6.205,402
7763,599975,2019-10-24,Countdown,en,4.338,6.204,2319
7764,302156,2016-04-07,Criminal,en,4.3845,6.204,1891
7765,354110,2015-09-16,Forsaken,en,2.8703,6.203,387
7766,287903,2015-11-26,Krampus,en,3.5483,6.203,2400
7767,77951,2013-12-18,Walking with Dinosaurs,en,2.5352,6.203,523
7768,56909,2011-01-21,The Immature,it,0.6014,6.203,811
7769,23629,2011-03-24,Sucker Punch,en,5.7202,6.203,5104
7770,9688,2004-12-22,Melinda and Melinda,en,1.2182,6.203,502
7771,69668,2011-09-29,Dream House,en,2.1499,6.2,1434
7772,503736,2021-05-14,Army of the Dead,en,5.0447,6.2,4435
7773,478860,2019-11-27,Proxima,fr,1.7441,6.2,443
7774,454294,2019-01-16,The Kid Who Would Be King,en,3.182,6.2,837
7775,285423,2014-08-14,Jarhead 2: Field of Fire,en,1.1418,6.2,323
7776,1634,1993-07-16,Free Willy,en,3.5398,6.2,1984
7777,52015,2010-09-30,Stake Land,en,1.9859,6.199,875
7778,41479,2010-04-16,The Joneses,en,1.8843,6.199,643
7779,25642,2009-11-15,Ben 10: Alien Swarm,en,3.6787,6.199,387
7780,8688,1998-08-07,Snake Eyes,en,4.3432,6.2,1521
7781,2114,2001-07-02,Final Fantasy: The Spirits Within,en,3.0526,6.199,1609
7782,1370,1988-05-24,Rambo III,en,7.0164,6.198,3499
7783,449563,2019-02-13,Isn't It Romantic,en,2.6606,6.197,3594
7784,80585,2012-06-13,Rock of Ages,en,3.8255,6.198,1355
7785,54004,1999-11-09,Passport to Paris,en,1.2533,6.2,315
7786,18462,1984-11-16,Night of the Comet,en,1.8709,6.195,446
7787,9541,2004-03-25,Jersey Girl,en,2.869,6.198,1155
7788,2768,1980-02-01,American Gigolo,en,2.219,6.193,735
7789,582570,2019-08-16,Sextuplets,en,2.1961,6.197,874
7790,339994,2016-09-16,The Good Neighbor,en,1.6758,6.197,482
7791,63493,2011-05-06,The Ledge,en,2.2356,6.197,395
7792,19164,1996-11-01,The Land Before Time IV: Journey Through the Mists,en,2.1613,6.2,368
7793,12707,1977-07-22,Orca,en,2.7904,6.197,466
7794,12593,1972-04-14,Fritz the Cat,en,2.2911,6.202,389
7795,9080,1985-12-06,Spies Like Us,en,2.7086,6.197,712
7796,800510,2022-02-10,Kimi,en,2.6684,6.196,988
7797,9103,1996-04-19,The Quest,en,2.5157,6.193,800
7798,919952,2022-12-22,The Great Day,it,0.3184,6.195,380
7799,859235,2023-09-15,Coup de chance,fr,1.0719,6.195,446
7800,159117,2013-06-06,V/H/S/2,en,2.8849,6.197,1190
7801,13499,2005-11-23,"Yours, Mine & Ours",en,2.0822,6.195,907
7802,2662,2003-04-11,House of 1000 Corpses,en,3.4198,6.2,1775
7803,507,1993-10-01,Killing Zoe,en,2.3462,6.195,371
7804,987917,2023-10-20,Old Dads,en,2.8446,6.198,464
7805,69798,2011-08-19,The Inbetweeners Movie,en,1.6335,6.194,987
7806,296,2003-07-02,Terminator 3: Rise of the Machines,en,7.6383,6.194,7292
7807,467952,2018-06-22,The Catcher Was a Spy,en,1.9604,6.2,323
7808,227300,2014-10-14,Stretch,en,1.4099,6.193,730
7809,24021,2010-06-23,The Twilight Saga: Eclipse,en,8.8208,6.2,9267
7810,13595,1994-08-05,Airheads,en,1.9115,6.2,826
7811,11598,1977-08-10,The Kentucky Fried Movie,en,1.738,6.193,360
7812,7484,2006-09-27,Open Season,en,6.4086,6.193,3017
7813,1159559,2026-02-25,Scream 7,en,47.3752,6.188,1080
7814,526007,2020-02-19,The Night Clerk,en,2.7809,6.2,902
7815,399790,2017-05-25,Churchill,en,1.2455,6.191,340
7816,258363,2015-04-12,Desierto,en,1.1419,6.191,398
7817,184345,2014-04-17,A Haunted House 2,en,9.345,6.191,1600
7818,43933,2010-06-18,Monsters,en,2.4911,6.191,1785
7819,14817,1997-07-25,Good Burger,en,2.305,6.2,579
7820,9024,1993-10-01,For Love or Money,en,2.15,6.191,393
7821,4477,1997-03-13,The Devil's Own,en,2.7578,6.191,1366
7822,841,1984-12-14,Dune,en,8.475,6.191,3438
7823,449562,2019-05-09,The Hustle,en,4.8887,6.19,2707
7824,408648,2017-07-21,Batman and Harley Quinn,en,2.9031,6.19,660
7825,11017,1995-02-10,Billy Madison,en,5.5041,6.2,1817
7826,46529,2011-02-18,I Am Number Four,en,4.8662,6.189,5019
7827,12154,1987-11-27,3 Men and a Baby,en,2.6103,6.2,1102
7828,11353,1999-08-12,Bowfinger,en,2.744,6.189,952
7829,489243,2019-03-15,The Hummingbird Project,en,1.9228,6.2,405
7830,228967,2014-12-25,The Interview,en,6.7937,6.188,6260
7831,218836,2014-07-17,Planes: Fire & Rescue,en,3.8803,6.188,930
7832,139651,2012-09-17,Haute Cuisine,fr,1.0208,6.2,304
7833,50619,2011-11-16,The Twilight Saga: Breaking Dawn - Part 1,en,14.1942,6.2,9286
7834,9725,1981-05-01,Friday the 13th Part 2,en,3.9886,6.2,1919
7835,8916,1998-10-02,Antz,en,5.0708,6.188,4756
7836,1273,2007-03-23,TMNT,en,5.6425,6.188,1229
7837,698,1979-06-26,Moonraker,en,4.4844,6.188,2232
7838,1087388,2024-04-12,Sting,en,3.0435,6.187,527
7839,419479,2017-10-13,The Babysitter,en,4.8289,6.2,3921
7840,13637,2007-09-15,Sukiyaki Western Django,ja,1.6284,6.187,364
7841,11699,2009-09-11,Bad Lieutenant: Port of Call New Orleans,en,2.8915,6.186,1279
7842,10589,2004-11-12,After the Sunset,en,4.2995,6.186,868
7843,1290879,2025-10-09,The Woman in Cabin 10,en,3.929,6.185,1046
7844,47533,2010-10-16,Scooby-Doo! Curse of the Lake Monster,en,1.6674,6.185,532
7845,848791,2022-10-06,The Stranger,en,1.8056,6.184,419
7846,157825,2014-10-15,White Bird in a Blizzard,en,1.494,6.185,762
7847,75638,2012-03-02,Red Lights,en,3.2973,6.184,1415
7848,14819,1995-02-17,Heavyweights,en,2.0136,6.2,419
7849,14061,2008-06-20,The Edge of Love,en,1.6519,6.184,395
7850,9621,2005-10-14,Elizabethtown,en,2.0575,6.184,1197
7851,4722,1993-06-09,Body Snatchers,en,2.454,6.188,474
7852,459910,2018-02-01,Braven,en,2.8539,6.183,1112
7853,371560,2016-12-02,The Eyes of My Mother,en,1.2564,6.183,356
7854,195589,2014-05-08,Neighbors,en,5.7904,6.183,7317
7855,59962,2012-02-14,This Means War,en,3.4021,6.183,3618
7856,55846,2011-05-20,Blitz,en,5.1478,6.184,1824
7857,49013,2011-06-11,Cars 2,en,15.7561,6.183,8506
7858,37710,2010-12-08,The Tourist,en,4.6313,6.184,5770
7859,11415,1985-12-06,House,en,2.0664,6.183,631
7860,10185,2008-08-07,The Midnight Meat Train,en,2.6998,6.182,1267
7861,760926,2022-01-13,Gold,en,2.5563,6.182,659
7862,340481,2016-10-05,The Unknown Girl,fr,0.8218,6.182,431
7863,8978,2005-01-19,Assault on Precinct 13,en,2.7227,6.182,1202
7864,585759,2019-11-08,The Coldest Game,pl,1.5035,6.2,329
7865,393717,2016-05-04,The Crew,fr,0.9985,6.181,353
7866,333354,2017-01-02,Extortion,en,1.8061,6.181,318
7867,209247,2013-09-20,The Art of the Steal,en,1.8201,6.181,620
7868,98567,2012-12-20,Chinese Zodiac,cn,4.0967,6.181,895
7869,21845,1993-07-07,Rookie of the Year,en,1.9936,6.181,393
7870,9889,2001-11-01,Shallow Hal,en,6.8262,6.181,3178
7871,530382,2019-09-27,In the Shadow of the Moon,en,2.1951,6.179,1598
7872,227159,2014-11-12,Horrible Bosses 2,en,3.5256,6.18,4409
7873,89185,2012-06-09,Radio Rebel,en,1.8527,6.2,845
7874,13492,2007-07-01,Frontier(s),fr,2.0037,6.18,805
7875,9968,2005-10-27,The Big White,en,1.9632,6.18,327
7876,5971,1989-06-02,We're No Angels,en,3.1331,6.18,546
7877,515741,2019-08-15,Angel of Mine,en,1.4195,6.179,310
7878,9545,1993-01-29,Sniper,en,2.9899,6.179,474
7879,694234,2020-07-01,Under the Riccione Sun,it,1.3925,6.178,567
7880,485894,2017-12-28,Naples in Veils,it,0.9143,6.178,476
7881,152792,2013-05-09,Devil's Knot,en,2.3571,6.178,721
7882,109418,2013-07-11,Grown Ups 2,en,10.5701,6.178,4719
7883,11351,2003-08-08,Jeepers Creepers 2,en,5.9739,6.18,1826
7884,10632,2003-03-11,The Hunted,en,7.2325,6.178,928
7885,10025,2006-05-12,Just My Luck,en,3.5238,6.178,2021
7886,9899,2005-12-25,The Producers,en,2.8211,6.178,516
7887,9457,1998-01-30,Deep Rising,en,5.7452,6.178,826
7888,1083968,2025-03-20,Locked,en,3.5756,6.177,565
7889,1069905,2025-11-14,Jay Kelly,en,3.7226,6.177,426
7890,945937,2023-12-08,Fast Charlie,en,3.9629,6.177,303
7891,763149,2021-08-04,Aftermath,en,1.923,6.178,667
7892,12145,1997-01-23,Fierce Creatures,en,1.997,6.177,393
7893,419831,2017-11-15,I Kill Giants,en,1.9372,6.176,1253
7894,399031,2017-06-21,Happy End,fr,1.851,6.176,434
7895,126889,2017-05-09,Alien: Covenant,en,10.7688,6.176,9464
7896,61717,2006-06-16,Wendy Wu: Homecoming Warrior,en,2.123,6.176,445
7897,20701,1990-05-03,Tales from the Darkside: The Movie,en,1.7299,6.2,429
7898,19004,1995-03-16,The Land Before Time III: The Time of the Great Giving,en,1.7654,6.2,415
7899,13888,1991-08-02,Return to the Blue Lagoon,en,4.0584,6.176,1252
7900,12262,1977-07-22,The Hills Have Eyes,en,2.2886,6.176,1003
7901,10489,1983-08-10,Cujo,en,2.9428,6.2,1138
7902,331,2001-07-18,Jurassic Park III,en,0.4121,6.176,7885
7903,747687,2021-10-07,The Catholic School,it,1.2653,6.2,452
7904,15413,1991-06-07,Don't Tell Mom the Babysitter's Dead,en,2.1555,6.175,489
7905,11169,2004-03-12,Spartan,en,2.1092,6.175,421
7906,10345,1989-04-28,K-9,en,3.2601,6.175,1056
7907,9280,2002-04-30,Femme Fatale,en,3.3124,6.175,661
7908,13220,2008-10-31,Splinter,en,2.4603,6.174,801
7909,157851,2014-05-21,Maps to the Stars,en,3.0276,6.2,1147
7910,85872,2012-03-07,Le Chef,fr,1.1718,6.2,640
7911,11917,2008-10-23,Saw V,en,4.8253,6.174,3817
7912,11286,1981-06-19,The Cannonball Run,en,5.893,6.173,701
7913,1241921,2025-09-17,A Big Bold Beautiful Journey,en,4.9169,6.2,410
7914,597433,2021-08-04,Beckett,it,1.4558,6.172,737
7915,516632,2020-10-22,The Empty Man,en,6.731,6.172,1028
7916,457041,2018-08-10,Elizabeth Harvest,en,1.7126,6.172,390
7917,136418,2013-05-07,Hummingbird,en,4.3692,6.173,1877
7918,11418,1985-07-25,National Lampoon's European Vacation,en,3.3988,6.2,996
7919,81390,2011-04-09,A Lonely Place to Die,en,2.4925,6.2,649
7920,18781,2009-03-27,The Haunting in Connecticut,en,2.0579,6.168,1203
7921,11357,1988-10-21,Halloween 4: The Return of Michael Myers,en,3.3192,6.172,2066
7922,689700,2022-01-28,Clean,en,1.7492,6.17,451
7923,341006,2017-03-17,The Belko Experiment,en,3.0506,6.17,1676
7924,13186,2007-08-25,Wrong Turn 2: Dead End,en,10.5962,6.169,1563
7925,10425,2007-07-23,The Death and Life of Bobby Z,en,1.7184,6.17,408
7926,2577,2003-09-02,Code 46,en,1.9463,6.2,399
7927,326285,2016-10-20,American Pastoral,en,1.4919,6.169,744
7928,58431,2016-02-04,Pride and Prejudice and Zombies,en,3.7998,6.169,2320
7929,11892,2002-04-19,Murder by Numbers,en,2.1005,6.169,1180
7930,9039,2002-09-20,Trapped,en,2.7015,6.169,623
7931,8078,1997-11-12,Alien Resurrection,en,6.552,6.169,5584
7932,411143,2018-06-29,Tau,en,1.7439,6.171,1376
7933,50479,2011-01-28,Avalon High,en,1.4727,6.168,573
7934,11355,1999-04-09,Never Been Kissed,en,3.1716,6.2,1586
7935,11234,1971-08-01,The Omega Man,en,1.9818,6.168,620
7936,10739,2003-08-27,Anything Else,en,1.8707,6.168,665
7937,27374,2009-07-30,Lake Mungo,en,3.696,6.167,696
7938,13387,2008-11-26,Transporter 3,en,5.2196,6.167,3683
7939,663,2007-10-25,Saw IV,en,5.4323,6.167,4123
7940,896536,2025-04-18,The Legend of Ochi,en,4.3318,6.177,317
7941,13969,2004-09-24,First Daughter,en,3.4923,6.165,1011
7942,11896,1987-12-11,Throw Momma from the Train,en,1.6081,6.165,656
7943,11384,1991-03-08,The Hard Way,en,2.9704,6.165,481
7944,11077,1990-07-27,Problem Child,en,3.4155,6.165,922
7945,8247,2008-02-13,Jumper,en,5.8289,6.165,6262
7946,14362,1991-04-12,Out for Justice,en,2.7755,6.164,512
7947,13673,2004-11-24,Christmas with the Kranks,en,2.375,6.2,1311
7948,10781,2006-10-05,The Texas Chainsaw Massacre: The Beginning,en,4.6049,6.2,1965
7949,860623,2021-03-30,Last Man Down,en,4.2239,6.163,757
7950,710295,2025-01-15,Wolf Man,en,5.5894,6.163,996
7951,309886,2016-08-11,Blood Father,fr,2.8859,6.163,1670
7952,157829,2014-05-14,The Disappearance of Eleanor Rigby: Them,en,0.9481,6.163,313
7953,9506,2003-04-11,Anger Management,en,4.1719,6.163,3463
7954,2058,1997-05-23,Addicted to Love,en,1.9944,6.163,446
7955,532671,2019-02-06,The Prodigy,en,2.677,6.162,1078
7956,400106,2017-12-22,Bright,en,4.1738,6.162,5986
7957,102362,2013-03-08,Dead Man Down,en,2.2203,6.162,1562
7958,87496,2012-12-20,The Company You Keep,en,1.6723,6.162,788
7959,77930,2012-06-28,Magic Mike,en,3.4859,6.162,3099
7960,10070,2005-10-14,Feast,en,2.4745,6.162,616
7961,1688,1972-06-29,Conquest of the Planet of the Apes,en,2.3569,6.162,1091
7962,446807,2018-10-25,The Girl in the Spider's Web,en,3.3556,6.161,1525
7963,45658,2011-05-13,Everything Must Go,en,1.1107,6.2,669
7964,10869,1974-02-12,Herbie Rides Again,en,1.5654,6.161,439
7965,8592,1990-06-15,Dick Tracy,en,3.6842,6.161,1050
7966,1620,2007-11-21,Hitman,en,5.3231,6.161,3674
7967,49520,2011-08-05,The Change-Up,en,5.2721,6.16,2990
7968,750253,2021-09-23,My Son,en,2.8189,6.2,517
7969,721625,2020-12-10,Songbird,en,2.5054,6.159,789
7970,31582,1999-11-26,Flawless,en,1.8083,6.159,301
7971,9641,2005-12-21,Cheaper by the Dozen 2,en,2.9233,6.159,2102
7972,178915,2013-03-21,Welcome Mr. President!,it,0.5327,6.158,707
7973,9257,2003-08-08,S.W.A.T.,en,5.2373,6.2,2722
7974,324807,2015-11-26,A Bigger Splash,en,1.8623,6.2,856
7975,272435,2014-09-10,Gemma Bovery,fr,2.0082,6.157,347
7976,18360,2009-05-20,Night at the Museum: Battle of the Smithsonian,en,9.8973,6.157,7314
7977,531509,2019-08-13,Otherhood,en,1.1322,6.156,471
7978,335796,2016-10-20,Ouija: Origin of Evil,en,2.8897,6.156,2637
7979,253835,2009-07-28,Los Bandoleros,en,0.1406,6.2,381
7980,59570,2011-03-18,Escort in Love,it,0.6665,6.156,643
7981,55779,2011-08-12,Final Destination 5,en,5.7507,6.156,4109
7982,10202,2008-12-24,Bedtime Stories,en,3.6863,6.156,2988
7983,881209,2023-07-23,Happiness for Beginners,en,1.6128,6.155,319
7984,531309,2019-05-09,Brightburn,en,8.1939,6.156,3489
7985,16325,2009-02-27,Echelon Conspiracy,en,1.9095,6.155,491
7986,11707,1984-08-17,Tightrope,en,1.9309,6.155,386
7987,10832,2006-07-19,Them,fr,1.3378,6.155,602
7988,286565,2015-06-18,Paper Towns,en,2.524,6.154,5186
7989,208134,2013-10-22,Jackass Presents: Bad Grandpa,en,3.0187,6.2,1691
7990,24961,1978-10-24,The Wiz,en,3.4308,6.155,310
7991,11323,2009-09-18,The Informant!,en,2.1244,6.154,980
7992,10407,1992-06-12,Housesitter,en,1.5653,6.154,471
7993,7342,2002-11-04,Carrie,en,2.1773,6.153,564
7994,1809,2002-10-11,The Rules of Attraction,en,1.8539,6.154,613
7995,31359,2001-02-07,Would I Lie to You? 2,fr,0.5987,6.153,413
7996,13532,2009-02-06,Fanboys,en,2.2202,6.153,901
7997,10523,2008-10-17,W.,en,1.8476,6.153,695
7998,38543,2011-03-03,Ironclad,en,5.666,6.152,805
7999,15648,2005-06-17,The Perfect Man,en,1.422,6.152,815
8000,10908,1999-09-25,Inferno,en,2.8495,6.2,352
8001,10468,2000-04-06,28 Days,en,2.5731,6.152,1084
8002,10199,2008-12-18,The Tale of Despereaux,en,3.596,6.152,1020
8003,1159831,2026-03-04,The Bride!,en,15.8079,6.141,541
8004,199928,2018-03-09,The Outsider,en,2.2688,6.151,692
8005,12180,2008-08-05,Star Wars: The Clone Wars,en,4.384,6.151,2227
8006,263341,2016-02-18,"Crouching Tiger, Hidden Dragon: Sword of Destiny",en,3.4826,6.15,722
8007,63197,2011-05-01,Megan Is Missing,en,3.599,6.15,845
8008,22327,2009-09-11,Youth in Revolt,en,1.3692,6.15,983
8009,16873,2007-09-06,Battle for Terra,en,1.6744,6.15,307
8010,13455,2009-02-04,Push,en,4.0305,6.15,2450
8011,9286,2006-02-09,Final Destination 3,en,7.6268,6.15,4592
8012,8067,1997-10-24,A Life Less Ordinary,en,1.4632,6.15,497
8013,109443,2013-12-18,Anchorman 2: The Legend Continues,en,3.0803,6.1,2831
8014,25602,2009-10-22,Ninja,en,2.8984,6.149,407
8015,23049,2009-06-05,My Life in Ruins,en,1.5403,6.149,439
8016,14424,2007-06-15,Sex and Death 101,en,2.4875,6.138,307
8017,13926,1987-07-10,Red's Dream,en,0.5942,6.149,360
8018,8409,2003-04-04,A Man Apart,en,3.2013,6.153,992
8019,937249,2023-09-29,57 Seconds,en,4.2364,6.148,670
8020,680593,2020-04-16,The Dark and the Wicked,en,2.5468,6.148,544
8021,520023,2022-08-05,Bodies Bodies Bodies,en,4.8527,6.1,1476
8022,11025,2004-05-07,New York Minute,en,2.2213,6.148,939
8023,10836,2001-10-12,Dagon,en,2.5153,6.148,476
8024,891699,2023-11-30,Silent Night,en,2.661,6.147,953
8025,668195,2020-03-09,Ultras,it,1.3404,6.147,430
8026,347126,2016-04-01,God's Not Dead 2,en,1.7002,6.147,424
8027,225565,2014-01-29,That Awkward Moment,en,1.7816,6.147,2737
8028,44603,2010-10-22,Hereafter,en,2.9783,6.1,1818
8029,19959,2009-09-24,Surrogates,en,4.2442,6.147,3454
8030,14709,1999-01-15,Varsity Blues,en,2.3782,6.147,470
8031,1685,1970-04-23,Beneath the Planet of the Apes,en,2.5436,6.147,1477
8032,509585,2019-12-26,7500,en,1.5074,6.146,932
8033,113148,2013-02-13,Prince Avalanche,en,1.0487,6.1,336
8034,72545,2012-01-19,Journey 2: The Mysterious Island,en,6.5234,6.146,4525
8035,29095,1988-06-17,Waxwork,en,1.9181,6.146,333
8036,9874,1986-05-22,Cobra,en,7.5446,6.146,1969
8037,589984,2019-09-04,A Very Bad Friend,fr,0.6322,6.145,311
8038,424121,2018-09-21,Apostle,en,2.4719,6.147,1593
8039,335777,2017-08-11,The Nut Job 2: Nutty by Nature,en,3.0342,6.145,471
8040,11932,1998-10-15,Bride of Chucky,en,5.7648,6.144,2124
8041,7303,2002-12-13,Maid in Manhattan,en,3.225,6.142,2066
8042,65086,2012-02-03,The Woman in Black,en,3.7362,6.144,3690
8043,31578,1993-08-08,Body Bags,en,1.9495,6.144,384
8044,27022,2010-07-13,The Sorcerer's Apprentice,en,6.2501,6.144,5289
8045,336004,2015-11-13,Heist,en,2.2874,6.143,1006
8046,258284,2014-04-20,Every Secret Thing,en,2.2209,6.143,363
8047,11983,2000-12-08,Proof of Life,en,2.2051,6.143,873
8048,7007,1993-07-30,Rising Sun,en,3.6091,6.141,842
8049,6963,2005-10-20,The Weather Man,en,2.4168,6.143,1090
8050,299847,2014-10-30,Happily Mixed Up,it,0.3457,6.1,349
8051,13282,1975-04-30,Death Race 2000,en,2.4459,6.146,566
8052,11123,1974-11-15,Earthquake,en,4.8908,6.142,366
8053,9729,2005-10-07,Where the Truth Lies,en,1.4453,6.142,318
8054,1059064,2024-08-02,The Instigators,en,4.576,6.141,648
8055,403587,1985-10-31,Return,en,0.916,6.141,2701
8056,317744,2015-05-06,Careful What You Wish For,en,3.5752,6.141,433
8057,955,2000-05-24,Mission: Impossible II,en,7.1089,6.141,7606
8058,674607,2020-02-27,The Decline,fr,0.8675,6.14,446
8059,492353,2018-03-15,Put Grandma in the Freezer,it,0.8542,6.1,719
8060,272548,2015-03-14,Moonwalkers,en,1.2062,6.14,392
8061,264999,2015-07-01,Magic Mike XXL,en,2.7951,6.14,1869
8062,97370,2014-03-14,Under the Skin,en,4.1077,6.14,3839
8063,11858,1994-06-03,Renaissance Man,en,2.1011,6.14,318
8064,10153,1998-02-13,Sphere,en,3.3313,6.141,1830
8065,9709,2005-05-05,My Summer of Love,en,1.5432,6.14,321
8066,6038,2003-02-06,Shanghai Knights,en,3.5378,6.14,2458
8067,5689,1980-07-05,The Blue Lagoon,en,7.551,6.14,2031
8068,2057,2001-05-08,Original Sin,en,10.951,6.14,908
8069,1644,1993-02-05,The Vanishing,en,1.9505,6.14,560
8070,823625,2022-02-10,Blacklight,en,4.0139,6.139,1272
8071,23830,2010-11-05,Last Night,en,2.5125,6.139,823
8072,10972,2001-08-10,Session 9,en,4.3828,6.139,1030
8073,10395,1994-06-17,Wolf,en,2.4942,6.139,1015
8074,387592,2018-01-26,Early Man,en,3.4918,6.138,878
8075,15417,1978-12-16,Every Which Way but Loose,en,2.5554,6.138,506
8076,10641,2000-08-11,Autumn in New York,en,1.5227,6.138,767
8077,9610,1984-06-29,Conan the Destroyer,en,3.6935,6.138,1669
8078,9395,1988-04-08,Above the Law,en,3.3705,6.138,803
8079,692,1976-03-31,Pink Flamingos,en,5.1556,6.1,564
8080,829410,2022-09-11,Sick,en,1.9054,6.137,358
8081,408439,2016-10-07,Hounds of Love,en,1.3494,6.137,372
8082,4599,2004-05-27,Raising Helen,en,3.7742,6.137,687
8083,1032950,2022-10-26,Hellhole,pl,0.8955,6.136,379
8084,518158,2018-12-11,Leprechaun Returns,en,1.9108,6.136,661
8085,417644,2017-03-23,CHiPs,en,3.3145,6.136,1396
8086,28211,2010-02-25,Chloe,en,3.4435,6.137,1884
8087,659067,2020-04-17,Earth and Blood,fr,0.9648,6.1,304
8088,569814,2019-01-17,Rebels,fr,0.669,6.135,341
8089,59968,2011-08-26,Our Idiot Brother,en,1.4765,6.135,1040
8090,20187,1975-05-21,The Eiger Sanction,en,2.5513,6.132,453
8091,11228,1996-12-06,Daylight,en,3.7185,6.134,1706
8092,10833,2001-03-23,Heartbreakers,en,2.7376,6.135,995
8093,9730,1984-04-13,Friday the 13th: The Final Chapter,en,3.5968,6.134,1517
8094,464737,2017-08-14,The End?,it,0.8614,6.134,389
8095,190955,2013-08-22,Blood Ties,en,2.0851,6.134,508
8096,94562,2012-03-14,Turkish for Beginners,de,0.7933,6.1,385
8097,13944,2008-09-26,Passengers,en,2.8284,6.134,1006
8098,10796,2001-11-02,The One,en,5.2468,6.134,1751
8099,391714,2018-01-19,On Chesil Beach,en,1.7523,6.133,387
8100,157820,2013-01-10,Mood Indigo,fr,0.8299,6.133,653
8101,472269,2018-10-26,Possum,en,3.8328,6.132,329
8102,47971,2017-01-13,xXx: Return of Xander Cage,en,22.3589,6.132,9253
8103,29514,1990-01-25,Two Evil Eyes,en,1.1996,6.132,344
8104,10173,1990-10-05,Marked for Death,en,3.2339,6.132,596
8105,10013,1986-10-10,Peggy Sue Got Married,en,1.8963,6.132,657
8106,5516,2004-03-25,The Ladykillers,en,2.7633,6.132,1756
8107,4965,2001-12-03,Impostor,en,2.6383,6.1,476
8108,1852,2006-08-09,World Trade Center,en,3.1018,6.132,1816
8109,1019420,2024-03-14,Irish Wish,en,2.5374,6.1,522
8110,419704,2019-09-17,Ad Astra,en,3.1026,6.131,7257
8111,115782,2013-08-15,Jobs,en,2.2605,6.131,2616
8112,12526,2007-02-21,Bug,en,2.1117,6.131,618
8113,12220,1999-10-14,The Story of Us,en,2.0085,6.131,369
8114,1738,2007-04-25,Next,en,5.7338,6.131,3288
8115,367147,2017-05-28,Buster's Mal Heart,en,0.7777,6.1,315
8116,272692,2014-08-14,The Possession of Michael King,en,1.0634,6.125,439
8117,127867,2012-09-08,The Brass Teapot,en,1.6263,6.13,512
8118,17927,2009-02-20,Fired Up!,en,3.9818,6.131,693
8119,12157,1990-12-23,Green Card,en,2.0306,6.13,539
8120,8141,2007-02-09,You Kill Me,en,1.4971,6.13,304
8121,609972,2021-10-29,Paranormal Activity: Next of Kin,en,3.0918,6.127,771
8122,426814,2018-06-28,The Domestics,en,1.9929,6.129,515
8123,10533,1995-10-13,The Scarlet Letter,en,2.5847,6.129,524
8124,8989,1987-06-05,Harry and the Hendersons,en,2.4306,6.129,734
8125,978796,2024-09-20,Bagman,en,2.9784,6.13,443
8126,471014,2017-10-20,Wheelman,en,2.292,6.128,685
8127,1045770,2024-02-07,Daaaaaalí!,fr,0.6885,6.1,314
8128,582596,2020-05-13,The Wrong Missy,en,2.4515,6.127,1279
8129,137094,2014-01-15,Jack Ryan: Shadow Recruit,en,5.0125,6.127,3106
8130,14013,1998-07-28,BASEketball,en,1.9285,6.127,655
8131,10562,2000-08-24,Under Suspicion,en,1.7991,6.1,530
8132,6076,2007-12-01,Rabbit Without Ears,de,1.2204,6.127,409
8133,410199,2016-09-16,ARQ,en,1.9862,6.126,1306
8134,274855,2017-10-12,Geostorm,en,6.9785,6.126,5202
8135,244264,2014-09-25,Laggies,en,1.4645,6.1,1180
8136,221667,2014-09-23,Saint Laurent,fr,0.8007,6.126,302
8137,57201,2013-07-03,The Lone Ranger,en,5.0802,6.126,6175
8138,951,1990-12-21,Kindergarten Cop,en,2.6044,6.127,2813
8139,268896,2018-03-21,Pacific Rim: Uprising,en,10.2578,6.125,5368
8140,134411,2013-02-21,Snitch,en,3.6464,6.125,2497
8141,21788,2008-12-17,Trouble at Timpetill,fr,0.7902,6.125,397
8142,11557,1985-06-28,St. Elmo's Fire,en,1.7397,6.125,597
8143,9955,2007-03-30,Blades of Glory,en,2.9607,6.125,1925
8144,4970,2003-11-21,Gothika,en,3.3616,6.125,2512
8145,1656,2005-10-24,The Legend of Zorro,en,6.7154,6.125,3104
8146,807339,2024-09-20,Apartment 7A,en,2.2657,6.124,404
8147,454293,2018-09-27,Night School,en,2.694,6.124,1770
8148,1086260,2025-09-26,The Astronaut,en,6.4539,6.123,383
8149,306943,2017-04-14,The Outcasts,en,1.4336,6.1,508
8150,48171,2011-01-28,The Rite,en,3.4764,6.123,2255
8151,41664,1988-12-22,Fantozzi Retires,it,0.5275,6.1,398
8152,38327,2006-03-10,My Best Enemy,it,0.51,6.123,308
8153,14128,2002-02-23,Cinderella II: Dreams Come True,en,6.3713,6.123,1544
8154,9029,2008-05-07,What Happens in Vegas,en,4.5786,6.123,3315
8155,59108,2011-11-02,Tower Heist,en,3.7479,6.122,3197
8156,10359,1999-06-05,Resurrection,en,1.5346,6.122,311
8157,10065,2005-04-14,The Amityville Horror,en,4.0062,6.122,2371
8158,8675,1998-07-02,Orgazmo,en,2.547,6.122,485
8159,2185,2002-04-05,Big Trouble,en,3.6309,6.122,325
8160,218784,2015-10-30,Freaks of Nature,en,2.1382,6.121,610
8161,51447,2010-11-10,Trophy Wife,fr,1.2611,6.1,388
8162,34806,2010-04-23,The Back-Up Plan,en,2.9354,6.121,1490
8163,10665,2008-05-29,The Strangers,en,3.6693,6.121,2682
8164,753453,2021-09-26,V/H/S/94,en,2.7598,6.1,552
8165,708577,2021-08-14,Like a Cat on a Highway 2,it,0.3174,6.12,366
8166,520946,2020-06-26,100% Wolf,en,2.3228,6.1,338
8167,166271,2013-10-17,Haunter,en,1.7271,6.12,651
8168,21972,2002-07-03,Like Mike,en,3.9601,6.12,569
8169,10929,2003-03-14,Willard,en,1.5754,6.12,370
8170,10623,2003-02-28,Cradle 2 the Grave,en,3.5054,6.12,1037
8171,438347,2017-04-26,Wedding Unplanned,fr,0.9336,6.119,480
8172,382593,2016-12-07,Divorce French Style,fr,0.5626,6.119,623
8173,283601,2018-10-10,Galveston,en,1.5198,6.119,551
8174,53182,2014-03-05,300: Rise of an Empire,en,6.6619,6.12,6973
8175,858017,2024-05-03,I Saw the TV Glow,en,7.7817,6.118,705
8176,643532,2021-09-03,The Card Counter,en,2.1185,6.118,1096
8177,369894,2017-05-19,Wakefield,en,1.3376,6.118,452
8178,295830,2015-08-01,Attack on Titan,ja,5.5714,6.122,837
8179,232572,2015-09-02,A Walk in the Woods,en,1.4863,6.1,775
8180,177221,2012-10-13,The Battery,en,1.1355,6.118,305
8181,12639,1966-10-19,Return of the Seven,en,1.6028,6.1,309
8182,301875,2015-07-15,Equals,en,2.1364,6.117,1449
8183,121936,2012-06-27,Happiness Never Comes Alone,fr,1.045,6.117,440
8184,35056,2010-04-08,Date Night,en,4.1568,6.117,3077
8185,18615,2006-08-30,Fur: An Imaginary Portrait of Diane Arbus,en,1.5603,6.1,304
8186,10208,1999-07-14,Muppets from Space,en,2.1808,6.117,367
8187,10068,1986-02-09,Nine 1/2 Weeks,en,6.1249,6.117,1134
8188,7520,1988-07-29,Cocktail,en,3.1095,6.117,1633
8189,713364,2025-05-02,Clown in a Cornfield,en,4.8912,6.114,569
8190,654905,2020-11-27,The Beast,it,0.723,6.116,302
8191,516850,2018-07-12,The Mermaid: Lake of the Dead,ru,1.1619,6.116,349
8192,22172,1987-02-22,Street Trash,en,1.5301,6.1,332
8193,14240,1988-05-13,Maniac Cop,en,2.3149,6.112,535
8194,10003,1997-04-03,The Saint,en,2.8248,6.116,1255
8195,1636,2000-10-19,Bedazzled,en,3.7931,6.116,2127
8196,1033148,2025-10-06,Die My Love,en,7.7987,6.125,559
8197,278154,2016-06-23,Ice Age: Collision Course,en,17.6901,6.115,4889
8198,37652,1997-01-29,Didier,fr,1.2269,6.115,652
8199,6068,1998-06-12,Six Days Seven Nights,en,4.4628,6.115,1628
8200,12583,2004-07-10,Ginger Snaps Back: The Beginning,en,1.197,6.114,308
8201,9397,2001-06-08,Evolution,en,5.2976,6.115,2501
8202,578908,2021-03-25,Bad Trip,en,2.0618,6.113,591
8203,507143,2018-04-27,Candy Jar,en,1.9308,6.113,486
8204,333381,2015-05-31,Return to Sender,en,3.867,6.1,1274
8205,10720,2003-05-08,Down with Love,en,1.6484,6.1,789
8206,1266798,2025-10-15,Dog 51,fr,4.6837,6.1,312
8207,1140535,2025-01-17,Presence,en,4.0174,6.112,753
8208,283378,2016-11-10,Fallen,en,3.4198,6.112,1674
8209,37861,2009-09-04,Valhalla Rising,en,2.0095,6.112,1337
8210,291356,2016-10-21,In a Valley of Violence,en,1.6778,6.111,637
8211,254904,2014-08-27,The November Man,en,4.1207,6.109,1609
8212,192132,2014-05-09,Palo Alto,en,2.2373,6.111,917
8213,111190,2013-04-03,Adoration,en,8.0698,6.111,1039
8214,77944,2011-10-27,The Worst Week of My Life,it,0.387,6.111,453
8215,12589,2001-12-14,Jimmy Neutron: Boy Genius,en,2.6482,6.111,1009
8216,606876,2020-10-01,Rifkin's Festival,en,1.8239,6.1,469
8217,12412,2008-09-15,Miracle at St. Anna,en,1.7196,6.11,394
8218,7288,2003-09-26,Duplex,en,2.4318,6.11,1810
8219,991708,2023-09-07,El Conde,es,1.7529,6.11,353
8220,13927,1988-08-01,Tin Toy,en,1.3755,6.1,494
8221,11024,2004-03-24,Scooby-Doo 2: Monsters Unleashed,en,3.3546,6.107,2932
8222,6520,1995-07-07,First Knight,en,4.393,6.109,1343
8223,4806,1999-07-30,Runaway Bride,en,4.3781,6.107,2175
8224,1248226,2025-11-04,Playdate,en,10.9146,6.108,612
8225,496743,2019-02-01,Aniara,sv,3.5809,6.108,434
8226,315837,2017-03-29,Ghost in the Shell,en,6.7318,6.1,8596
8227,72358,2012-03-07,A Thousand Words,en,3.257,6.105,1406
8228,14636,2007-04-27,The Condemned,en,3.0172,6.108,879
8229,9637,2002-06-14,Scooby-Doo,en,6.5331,6.108,4800
8230,10606,1984-10-05,The Philadelphia Experiment,en,2.4835,6.107,447
8231,4967,2000-04-14,Keeping the Faith,en,1.5757,6.107,669
8232,1043905,2024-12-11,Dirty Angels,en,4.9108,6.1,382
8233,64807,2013-12-25,Grudge Match,en,2.479,6.106,1372
8234,9642,2006-04-12,Asterix and the Vikings,fr,2.0826,6.106,762
8235,319341,2015-02-04,Daddy or Mommy,fr,0.5696,6.1,1074
8236,182127,2013-03-22,Ip Man: The Final Fight,cn,0.4137,6.1,419
8237,660982,2020-10-06,American Pie Presents: Girls' Rules,en,5.4017,6.1,719
8238,641501,2020-11-19,How I Became a Superhero,fr,1.4454,6.104,558
8239,613080,2019-12-12,Once Upon a Time in Bethlehem,it,0.4085,6.104,517
8240,593402,2020-01-01,Tolo Tolo,it,0.9125,6.104,1310
8241,192102,2014-02-14,3 Days to Kill,en,3.6551,6.104,2333
8242,60304,2013-01-17,Hansel & Gretel: Witch Hunters,en,6.6063,6.105,7127
8243,11979,2002-02-10,Queen of the Damned,en,4.0117,6.105,1183
8244,10351,1997-09-19,Wishmaster,en,2.8397,6.1,708
8245,81393,2011-12-11,12 Dates of Christmas,en,1.1131,6.103,311
8246,576156,2020-05-22,The Lovebirds,en,1.5677,6.102,733
8247,228165,2015-01-28,The SpongeBob Movie: Sponge Out of Water,en,6.8139,6.1,2540
8248,173897,2016-12-23,Resident Evil: The Final Chapter,en,0.2871,6.102,3489
8249,81774,1986-11-04,Exploits of a Young Don Juan,fr,8.6286,6.102,322
8250,62213,2012-05-09,Dark Shadows,en,6.0419,6.102,7631
8251,27621,2008-08-22,The Cheetah Girls: One World,en,1.0075,6.102,343
8252,15577,2009-02-10,Crossing Over,en,2.403,6.102,410
8253,13570,1979-03-14,Tourist Trap,en,1.118,6.09,340
8254,10442,1993-07-30,So I Married an Axe Murderer,en,1.2353,6.1,480
8255,2269,2006-01-01,Day Watch,ru,1.9905,6.102,606
8256,20,2003-03-07,My Life Without Me,en,1.5906,6.102,505
8257,44040,2010-09-16,Devil,en,3.7205,6.101,3122
8258,43209,2010-05-05,Ong Bak 3,th,2.5051,6.101,508
8259,13757,1948-05-27,Melody Time,en,1.5702,6.101,346
8260,12122,1995-04-28,Village of the Damned,en,1.9133,6.101,921
8261,1010928,2023-11-01,Wingwomen,fr,2.3061,6.1,512
8262,590995,2020-10-28,The Craft: Legacy,en,3.7496,6.1,905
8263,539181,2020-07-03,Relic,en,1.3262,6.1,834
8264,84348,2012-07-28,V/H/S,en,2.9038,6.099,1724
8265,80271,2012-02-10,LOL,en,1.9474,6.1,2747
8266,76544,2013-07-04,Man of Tai Chi,en,2.2462,6.1,996
8267,60672,2004-02-18,Crimson Rivers II: Angels of the Apocalypse,fr,1.7122,6.1,778
8268,43930,2010-08-08,"Tomorrow, When the War Began",en,3.1687,6.1,552
8269,16084,1976-12-17,Freaky Friday,en,1.3805,6.11,310
8270,9946,1999-11-24,End of Days,en,5.1521,6.101,2069
8271,9293,2006-07-27,John Tucker Must Die,en,3.0183,6.1,1481
8272,473149,2018-04-20,Traffik,en,1.9051,6.099,480
8273,442062,2018-10-11,Goosebumps 2: Haunted Halloween,en,4.085,6.099,1631
8274,425505,2018-08-29,Kin,en,2.5381,6.099,886
8275,339792,2016-08-19,David Brent: Life on the Road,en,1.228,6.099,397
8276,262504,2016-03-09,Allegiant,en,5.2252,6.099,6994
8277,53459,2010-09-07,F,en,0.8423,6.092,320
8278,11052,2004-08-13,Yu-Gi-Oh! The Movie,en,1.4251,6.099,379
8279,8873,1993-12-10,Wayne's World 2,en,1.7857,6.097,1170
8280,207932,2016-10-13,Inferno,en,5.8918,6.098,6677
8281,40342,1986-10-09,Demons 2,it,1.2656,6.101,317
8282,11428,1992-04-10,Sleepwalkers,en,3.3663,6.1,620
8283,9066,1995-02-16,The Brady Bunch Movie,en,1.8561,6.098,317
8284,474764,2020-01-16,The Lodge,en,3.3355,6.097,1423
8285,93837,2012-12-06,So Undercover,en,1.4224,6.097,1158
8286,15657,2005-06-13,Tarzan II,en,4.4336,6.097,1243
8287,507441,2020-03-06,Sea Fever,en,1.8331,6.096,627
8288,487680,2019-08-08,The Kitchen,en,2.7217,6.1,732
8289,404733,2017-06-16,Overdrive,en,2.3817,6.096,1014
8290,242022,2014-08-06,The Inbetweeners 2,en,1.279,6.096,538
8291,79433,2011-09-27,Ronal the Barbarian,da,1.7688,6.1,319
8292,51588,2011-04-29,Prom,en,1.9605,6.1,472
8293,18519,1997-08-06,Free Willy 3: The Rescue,en,1.4584,6.096,381
8294,10945,1986-10-09,Jumpin' Jack Flash,en,1.8477,6.096,390
8295,8818,1996-12-14,Evita,en,2.2832,6.1,516
8296,261392,2015-08-19,American Ultra,en,3.4507,6.095,2973
8297,114750,2014-10-17,Dear White People,en,1.325,6.095,481
8298,24099,1984-08-15,Dreamscape,en,1.6166,6.095,317
8299,421658,2018-09-07,Final Score,en,2.7772,6.094,572
8300,152748,2013-07-03,Ain't Them Bodies Saints,en,1.3618,6.094,462
8301,33909,2010-09-20,Wall Street: Money Never Sleeps,en,2.6907,6.094,1706
8302,13252,2007-09-11,Cleaner,en,3.3793,6.1,932
8303,296100,2015-11-20,The Night Before,en,2.3946,6.093,1840
8304,283726,2014-10-11,The New Girlfriend,fr,1.2985,6.1,317
8305,278774,2014-06-27,Zapped,en,1.8532,6.093,643
8306,76640,2013-01-12,The Last Stand,en,4.0461,6.093,2999
8307,18890,1993-11-24,We're Back! A Dinosaur's Story,en,2.731,6.093,448
8308,9546,1991-10-04,Ricochet,en,1.5917,6.093,372
8309,3563,2007-07-12,I Now Pronounce You Chuck & Larry,en,3.6336,6.093,2544
8310,1249,2006-08-31,Hollywoodland,en,1.7644,6.093,450
8311,928381,2022-02-25,Restless,fr,1.912,6.092,418
8312,611213,2020-12-02,The Prom,en,2.1576,6.1,714
8313,427900,2017-09-07,Home Again,en,2.2893,6.092,1242
8314,84204,2012-08-10,Grabbers,en,1.5665,6.092,519
8315,10128,1988-10-07,Alien Nation,en,1.6814,6.092,338
8316,88751,2008-07-10,Journey to the Center of the Earth,en,7.1707,6.1,5173
8317,6466,2003-08-15,Freddy vs. Jason,en,5.273,6.091,2848
8318,534,2009-05-20,Terminator Salvation,en,6.5453,6.1,7069
8319,262841,2016-12-21,Monster Trucks,en,3.2741,6.09,929
8320,119283,2013-01-23,Parker,en,4.6402,6.09,3288
8321,50204,2010-10-29,Burke & Hare,en,2.2299,6.09,517
8322,9268,1996-06-21,Eraser,en,7.4156,6.091,2049
8323,201086,2014-02-14,Cuban Fury,en,2.07,6.089,344
8324,901385,2022-10-06,Significant Other,en,1.774,6.088,407
8325,843794,2023-01-12,JUNG_E,ko,1.5707,6.088,680
8326,740460,2022-02-09,The Wannabes,fr,0.5206,6.088,335
8327,38073,2010-08-27,Going the Distance,en,1.9612,6.088,783
8328,14043,2007-06-15,Nancy Drew,en,2.0254,6.088,550
8329,2665,1982-12-10,Airplane II: The Sequel,en,3.2975,6.084,1271
8330,331313,2016-10-20,Keeping Up with the Joneses,en,3.9525,6.087,2158
8331,280002,2014-08-25,The Remaining,en,4.1644,6.087,498
8332,1698,2000-02-03,Anatomy,de,0.9946,6.075,322
8333,575417,2020-10-02,On the Rocks,en,1.6175,6.086,798
8334,395814,2017-09-08,Rememory,en,1.4675,6.086,474
8335,327833,2014-11-07,Skin Trade,en,2.6079,6.086,304
8336,244610,2013-12-12,The Den,en,1.8372,6.083,386
8337,158990,2013-12-18,Wrong Cops,en,1.3228,6.086,330
8338,29425,1973-03-16,The Crazies,en,1.2765,6.084,413
8339,10157,1985-03-28,Police Academy 2: Their First Assignment,en,3.0002,6.086,1733
8340,2268,2007-12-04,The Golden Compass,en,5.2722,6.086,4850
8341,284296,2014-12-12,Top Five,en,2.5379,6.085,496
8342,133790,2013-08-10,Clear History,en,1.4248,6.085,357
8343,15092,2009-04-16,Crank: High Voltage,en,5.0276,6.085,3173
8344,1956,2002-09-20,Gerry,en,1.8221,6.085,353
8345,514593,2020-06-18,You Should Have Left,en,3.4511,6.084,989
8346,399796,2018-05-10,Life of the Party,en,2.6189,6.084,1055
8347,157834,2013-09-20,The Zero Theorem,en,2.5771,6.084,1342
8348,13973,2008-09-26,Choke,en,1.1245,6.084,440
8349,739990,2021-09-15,Nightbooks,en,1.746,6.083,423
8350,426543,2018-10-26,The Nutcracker and the Four Realms,en,4.6843,6.083,2250
8351,4961,1997-08-22,Mimic,en,3.4276,6.083,1255
8352,1613,2001-12-07,The 51st State,en,2.1223,6.083,679
8353,451955,2017-05-26,Double Lover,fr,1.9325,6.082,575
8354,339846,2017-05-25,Baywatch,en,9.9776,6.082,8515
8355,8866,1996-04-26,The Truth About Cats & Dogs,en,1.4998,6.082,343
8356,820912,2022-07-01,Persuasion,en,1.6839,6.081,663
8357,428045,2019-08-16,Iron Mask,ru,5.4689,6.1,552
8358,492355,2018-03-29,Just Believe,it,0.4144,6.1,355
8359,437670,2017-10-26,Suck Me Shakespeer 3,de,1.2698,6.08,497
8360,370978,2016-04-01,Kiki: Love to Love,es,0.9797,6.08,383
8361,15213,2006-08-04,Everyone's Hero,en,2.1499,6.1,345
8362,10137,1999-12-17,Stuart Little,en,6.4398,6.08,4675
8363,593395,2021-12-16,Diabolik,it,2.0227,6.079,625
8364,381518,2016-10-09,Mindhorn,en,1.0664,6.079,318
8365,70577,2011-10-25,Faces in the Crowd,en,1.5669,6.079,526
8366,60803,2011-03-25,The Suite Life Movie,en,1.0748,6.079,534
8367,39210,2010-09-03,Somewhere,en,1.3991,6.079,812
8368,548473,2020-01-24,Color Out of Space,en,2.7369,6.077,1692
8369,8850,1994-07-01,The Shadow,en,3.7405,6.078,569
8370,780609,2022-05-20,Men,en,4.0388,6.076,1357
8371,545237,2020-05-08,The Nest,en,2.1299,6.077,382
8372,11099,2004-10-15,The Final Cut,en,2.1244,6.077,771
8373,4283,2007-01-12,Primeval,en,3.0645,6.077,455
8374,295151,2019-11-08,Let It Snow,en,2.1268,6.076,1214
8375,13975,2009-04-15,In the Electric Mist,en,1.8342,6.076,466
8376,4482,1995-01-18,French Twist,fr,2.2317,6.076,328
8377,934632,2024-04-19,Rebel Moon - Part Two: The Scargiver,en,4.4299,6.075,1500
8378,406761,2018-06-07,Hotel Artemis,en,2.1845,6.075,1683
8379,383709,2017-10-13,Wonderstruck,en,1.259,6.075,429
8380,10424,1992-11-06,Jennifer Eight,en,1.9742,6.075,401
8381,524247,2019-05-03,The Intruder,en,3.5918,6.074,624
8382,340102,2020-04-02,The New Mutants,en,4.6501,6.074,3728
8383,254194,2014-07-29,Starry Eyes,en,1.8098,6.074,508
8384,157353,2014-04-16,Transcendence,en,4.0654,6.074,5824
8385,41215,2010-06-07,Black Death,en,2.1248,6.074,971
8386,10022,2005-03-04,The Pacifier,en,5.6324,6.074,3274
8387,9085,1989-11-17,Harlem Nights,en,3.1908,6.074,353
8388,141052,2017-11-15,Justice League,en,11.1934,6.073,13701
8389,106021,2012-08-23,Erased,en,2.9553,6.073,795
8390,20106,2003-06-04,Mais qui a tué Pamela Rose ?,fr,0.4814,6.1,350
8391,10480,2000-08-30,Nurse Betty,en,2.3182,6.1,430
8392,13997,1996-02-02,Black Sheep,en,2.9496,6.072,461
8393,10170,1990-12-21,The Russia House,en,1.89,6.072,332
8394,12110,1995-12-22,Dracula: Dead and Loving It,en,2.6246,6.071,1113
8395,10396,1988-12-02,Tequila Sunrise,en,2.4886,6.071,576
8396,1161108,2024-05-14,The Second Act,fr,0.7432,6.07,301
8397,31203,2009-09-30,Little Nicholas,fr,1.2088,6.07,1169
8398,7501,2001-11-30,Knockaround Guys,en,1.543,6.07,394
8399,2212,1997-01-31,Nightwatch,en,3.9286,6.07,429
8400,814889,2024-09-18,Never Let Go,en,4.15,6.069,613
8401,13937,1992-08-07,Raising Cain,en,1.7678,6.069,394
8402,12088,1992-12-18,Fortress,en,3.062,6.069,734
8403,8324,2006-11-17,Fast Food Nation,en,1.5945,6.068,398
8404,2791,2004-06-15,The Chronicles of Riddick: Dark Fury,en,0.4749,6.068,348
8405,843617,2024-02-13,Players,en,2.0194,6.067,321
8406,664469,2022-09-27,Amsterdam,en,3.6289,6.068,1837
8407,116811,2012-08-30,Berberian Sound Studio,en,1.0989,6.067,396
8408,10478,1996-08-16,Tin Cup,en,2.3227,6.067,589
8409,9644,1993-02-04,National Lampoon's Loaded Weapon 1,en,1.8297,6.067,811
8410,9279,1996-11-21,Jingle All the Way,en,4.2176,6.067,2953
8411,9208,1996-02-09,Broken Arrow,en,4.3646,6.067,1681
8412,30974,2009-06-24,High Lane,fr,0.808,6.066,441
8413,9910,2005-10-07,Two for the Money,en,1.7201,6.066,724
8414,979924,2022-10-31,On the Line,en,2.2306,6.065,586
8415,574861,2019-04-03,No Filter,fr,0.6213,6.065,309
8416,13700,2004-04-02,Home on the Range,en,4.9846,6.065,2171
8417,10544,2003-03-22,Ned Kelly,en,2.2775,6.065,397
8418,1010756,2025-09-25,The Strangers: Chapter 2,en,6.1582,6.064,345
8419,785985,2022-05-06,The Takedown,fr,1.2389,6.064,516
8420,344041,2016-02-26,Standoff,en,1.7795,6.064,343
8421,296360,2016-05-26,Love & Friendship,en,1.8714,6.064,595
8422,216282,2014-08-06,Into the Storm,en,4.5393,6.064,2181
8423,59457,2010-07-15,Womb,en,3.9364,6.064,406
8424,49953,2010-08-04,A Turtle's Tale: Sammy's Adventures,en,5.4785,6.064,692
8425,9455,1999-03-12,The Corruptor,en,2.3373,6.064,312
8426,787298,2021-02-11,Squared Love,pl,0.6717,6.1,333
8427,170354,2013-02-09,The Unlikely Prince,it,0.3698,6.1,664
8428,152760,2014-01-24,The Monuments Men,en,2.478,6.063,3825
8429,33518,1980-11-14,Alligator,en,3.7561,6.066,387
8430,15189,2009-01-16,Hotel for Dogs,en,2.6248,6.063,914
8431,10724,1982-06-18,Firefox,en,1.8508,6.063,622
8432,5852,2001-05-18,Angel Eyes,en,3.1374,6.063,483
8433,809787,2023-04-13,Mafia Mamma,en,2.0325,6.062,316
8434,667216,2023-01-27,Infinity Pool,en,4.2839,6.062,1052
8435,652004,2020-10-23,The Wolf of Snow Hollow,en,1.4914,6.058,517
8436,457262,2017-10-03,Rip Tide,en,0.9693,6.062,461
8437,36670,1983-10-07,Never Say Never Again,en,4.3335,6.064,1626
8438,8130,1985-03-29,Desperately Seeking Susan,en,2.2278,6.062,507
8439,299054,2023-09-15,Expend4bles,en,9.0522,6.059,1902
8440,278924,2016-08-25,Mechanic: Resurrection,en,6.3844,6.061,3673
8441,24913,1986-03-27,April Fool's Day,en,1.348,6.061,388
8442,9298,2002-03-21,Ali G Indahouse,en,3.1831,6.062,1505
8443,16342,2008-12-05,The Children,en,1.4044,6.06,417
8444,6917,1987-04-21,The Gate,en,2.0936,6.06,418
8445,704239,2024-08-15,The Union,en,4.1324,6.059,1170
8446,308531,2016-05-30,Teenage Mutant Ninja Turtles: Out of the Shadows,en,6.3711,6.1,3815
8447,11015,1997-01-10,The Relic,en,2.8192,6.055,610
8448,9415,1997-04-18,Murder at 1600,en,2.4473,6.1,588
8449,5820,2006-04-19,The Sentinel,en,3.3074,6.058,908
8450,840882,2022-03-03,The Weekend Away,en,1.9312,6.057,813
8451,567970,2020-01-28,Lost Girls,en,1.8381,6.057,761
8452,458305,2019-09-07,Vivarium,en,6.4021,6.059,2576
8453,65599,2011-10-14,The Woman,en,2.3041,6.059,596
8454,417643,2018-05-25,In Darkness,en,1.7224,6.052,519
8455,335988,2017-06-16,Transformers: The Last Knight,en,9.8587,6.057,6750
8456,290999,2014-09-19,Wyrmwood: Road of the Dead,en,1.5174,6.056,515
8457,48340,2011-02-03,Sanctum,en,2.2825,6.056,1170
8458,21301,2004-01-20,Barbershop 2: Back in Business,en,1.515,6.05,322
8459,10516,1979-01-31,The Gendarme and the Creatures from Outer Space,fr,1.3422,6.056,672
8460,7511,2006-09-10,The Last Kiss,en,2.0523,6.056,403
8461,849,1983-07-29,Krull,en,4.8065,6.056,619
8462,46503,2010-12-03,All Good Things,en,2.4275,6.1,1001
8463,451184,2020-01-29,Wasp Network,en,2.1611,6.054,410
8464,434203,2017-11-03,Newness,en,6.0317,6.054,627
8465,10663,1998-11-06,The Waterboy,en,3.7746,6.1,2037
8466,1901,2004-12-29,In Good Company,en,1.7432,6.054,690
8467,1290417,2026-04-10,Thrash,en,22.1278,6.059,660
8468,143049,2014-02-14,Adult World,en,1.83,6.053,389
8469,56339,2011-01-21,Whatsoeverly,it,0.4706,6.053,545
8470,1252,2006-04-30,Lonely Hearts,en,2.4161,6.053,378
8471,183,1989-12-15,The Wizard,en,2.8981,6.1,349
8472,508138,2019-08-23,Burn,en,4.344,6.052,356
8473,205588,2016-05-05,Our Kind of Traitor,en,1.6339,6.052,618
8474,133805,2013-10-16,Carrie,en,3.9701,6.052,4742
8475,35791,2010-09-01,Resident Evil: Afterlife,en,0.2921,6.053,4215
8476,426238,2017-08-25,Beach Rats,en,2.1399,6.051,587
8477,605804,2019-12-15,The Wretched,en,1.5676,6.05,689
8478,188161,2014-05-22,A Million Ways to Die in the West,en,4.072,6.051,4428
8479,13203,1993-07-02,Son in Law,en,2.3925,6.05,303
8480,11675,1998-08-05,Halloween H20: 20 Years Later,en,3.7466,6.049,1804
8481,347984,2017-07-09,6 Days,en,2.0883,6.049,768
8482,146229,2014-08-07,Kristy,en,1.3984,6.053,454
8483,74944,2011-09-14,War of the Buttons,fr,0.6272,6.049,436
8484,37958,2011-11-10,Immortals,en,4.5869,6.049,2822
8485,23827,2007-09-14,Paranormal Activity,en,4.5921,6.049,5461
8486,2539,2004-12-17,Spanglish,en,2.6375,6.0,1396
8487,415132,2016-11-23,Ares,fr,1.4269,6.048,352
8488,25769,2009-09-04,Carriers,en,3.8637,6.047,1501
8489,23048,2010-03-26,Hot Tub Time Machine,en,2.9741,6.047,2759
8490,14628,1989-03-17,Fletch Lives,en,2.1524,6.047,338
8491,10186,2008-08-20,The Rocker,en,2.0744,6.047,634
8492,6935,2001-04-04,Yamakasi,fr,1.8972,6.047,602
8493,5559,2007-10-28,Bee Movie,en,7.8513,6.046,5304
8494,831946,2022-05-26,Interceptor,en,2.5363,6.046,842
8495,508018,2018-03-10,The Warning,es,1.2948,6.046,389
8496,37786,2010-05-26,Sex and the City 2,en,4.9741,6.0,1733
8497,13683,2002-06-24,Tarzan & Jane,en,4.7342,6.046,684
8498,6623,1997-09-26,The Peacemaker,en,4.1008,6.046,1132
8499,894169,2022-05-17,Vendetta,en,3.174,6.045,343
8500,671043,2021-09-15,Spoiled Brats,fr,2.0161,6.0,605
8501,457955,2018-03-07,The Night Eats the World,fr,2.3941,6.0,807
8502,419511,2017-01-01,Mister Happiness,it,0.3234,6.045,346
8503,253235,2014-07-10,And So It Goes,en,1.6775,6.045,486
8504,32293,2003-08-15,The Cheetah Girls,en,1.3252,6.045,493
8505,23488,2009-09-09,Dorian Gray,en,2.9894,6.045,2243
8506,13243,2007-09-07,Meet Bill,en,2.5155,6.045,358
8507,11317,1994-02-11,My Girl 2,en,2.3066,6.0,539
8508,9989,2001-01-11,Antitrust,en,1.514,6.045,574
8509,9493,1988-12-09,Twins,en,4.2724,6.045,2526
8510,579,1978-06-16,Jaws 2,en,7.7972,6.044,2130
8511,316023,2016-07-07,Mike and Dave Need Wedding Dates,en,2.4872,6.044,2624
8512,183836,2013-04-17,The Brats,fr,0.6648,6.044,553
8513,48572,2011-08-19,Red State,en,2.1279,6.044,1046
8514,9893,2004-07-09,Sleepover,en,2.7307,6.05,532
8515,6217,1982-04-02,Cat People,en,3.5018,6.042,567
8516,1642,1995-07-28,The Net,en,4.45,6.044,1531
8517,1051896,2024-04-12,Arcadian,en,5.9922,6.043,879
8518,598133,2020-07-01,The F**k-It List,en,1.9231,6.0,509
8519,309242,2015-07-04,Mississippi Grind,en,1.6639,6.041,576
8520,109491,2013-02-13,Beautiful Creatures,en,2.7911,6.043,2949
8521,103620,2012-12-26,Maniac,en,1.7951,6.038,1032
8522,10555,2004-09-20,Shark Tale,en,10.3878,6.044,6730
8523,345922,2017-02-16,Fist Fight,en,3.2085,6.042,1318
8524,342521,2016-04-29,Keanu,en,2.0006,6.042,1143
8525,300681,2018-10-25,Replicas,en,3.2028,6.0,1488
8526,4858,2007-08-17,The Invasion,en,3.8644,6.039,1713
8527,1969,2006-01-18,Bandidas,en,2.2992,6.042,1176
8528,800497,2021-06-25,Werewolves Within,en,1.9795,6.041,638
8529,718400,2020-08-21,The Vanished,en,2.0836,6.041,362
8530,440918,2019-04-12,Teen Spirit,en,2.4824,6.041,357
8531,37770,1990-12-21,Fantozzi to the Rescue,it,0.2769,6.041,362
8532,475928,2018-08-31,School's Out,fr,0.6358,6.04,300
8533,429415,2018-07-15,Extinction,en,2.3067,6.04,2000
8534,77805,2013-08-08,Lovelace,en,3.4635,6.038,759
8535,14400,2008-12-17,The Heir Apparent: Largo Winch,fr,2.2615,6.04,591
8536,12590,2002-08-11,Below,en,1.7572,6.04,518
8537,10433,1993-03-05,Mad Dog and Glory,en,1.8547,6.0,403
8538,9948,2006-11-09,The Fox and the Hound 2,en,2.9986,6.04,712
8539,675531,2023-10-11,Dark Harvest,en,2.0409,6.0,309
8540,549514,2020-12-18,Fatale,en,2.319,6.0,389
8541,490445,2018-04-18,Dumped,fr,0.5426,6.039,381
8542,318922,2015-11-06,Kill Your Friends,en,1.2908,6.0,335
8543,13168,2007-11-16,Smiley Face,en,2.8062,6.039,332
8544,10740,2004-10-29,Birth,en,3.075,6.0,764
8545,10353,1998-02-11,The Visitors II: The Corridors of Time,fr,1.6654,6.039,1071
8546,486070,2018-01-11,Blessed Madness,it,0.412,6.038,396
8547,258509,2015-12-17,Alvin and the Chipmunks: The Road Chip,en,4.5766,6.0,1766
8548,77883,2012-08-30,The Possession,en,2.7715,6.038,1713
8549,9449,1997-12-05,The Borrowers,en,2.8242,6.038,523
8550,398920,2017-01-18,He Even Has Your Eyes,fr,0.6185,6.0,521
8551,52587,2010-10-28,We Are the Night,de,1.0143,6.037,315
8552,32985,2009-12-23,Solomon Kane,en,4.3707,6.037,1535
8553,15516,1972-08-30,The Last House on the Left,en,3.0869,6.0,787
8554,86597,2012-03-19,The Tall Man,en,1.8675,6.036,1237
8555,9416,1997-08-22,Money Talks,en,2.7695,6.036,430
8556,8284,2009-05-01,The Limits of Control,en,1.2316,6.0,316
8557,363126,2017-04-20,Berlin Syndrome,en,1.5944,6.035,698
8558,58013,2010-12-17,The Santa Claus Gang,it,0.4187,6.035,1092
8559,5549,1990-06-22,RoboCop 2,en,4.3663,6.035,2140
8560,64635,2012-08-02,Total Recall,en,6.7845,6.034,5891
8561,9091,1995-10-27,Sudden Death,en,2.1111,6.034,812
8562,292040,2015-04-11,Spooks: The Greater Good,en,2.6901,6.033,637
8563,13490,2008-02-08,Welcome Home Roscoe Jenkins,en,3.468,6.033,315
8564,2067,2000-03-10,Mission to Mars,en,3.2517,6.033,1598
8565,519106,2018-10-06,The Trouble with You,fr,0.8226,6.032,472
8566,11452,2002-03-29,National Lampoon's Van Wilder,en,3.798,6.032,1959
8567,10066,2005-05-05,House of Wax,en,6.2853,6.032,3364
8568,5966,2004-01-16,Along Came Polly,en,3.5284,6.032,3035
8569,311324,2016-12-16,The Great Wall,en,7.3726,6.031,5561
8570,9745,1998-11-15,Jack Frost,en,2.3217,6.031,1227
8571,2370,1969-12-17,Topaz,en,2.1524,6.031,419
8572,82,2006-07-27,Miami Vice,en,4.2596,6.031,1982
8573,829051,2023-05-25,About My Father,en,2.4597,6.03,423
8574,41505,2010-03-27,6 Souls,en,2.0547,6.0,771
8575,701175,2020-09-16,The Paramedic,es,2.6047,6.029,695
8576,611605,2019-07-18,1BR,en,1.4212,6.029,532
8577,461928,2018-11-30,Anna and the Apocalypse,en,1.666,6.029,441
8578,284536,2014-12-25,The Gambler,en,4.1558,6.032,1574
8579,10547,1996-05-31,The Arrival,en,4.7012,6.029,843
8580,735697,2022-06-15,Incredible But True,fr,0.7969,6.028,435
8581,328595,2015-03-01,Parallels,en,0.5491,6.0,390
8582,209355,2013-11-06,The French Minister,fr,0.7154,6.0,302
8583,76285,2013-08-07,Percy Jackson: Sea of Monsters,en,3.5616,6.0,5382
8584,64689,2012-07-30,Killing Them Softly,en,2.3512,6.029,2421
8585,121824,2012-12-14,Stand Up Guys,en,1.9649,6.027,1015
8586,10538,1992-11-06,Passenger 57,en,3.4945,6.026,1129
8587,8884,2008-10-16,Franklyn,en,1.416,6.027,389
8588,378018,2016-09-22,The Void,en,3.0342,6.026,1431
8589,293767,2016-11-10,Billy Lynn's Long Halftime Walk,en,2.7596,6.026,636
8590,289727,2014-06-15,The Rewrite,en,1.9666,6.026,637
8591,10411,1992-12-04,The Distinguished Gentleman,en,1.5628,6.026,330
8592,217,2008-05-21,Indiana Jones and the Kingdom of the Crystal Skull,en,13.4252,6.026,9050
8593,635891,2022-09-04,Clerks III,en,1.6283,6.0,318
8594,616820,2022-10-12,Halloween Ends,en,4.1604,6.025,2033
8595,588001,2019-03-16,Despite Everything,es,0.7961,6.0,434
8596,517909,2019-09-27,The Laundromat,en,3.3295,6.025,1304
8597,168138,2013-03-27,The Last Days,es,0.9678,6.025,380
8598,10093,2006-11-10,The Return,en,1.2303,6.025,655
8599,343611,2016-10-19,Jack Reacher: Never Go Back,en,6.828,6.024,5368
8600,872709,2022-11-30,Smoking Causes Coughing,fr,0.7085,6.023,409
8601,542224,2020-01-30,Gretel & Hansel,en,3.1642,6.022,1578
8602,366514,2016-05-04,Up for Love,fr,1.3917,6.023,875
8603,269795,2017-06-29,2:22,en,3.3284,6.0,1554
8604,242095,2014-03-15,The Signal,en,3.5009,6.023,1856
8605,818,2002-07-26,Austin Powers in Goldmember,en,8.7984,6.023,3450
8606,595148,2020-07-01,Irresistible,en,2.1884,6.024,501
8607,335866,2015-05-28,Circle,en,2.3173,6.022,2138
8608,479,2000-06-15,Shaft,en,3.7395,6.022,1462
8609,522016,2022-01-05,The 355,en,4.0973,6.021,1149
8610,308453,2016-01-22,The Bronze,en,1.7922,6.02,397
8611,257091,2015-03-26,Get Hard,en,3.9323,6.02,2920
8612,13654,2003-03-02,101 Dalmatians II: Patch's London Adventure,en,2.9113,6.02,1247
8613,11777,1994-12-24,I.Q.,en,2.2476,6.02,496
8614,8831,1994-09-15,Timecop,en,2.9514,6.02,1326
8615,228968,2015-03-12,Kidnapping Mr. Heineken,en,1.3239,6.019,667
8616,25239,1978-11-02,Day of the Woman,en,3.9546,6.019,719
8617,11834,1977-03-28,Jabberwocky,en,1.079,6.019,320
8618,869612,2023-05-19,Master Gardener,en,1.3114,6.018,341
8619,819876,2022-05-25,Crimes of the Future,en,2.4908,6.018,1282
8620,431075,2019-01-10,Polaroid,en,1.7821,6.018,1139
8621,382598,2016-11-11,Full Speed,fr,1.5268,6.0,673
8622,11915,1982-10-03,The Gendarme and the Gendarmettes,fr,1.1901,6.018,596
8623,527261,2019-05-16,The Silence,en,3.3727,6.017,1698
8624,286521,2014-05-10,5 Flights Up,en,1.3379,6.017,331
8625,6472,1994-03-11,Guarding Tess,en,1.9172,6.017,351
8626,274854,2015-10-21,The Last Witch Hunter,en,6.1038,6.016,3865
8627,17336,2009-04-24,Fighting,en,2.4479,6.016,770
8628,911129,2022-09-09,No Limit,fr,2.0678,6.015,300
8629,670428,2020-09-11,PG: Psycho Goreman,en,4.8444,6.0,440
8630,162903,2013-10-11,The Fifth Estate,en,2.072,6.015,1086
8631,9997,2007-11-15,Gabriel,en,1.4974,6.015,426
8632,9417,1998-07-23,Wrongfully Accused,en,2.1059,6.007,514
8633,559581,2021-06-24,Stowaway,en,2.0992,6.014,681
8634,290764,2015-01-15,Tracers,en,23.6413,6.014,1119
8635,19384,1990-01-26,Dark Angel,en,3.8148,6.014,365
8636,10900,2008-02-08,Surveillance,en,1.1876,6.0,359
8637,9564,1999-02-03,Asterix and Obelix Take On Caesar,fr,3.4099,6.014,2055
8638,483202,2019-10-18,Eli,en,2.8885,6.013,1518
8639,138697,2013-09-12,Don Jon,en,6.4152,6.013,4596
8640,14871,2008-08-08,Make It Happen,en,1.2818,6.0,305
8641,12834,2009-09-13,Leaves of Grass,en,1.1165,6.0,464
8642,8698,2003-07-11,The League of Extraordinary Gentlemen,en,4.911,6.012,4412
8643,4515,2007-10-22,Lions for Lambs,en,3.0984,6.013,833
8644,13092,2008-10-02,How to Lose Friends & Alienate People,en,2.0592,6.012,842
8645,11638,2005-03-25,Guess Who,en,3.7694,6.012,988
8646,140222,2013-03-22,Love and Honor,en,1.3237,6.0,360
8647,26691,2009-08-12,Neuilly Yo Mama!,fr,0.5603,6.0,948
8648,24795,1994-07-15,Angels in the Outfield,en,2.077,6.0,483
8649,10922,2003-10-29,The Human Stain,en,1.9083,6.003,511
8650,4234,2000-02-04,Scream 3,en,5.8352,6.011,4077
8651,773975,2022-09-09,End of the Road,en,1.4657,6.014,348
8652,11857,2002-01-11,Orange County,en,1.964,6.009,504
8653,19840,2009-07-10,"I Love You, Beth Cooper",en,2.275,6.008,966
8654,10990,1996-04-26,Mulholland Falls,en,3.2481,6.008,327
8655,9458,1998-01-30,Desperate Measures,en,2.6892,6.008,323
8656,1368881,2026-05-21,Ladies First,en,12.3924,6.01,362
8657,565028,2021-08-25,Candyman,en,3.1323,6.006,1770
8658,340487,2016-09-25,Certain Women,en,2.0614,6.007,384
8659,11595,1990-06-08,Another 48 Hrs.,en,2.4762,6.005,1006
8660,864873,2021-10-27,Hypnotic,en,1.7871,6.006,697
8661,427989,2016-12-15,Poorly Rich,it,0.7327,6.006,436
8662,396806,2018-05-03,Anon,en,2.7482,6.006,1740
8663,252512,2015-03-27,While We're Young,en,1.2304,6.006,1201
8664,44363,2010-02-05,Frozen,en,2.656,6.005,2020
8665,934756,2022-09-01,Love in the Villa,en,1.1407,6.005,394
8666,341689,2017-10-06,How to Talk to Girls at Parties,en,1.1771,6.005,430
8667,333348,2015-11-12,Love the Coopers,en,2.1,6.005,867
8668,44977,2013-12-19,Dhoom 3,hi,5.3947,5.995,316
8669,13078,2008-05-09,The Babysitters,en,17.009,6.004,547
8670,11866,2004-12-17,Flight of the Phoenix,en,2.9513,6.0,944
8671,918,1987-03-27,Blind Date,en,2.2035,6.001,543
8672,502292,2019-05-03,The Last Summer,en,2.2457,6.004,1401
8673,413857,2017-10-20,Tragedy Girls,en,2.4053,6.004,356
8674,70821,2011-11-10,Cyberbully,en,0.9475,6.004,475
8675,11678,2000-12-08,Vertical Limit,en,3.5664,6.003,1163
8676,8452,2000-11-17,The 6th Day,en,4.3174,6.005,2285
8677,209112,2016-03-23,Batman v Superman: Dawn of Justice,en,20.0003,6.003,19058
8678,198287,2013-07-06,After the Dark,en,1.4988,6.003,733
8679,460321,2019-02-22,Close,en,2.3602,6.002,716
8680,215211,2014-04-22,Grace of Monaco,en,1.3132,6.0,627
8681,34583,2010-01-28,The Final,en,1.3295,6.002,305
8682,3597,1997-10-17,I Know What You Did Last Summer,en,4.1336,6.002,3282
8683,955531,2023-10-05,Sister Death,es,1.1681,6.001,364
8684,76494,2012-05-17,What to Expect When You're Expecting,en,2.9698,6.001,1860
8685,11133,1986-05-23,Poltergeist II: The Other Side,en,1.6086,6.003,762
8686,9645,2002-10-25,Ghost Ship,en,4.78,6.001,2674
8687,9566,1996-08-15,The Fan,en,2.4457,6.001,871
8688,758879,2021-11-26,A Castle for Christmas,en,1.1373,6.0,358
8689,442249,2018-07-04,The First Purge,en,3.6012,6.0,4245
8690,356842,2016-03-11,The Ones Below,en,1.0123,6.0,376
8691,209249,2014-01-13,The Love Punch,en,1.0902,6.0,467
8692,982843,2025-09-18,The Great Flood,ko,7.8381,5.999,720
8693,338969,2025-08-28,The Toxic Avenger Unrated,en,4.7059,5.998,391
8694,294793,2022-04-08,All the Old Knives,en,1.8596,6.0,636
8695,9756,2006-01-17,Half Light,en,1.4949,5.998,310
8696,59861,2011-06-30,Larry Crowne,en,3.2811,5.997,1429
8697,9266,2002-08-16,Blue Crush,en,3.4142,5.999,574
8698,9021,2002-09-29,The Santa Clause 2,en,2.8766,6.0,1439
8699,7515,2005-09-03,London,en,2.354,6.0,346
8700,1124620,2025-02-10,The Monkey,en,10.5422,5.996,1357
8701,531503,2019-07-12,Point Blank,en,2.3462,5.992,577
8702,459928,2018-11-08,12 Feet Deep,en,1.7572,5.996,334
8703,36669,2002-11-17,Die Another Day,en,6.1348,5.996,3906
8704,9894,1996-06-10,The Cable Guy,en,3.5621,5.996,2693
8705,9296,2002-08-23,S1m0ne,en,2.0842,5.994,1003
8706,346681,2017-03-24,Wilson,en,1.2349,6.0,385
8707,340402,2016-11-11,Almost Christmas,en,1.5186,5.995,395
8708,28468,1983-10-19,The Key,it,16.5216,5.995,444
8709,20329,2008-02-07,Death Note: L Change the WorLd,ja,2.7185,5.995,304
8710,2575,2001-02-11,The Tailor of Panama,en,6.1384,5.995,542
8711,804150,2023-02-22,Cocaine Bear,en,4.9705,5.996,2452
8712,12500,1985-08-30,American Ninja,en,1.8686,5.99,488
8713,11306,1996-09-27,Extreme Measures,en,3.1802,5.994,354
8714,11062,1996-02-16,City Hall,en,2.926,5.994,323
8715,9466,1998-09-25,Celebrity,en,1.9298,5.994,510
8716,8914,1999-07-28,Deep Blue Sea,en,6.329,5.996,2670
8717,576004,2019-06-28,Porno,en,6.4398,5.991,423
8718,123109,2013-03-09,No One Lives,en,1.8316,5.993,695
8719,66129,2011-06-30,The Tuche Family,fr,1.3295,5.993,1359
8720,19994,2009-09-18,Jennifer's Body,en,8.8422,6.0,4272
8721,14372,1989-03-17,Leviathan,en,2.6218,5.996,567
8722,9569,1990-02-09,Hard to Kill,en,3.4216,5.993,678
8723,8555,2004-08-10,Creep,en,1.8532,6.0,841
8724,830788,2022-08-24,The Invitation,en,5.3073,5.992,973
8725,748230,2024-10-03,Salem's Lot,en,3.8002,6.0,703
8726,73937,2011-10-13,The Big Year,en,2.3694,6.0,891
8727,55465,2011-11-04,A Very Harold & Kumar Christmas,en,2.2935,6.0,1068
8728,454699,2017-08-24,Monster Family,en,1.7329,5.991,370
8729,310133,2015-07-08,Cop Car,en,1.5656,5.991,927
8730,16061,2008-10-04,Tokyo Gore Police,ja,1.5444,6.0,369
8731,11847,2001-01-18,The Accidental Spy,cn,1.8785,5.991,528
8732,10714,1994-12-23,The Jungle Book,en,6.371,6.0,507
8733,823999,2022-11-17,Diabolik: Ginko Attacks!,it,1.081,6.0,488
8734,45535,2010-06-16,Fatal,fr,0.5324,5.99,667
8735,27579,2010-08-31,The American,en,2.817,5.99,1519
8736,11082,1988-04-01,The Seventh Sign,en,1.6306,5.99,384
8737,295832,2014-10-02,Unique Brothers,it,0.4243,6.0,305
8738,18239,2009-11-18,The Twilight Saga: New Moon,en,9.5693,6.0,9769
8739,7451,2002-08-09,xXx,en,24.4741,5.989,4934
8740,301348,2016-03-22,Elvis & Nixon,en,1.5415,5.988,445
8741,11419,1997-02-13,Vegas Vacation,en,2.8697,5.988,729
8742,460648,2017-12-18,Bleeding Steel,zh,3.1626,5.987,569
8743,34480,2009-10-14,The Descent: Part 2,en,3.6738,5.984,1329
8744,9348,1995-07-07,Species,en,4.8297,5.987,1868
8745,1410,1974-03-30,Dark Star,en,2.4601,5.987,650
8746,1129598,2024-03-15,Prey,en,2.6082,5.986,355
8747,58595,2012-05-30,Snow White and the Huntsman,en,5.3317,5.986,8253
8748,8069,1968-10-10,Barbarella,en,4.1979,6.0,844
8749,492565,2019-03-08,The Kid,en,1.9582,5.985,331
8750,16113,1986-02-14,The Delta Force,en,2.7722,5.985,517
8751,2313,2005-09-21,Prime,en,2.8367,5.985,845
8752,930600,2024-08-16,The Deliverance,en,3.0434,5.984,558
8753,146198,2016-02-19,Triple 9,en,3.3631,5.984,2289
8754,97051,2013-02-08,Would You Rather,en,3.5496,5.982,1020
8755,14979,2009-01-09,Thick as Thieves,en,2.1606,5.984,871
8756,9453,1979-08-14,Caligula,it,7.8353,5.984,988
8757,247218,2014-01-01,A Boss in the Living Room,it,0.5137,5.983,540
8758,58224,2011-06-17,Mr. Popper's Penguins,en,2.8632,5.983,3187
8759,800345,2022-08-05,Carter,ko,2.9355,6.0,428
8760,672582,2021-06-30,The Deep House,en,2.6086,5.982,1109
8761,49730,2011-03-10,Red Riding Hood,en,4.5515,5.982,3320
8762,21427,2006-03-29,The Valet,fr,1.7058,5.982,556
8763,13159,2007-05-10,Georgia Rule,en,1.7732,5.982,480
8764,9096,1992-02-07,Medicine Man,en,2.2667,5.982,416
8765,7090,2003-01-30,Ken Park,en,4.2799,5.982,685
8766,353069,2016-04-28,Mother's Day,en,3.372,5.981,1320
8767,211067,2014-05-01,The Sacrament,en,1.4905,5.981,498
8768,41439,2010-10-22,Saw 3D,en,5.3942,5.981,3309
8769,60405,2011-04-19,Sharpay's Fabulous Adventure,en,1.4859,5.98,563
8770,13962,1994-02-11,Blank Check,en,2.5844,5.98,543
8771,643586,2021-02-12,Willy's Wonderland,en,5.5223,5.979,1155
8772,215830,2013-08-13,Open Grave,en,1.7951,5.979,774
8773,24402,1974-06-25,Emmanuelle,fr,5.8101,5.979,817
8774,10023,1987-06-26,Dragnet,en,2.1176,5.979,548
8775,763788,2021-11-05,Dangerous,en,3.3025,5.978,515
8776,13279,2008-09-19,Lakeview Terrace,en,1.4622,5.978,1157
8777,921636,2023-07-07,The Out-Laws,en,2.9612,5.977,819
8778,848187,2023-12-14,Role Play,en,2.5287,6.0,637
8779,222899,2014-02-14,About Last Night,en,2.3507,5.977,533
8780,183662,2013-03-13,Crush,en,2.0128,5.977,372
8781,12663,1988-12-24,Red Scorpion,en,1.6157,5.977,311
8782,2321,1988-08-19,Married to the Mob,en,2.1625,5.977,325
8783,955991,2022-09-23,The Offering,en,1.375,5.976,390
8784,611914,2019-11-22,The Courier,en,3.6561,5.976,574
8785,321258,2016-01-22,The Boy,en,3.6714,5.976,3966
8786,50725,2011-03-04,Take Me Home Tonight,en,1.5092,5.976,724
8787,11078,2003-01-17,National Security,en,2.7491,6.0,1071
8788,8780,2008-04-25,Baby Mama,en,2.2466,5.976,700
8789,4256,2003-10-24,Scary Movie 3,en,16.4546,5.976,4530
8790,1679,1955-04-24,Godzilla Raids Again,ja,1.9187,5.976,331
8791,848538,2024-01-31,Argylle,en,5.0719,5.974,1754
8792,302688,2016-03-23,My Big Fat Greek Wedding 2,en,1.9509,5.975,1084
8793,300153,2015-09-09,Life,en,0.9251,5.975,373
8794,10402,1999-12-10,Deuce Bigalow: Male Gigolo,en,4.0115,5.975,1550
8795,2029,2001-11-21,Tanguy,fr,0.521,6.0,496
8796,249660,2014-03-21,God's Not Dead,en,2.1048,5.974,959
8797,44894,2005-12-16,I Love You in All Languages of the World,it,0.4388,5.974,496
8798,9448,1998-04-24,The Big Hit,en,3.3832,5.974,482
8799,597890,2021-04-08,Voyagers,en,3.5252,5.973,981
8800,81446,2012-08-27,The Baytown Outlaws,en,1.8877,5.973,347
8801,22821,2009-11-24,The Boondock Saints II: All Saints Day,en,1.5216,5.973,825
8802,14451,2009-01-09,Dead Snow,no,2.3611,6.0,1241
8803,11479,1994-12-14,"Little Indian, Big City",fr,1.1008,6.0,628
8804,243442,2013-12-12,A Fantastic Back and Forth,it,0.285,5.972,325
8805,125490,2012-09-19,Antiviral,en,1.6103,5.972,443
8806,88042,2012-12-25,Parental Guidance,en,1.3645,5.972,487
8807,18502,1985-06-14,The Stuff,en,2.4739,5.971,528
8808,586592,2019-04-25,Come to Daddy,en,1.3949,5.971,587
8809,533642,2019-06-19,Child's Play,en,4.2082,5.971,2060
8810,520663,2021-05-13,The Woman in the Window,en,2.1271,5.971,2150
8811,97614,2012-11-08,Deadfall,en,2.0551,5.971,724
8812,66118,2011-07-06,Case départ,fr,0.9403,5.971,557
8813,10313,2009-10-17,The Men Who Stare at Goats,en,2.5568,5.971,2416
8814,9815,2007-02-09,Goal II: Living the Dream,en,2.4848,6.0,700
8815,9597,2001-09-18,Vidocq,fr,1.4663,5.971,582
8816,32823,2010-06-03,Get Him to the Greek,en,3.1393,5.97,1951
8817,17037,1998-11-13,I'll Be Home for Christmas,en,1.7512,5.97,359
8818,12994,2007-01-21,The Nines,en,1.7873,5.97,473
8819,10678,2003-03-07,Bringing Down the House,en,1.2922,5.97,744
8820,822119,2025-02-12,Captain America: Brave New World,en,13.6285,5.969,3134
8821,11199,2007-03-02,Wild Hogs,en,6.2955,5.969,2471
8822,9383,2000-08-04,Hollow Man,en,6.3761,6.0,2805
8823,257440,2016-04-29,Term Life,en,2.0056,5.968,327
8824,91314,2014-06-25,Transformers: Age of Extinction,en,11.4365,5.968,8793
8825,37905,2010-02-10,The Horde,fr,1.2428,5.968,516
8826,320288,2019-06-05,Dark Phoenix,en,7.6468,5.967,7103
8827,10571,2000-06-16,Boys and Girls,en,1.6292,6.0,426
8828,706510,2020-07-01,Desperados,en,1.3943,5.966,498
8829,605735,2020-02-19,10 Days with Dad,fr,0.6911,5.966,324
8830,382517,2015-12-18,Open Season: Scared Silly,en,2.6774,5.972,386
8831,187596,2014-05-02,Walk of Shame,en,2.5346,5.966,1526
8832,50321,2011-03-09,Mars Needs Moms,en,3.0526,5.966,787
8833,34494,2008-01-25,Sorry if I Love You,it,0.8323,5.966,728
8834,10349,1993-04-23,The Dark Half,en,1.4051,6.0,468
8835,8975,2006-10-13,The Marine,en,2.747,5.966,834
8836,2176,2001-09-14,The Glass House,en,2.866,5.971,1108
8837,1690,2006-01-06,Hostel,en,4.4828,5.966,3962
8838,491473,2019-03-07,Gloria Bell,en,1.2459,5.965,342
8839,228973,2015-03-20,Backcountry,en,2.1203,5.965,728
8840,43939,2010-09-10,I'm Still Here,en,1.6968,5.965,403
8841,13825,2008-10-24,The Lazarus Project,en,2.439,6.0,395
8842,13018,2008-04-24,Deception,en,1.8431,5.965,722
8843,308024,2015-06-19,The Overnight,en,2.6627,5.964,361
8844,19724,2009-06-19,Imagine That,en,2.418,6.0,600
8845,698128,2022-03-18,Dual,en,2.215,5.963,387
8846,11718,1989-02-03,Who's Harry Crumb?,en,1.906,5.963,361
8847,9431,1996-08-16,Bordello of Blood,en,2.5528,6.0,417
8848,445954,2017-10-27,Acts of Vengeance,en,2.6893,5.962,611
8849,257088,2015-12-03,Point Break,en,4.0956,5.962,2456
8850,24831,1978-08-03,Piranha,en,2.401,5.962,746
8851,175116,2013-03-14,Out of the Blue,it,0.3512,5.961,324
8852,85041,2012-01-04,The Immature: The Trip,it,0.4049,5.961,620
8853,18476,2009-02-06,Horsemen,en,2.2518,5.961,625
8854,12245,2008-01-18,The Oxford Murders,en,1.3769,5.961,709
8855,12658,2001-03-30,Someone Like You...,en,2.2813,5.96,412
8856,764835,2022-02-17,The Desperate Hour,en,2.1777,5.951,478
8857,266647,2015-09-24,Pan,en,4.0219,5.959,2858
8858,59429,2010-11-20,Paranormal Activity: Tokyo Night,ja,1.5296,5.959,466
8859,12556,2009-05-01,Ghosts of Girlfriends Past,en,2.7559,5.959,2443
8860,464504,2019-03-01,A Madea Family Funeral,en,1.6847,5.958,493
8861,312791,2014-10-16,GirlHouse,en,3.0067,5.958,321
8862,253626,2015-04-09,Good Kill,en,2.1337,5.958,610
8863,228066,2015-11-10,Victor Frankenstein,en,2.3528,5.958,2287
8864,112200,2013-09-19,Thanks for Sharing,en,1.2224,5.958,594
8865,98357,2013-01-18,Broken City,en,2.8906,5.958,1583
8866,266294,2015-12-18,Sisters,en,3.4284,5.957,1472
8867,172533,2013-08-23,Drinking Buddies,en,1.4219,5.957,874
8868,87101,2015-06-23,Terminator Genisys,en,11.7292,5.957,9006
8869,80038,2012-03-09,Friends with Kids,en,1.4895,5.957,491
8870,18147,2006-12-08,Unaccompanied Minors,en,1.5761,5.957,329
8871,11379,1984-08-10,The Adventures of Buckaroo Banzai Across the 8th Dimension,en,5.2952,5.957,495
8872,10985,2002-05-10,The New Guy,en,3.0547,5.957,659
8873,10680,1996-10-04,D3: The Mighty Ducks,en,1.7664,5.957,493
8874,531306,2019-05-24,Rim of the World,en,2.4147,5.956,1043
8875,470114,2017-10-26,24 Hours to Live,en,2.3207,5.956,715
8876,74945,2011-09-21,War of the Buttons,fr,0.7951,5.956,476
8877,11775,2003-10-10,Intolerable Cruelty,en,3.4257,5.956,1669
8878,618,1915-03-08,The Birth of a Nation,en,1.3603,6.0,594
8879,522406,2021-06-03,Flashback,en,2.1213,5.955,332
8880,24056,2009-05-01,The Tournament,en,1.5815,5.955,682
8881,1722,2001-04-18,Captain Corelli's Mandolin,en,2.469,5.955,572
8882,415010,2017-09-23,Ravenous,fr,2.0353,5.954,485
8883,267193,2016-02-24,Grimsby,en,4.3974,5.954,2522
8884,220286,2013-10-11,Grand Piano,en,1.9997,5.954,546
8885,38780,2009-09-27,Rampage,en,2.1991,5.954,481
8886,37821,2010-06-04,Killers,en,3.4481,5.952,2318
8887,2103,2002-11-27,Solaris,en,3.068,5.954,1457
8888,298459,2014-11-12,Next Time I'll Aim for the Heart,fr,0.7821,5.953,306
8889,139038,2013-01-11,A Haunted House,en,8.7025,5.953,2063
8890,12572,2008-09-06,"New York, I Love You",en,4.0104,5.953,603
8891,10765,1980-10-06,Private Benjamin,en,1.8221,5.953,417
8892,1966,2004-11-21,Alexander,en,5.9189,5.954,3520
8893,20850,1975-10-01,Ilsa: She Wolf of the SS,en,3.4469,6.0,387
8894,11157,1989-12-08,She-Devil,en,3.0213,6.0,431
8895,6073,2001-03-01,The Mexican,en,3.2023,5.952,1619
8896,785752,2021-09-22,Intrusion,en,2.3487,6.0,761
8897,351964,2015-11-05,The Escort,en,3.5963,6.0,450
8898,136835,2014-09-10,No Good Deed,en,5.0791,5.951,689
8899,39227,2002-11-26,When in Rome,en,0.7361,5.951,337
8900,10204,2004-06-16,Around the World in 80 Days,en,3.873,5.951,2727
8901,9072,2006-08-31,Little Man,en,9.048,5.951,1916
8902,337154,2016-04-05,The Meddler,en,1.9482,5.95,380
8903,168055,2013-04-02,Love Is in the Air,fr,0.7559,5.95,430
8904,167032,2013-10-08,Curse of Chucky,en,3.4364,6.0,1717
8905,395,2004-08-12,AVP: Alien vs. Predator,en,7.0753,5.95,4990
8906,615677,2020-12-25,We Can Be Heroes,en,4.9631,5.949,818
8907,414190,2017-01-27,iBoy,en,1.6538,5.949,1216
8908,12819,2010-07-05,Alpha and Omega,en,3.0807,5.948,563
8909,829557,2022-04-26,365 Days: This Day,pl,24.2565,5.9,1853
8910,448194,2017-12-08,Pyewacket,en,1.4631,5.947,342
8911,497814,2018-05-05,Breaking In,en,2.2906,5.946,704
8912,452507,2017-10-20,1922,en,2.7921,5.9,2924
8913,11648,2005-07-21,Must Love Dogs,en,1.9466,5.946,495
8914,11374,1999-03-26,EDtv,en,1.9501,5.9,697
8915,10136,1986-12-12,The Golden Child,en,3.306,5.946,1186
8916,640923,2020-01-23,Kidz,it,0.3105,5.9,389
8917,630586,2021-01-26,Wrong Turn,en,7.2313,5.945,1335
8918,174323,2014-01-17,G.B.F.,en,0.0875,5.945,406
8919,169219,2013-02-27,The Dyatlov Pass Incident,en,1.3975,5.9,736
8920,99579,2012-03-21,"Farewell, My Queen",fr,1.808,5.944,324
8921,9973,2006-12-12,Air Buddies,en,2.0206,5.9,354
8922,700391,2023-03-02,65,en,6.4396,5.943,2869
8923,352492,2016-08-26,XOXO,en,0.8493,5.9,601
8924,270487,2016-02-05,"Hail, Caesar!",en,3.9628,5.943,4016
8925,182560,2015-04-08,Dark Places,en,2.0062,5.943,1374
8926,14248,2008-09-19,Igor,en,2.7158,5.943,589
8927,11674,1996-11-27,101 Dalmatians,en,6.0291,5.943,3654
8928,563907,2019-01-10,All You Need is Crime,it,0.3101,5.942,477
8929,245906,2015-04-22,She's Funny That Way,en,1.4646,5.942,710
8930,736500,2022-02-16,Retirement Home,fr,0.802,5.941,329
8931,13460,2008-03-14,Doomsday,en,3.827,5.942,1408
8932,13006,1992-05-01,Split Second,en,3.329,5.941,362
8933,11011,1994-12-19,Ri¢hie Ri¢h,en,4.9917,5.941,2427
8934,9406,1997-05-29,An American Werewolf in Paris,en,3.8013,5.938,764
8935,8973,1995-08-25,Lord of Illusions,en,1.5573,5.936,382
8936,609681,2023-11-08,The Marvels,en,8.8275,5.939,3422
8937,460019,2018-04-12,Truth or Dare,en,4.0483,5.939,4227
8938,291870,2016-01-20,Dirty Grandpa,en,4.2866,5.939,4611
8939,13059,2007-07-13,The Signal,en,1.4087,5.939,337
8940,9073,1995-07-19,Free Willy 2: The Adventure Home,en,2.6059,5.9,643
8941,2636,1994-10-07,The Specialist,en,3.6354,5.939,1449
8942,87516,2013-11-14,Oldboy,en,5.4583,5.938,2148
8943,39345,1998-09-10,Casper Meets Wendy,en,1.5937,5.938,416
8944,10030,2007-09-21,Good Luck Chuck,en,8.6107,5.936,1671
8945,7091,1989-06-02,Vampire's Kiss,en,1.6598,5.938,484
8946,4923,1974-02-06,Zardoz,en,1.9706,5.938,521
8947,414001,2018-02-09,The Mercy,en,2.4679,5.937,300
8948,354251,2015-09-17,Southbound,en,1.7937,5.934,679
8949,73108,2011-08-07,Teen Spirit,en,1.4884,5.937,301
8950,10145,2004-09-24,The Forgotten,en,3.6655,5.933,1248
8951,2018,2001-01-26,The Wedding Planner,en,2.7163,5.9,1821
8952,1022964,2023-11-29,Candy Cane Lane,en,2.832,5.936,495
8953,664574,2021-12-03,Silent Night,en,1.8487,5.936,606
8954,590869,2020-01-09,Hammamet,it,0.4875,5.936,412
8955,299687,2016-01-14,The 5th Wave,en,6.1581,5.936,6044
8956,68728,2013-03-07,Oz the Great and Powerful,en,5.0242,5.936,6826
8957,11429,2003-04-04,Beyond Re-Animator,en,0.954,5.936,400
8958,9825,1999-07-15,Lake Placid,en,3.751,5.936,1263
8959,565413,2018-12-27,The King's Musketeers,it,0.4127,5.935,405
8960,328720,2015-03-11,Ma che bella sorpresa,it,0.3203,5.935,420
8961,151960,2013-08-09,Planes,en,4.9773,5.935,1835
8962,64639,2011-09-16,Straw Dogs,en,3.2531,5.935,631
8963,13668,2006-10-20,Catch and Release,en,1.8026,5.935,607
8964,9907,2006-08-04,Barnyard,en,4.2707,5.9,1191
8965,888003,2023-06-07,The Book of Solutions,fr,0.5554,5.934,318
8966,749274,2021-09-16,Cry Macho,en,1.801,5.933,1124
8967,460458,2021-11-24,Resident Evil: Welcome to Raccoon City,en,7.0488,5.9,2708
8968,324542,2017-01-12,Sleepless,en,1.849,5.933,1345
8969,81796,2012-04-12,Lockout,en,2.6004,5.933,1997
8970,10488,2008-04-03,Nim's Island,en,1.8743,5.933,1193
8971,1970,2004-10-22,The Grudge,en,4.7418,5.933,3203
8972,14648,2004-02-11,Podium,fr,0.4611,5.931,464
8973,340676,2016-12-14,Personal Shopper,fr,1.8285,5.93,1326
8974,98566,2014-08-07,Teenage Mutant Ninja Turtles,en,8.7525,5.93,7210
8975,11347,1988-09-21,The Lair of the White Worm,en,2.6738,5.93,307
8976,11152,2008-04-02,The Ruins,en,3.2098,5.93,1447
8977,9895,2006-10-09,Man of the Year,en,1.8475,5.93,502
8978,9005,2005-11-23,The Ice Harvest,en,1.0292,5.93,335
8979,7548,2004-09-16,The Libertine,en,2.4742,5.93,486
8980,27414,1984-11-09,"Silent Night, Deadly Night",en,1.5308,5.929,445
8981,495766,2018-02-01,I'm Back,it,0.7087,5.928,583
8982,52067,2011-02-11,Cedar Rapids,en,1.4387,5.928,465
8983,2749,2001-03-01,15 Minutes,en,3.0463,5.922,809
8984,1126166,2025-01-22,Flight Risk,en,7.2678,5.927,1166
8985,457962,2017-06-09,Shimmer Lake,en,1.6339,5.927,468
8986,12517,2005-03-09,Calvaire,fr,1.0182,5.927,362
8987,513409,2019-11-01,Earthquake Bird,en,1.2638,5.926,474
8988,487083,2019-08-29,Paradise Hills,en,1.9056,5.926,598
8989,10708,2003-05-09,Daddy Day Care,en,3.4112,5.924,2258
8990,10357,1997-04-25,Volcano,en,4.1195,5.926,1682
8991,584962,2019-09-20,Between Two Ferns: The Movie,en,1.3531,5.925,944
8992,501395,2019-11-23,True History of the Kelly Gang,en,1.5199,5.925,358
8993,38031,2010-09-22,You Will Meet a Tall Dark Stranger,en,1.7907,5.925,913
8994,14140,1977-06-24,Herbie Goes to Monte Carlo,en,1.2877,5.9,354
8995,10748,2007-12-21,St Trinian's,en,2.7245,5.925,498
8996,579828,2020-11-04,Superdeep,ru,2.1977,5.918,361
8997,505707,2020-07-30,Waiting for the Barbarians,en,1.3716,5.924,395
8998,32856,2010-02-10,Valentine's Day,en,2.9989,5.924,3181
8999,13477,2010-01-29,When in Rome,en,2.3077,5.924,1278
9000,12540,2004-01-13,Bring It On Again,en,0.0991,5.9,453
9001,10495,1989-06-16,The Karate Kid Part III,en,3.2213,5.924,1840
9002,2022,2002-06-28,Mr. Deeds,en,3.9981,5.924,2538
9003,458005,2018-07-19,Zoe,en,1.6285,5.922,441
9004,334527,2015-11-20,Criminal Activities,en,1.1646,5.922,322
9005,258489,2016-06-29,The Legend of Tarzan,en,7.1185,5.922,6532
9006,39386,2004-10-06,The Corsican File,fr,1.0027,5.922,406
9007,39053,2010-06-18,Cyrus,en,1.4385,5.9,462
9008,14138,2008-02-22,Black Water,en,1.652,5.922,389
9009,9275,2002-03-29,Death to Smoochy,en,1.3612,5.9,441
9010,1043565,2022-12-16,Mindcage,en,3.1619,5.921,430
9011,503619,2018-08-10,The Package,en,3.2417,5.921,1253
9012,399019,2017-06-23,The Beguiled,en,2.159,5.921,2244
9013,18823,2010-03-26,Clash of the Titans,en,6.9865,5.922,6708
9014,11309,1990-09-14,Hardware,en,1.7,5.921,347
9015,1077280,2023-02-22,Die Hart,en,3.2585,5.92,515
9016,943930,2023-03-24,Tin & Tina,es,2.0819,5.9,462
9017,62764,2012-03-15,Mirror Mirror,en,3.8123,5.92,3291
9018,11968,2005-09-30,Into the Blue,en,5.1205,5.92,1651
9019,1483,1991-06-05,Begotten,en,2.3156,5.92,352
9020,11065,2001-08-31,O,en,1.2878,5.919,304
9021,346672,2016-11-24,Underworld: Blood Wars,en,5.3265,5.918,3943
9022,2310,2007-11-05,Beowulf,en,4.5907,5.917,3078
9023,297761,2016-08-03,Suicide Squad,en,7.7858,5.917,22144
9024,72571,2011-10-19,Paranormal Activity 3,en,2.4769,5.917,2386
9025,16558,2009-03-18,Duplicity,en,2.3911,5.917,871
9026,9923,2005-10-14,Domino,en,2.2537,5.917,1289
9027,1062215,2024-08-28,Afraid,en,3.6274,5.916,516
9028,421473,2019-06-20,Above Suspicion,en,2.4307,5.916,317
9029,45649,2010-11-09,Rubber,fr,1.7381,5.916,1124
9030,9982,2005-11-04,Chicken Little,en,10.2911,5.916,4176
9031,7364,2005-04-06,Sahara,en,4.5823,5.915,1657
9032,965791,2023-10-18,A Difficult Year,fr,0.7687,5.9,328
9033,284289,2014-09-06,Beyond the Reach,en,2.1839,5.915,402
9034,157099,2014-03-14,Better Living Through Chemistry,en,1.4108,5.9,319
9035,36691,2009-09-07,Solitary Man,en,2.1782,5.915,347
9036,1995,2001-06-15,Lara Croft: Tomb Raider,en,6.139,5.914,6543
9037,1001311,2024-06-04,Under Paris,fr,3.6862,5.914,1420
9038,290555,2014-08-28,Wolves,en,1.6365,5.914,326
9039,146223,2013-08-28,Closed Circuit,en,2.5132,5.914,497
9040,53399,2010-09-10,The Solitude of Prime Numbers,it,0.4471,5.914,395
9041,39285,2010-07-20,Beauty & the Briefcase,en,1.1448,5.914,420
9042,785516,2021-10-20,Stuck Together,fr,0.6645,5.913,438
9043,311667,2016-05-20,Manhattan Night,en,1.7888,5.913,418
9044,238603,2014-06-14,Earth to Echo,en,1.5961,5.913,614
9045,208763,2014-01-30,Forbidden Empire,ru,2.0161,5.913,340
9046,9312,1995-08-18,Mortal Kombat,en,11.0983,5.915,2576
9047,254473,2014-04-22,Brick Mansions,en,3.2468,5.91,1617
9048,184125,2013-06-30,Assault on Wall Street,en,1.665,5.9,503
9049,2084,2001-09-06,Birthday Girl,en,2.412,5.911,436
9050,476764,2018-11-06,The Front Runner,en,1.8663,5.91,379
9051,235271,2014-10-10,Addicted,en,44.9847,5.91,449
9052,158907,2013-01-18,Breathe In,en,1.7012,5.91,333
9053,74998,2011-09-02,Seeking Justice,en,2.7406,5.91,1097
9054,16866,2009-11-19,Planet 51,en,4.9214,5.91,2183
9055,11074,1993-09-17,Striking Distance,en,3.2096,5.908,938
9056,1371202,2025-04-18,iHostage,nl,2.0478,5.909,317
9057,800937,2022-05-11,Senior Year,en,2.3482,5.909,937
9058,375588,2018-11-03,Robin Hood,en,6.736,5.909,3158
9059,227783,2014-01-17,The Nut Job,en,3.5247,5.909,1046
9060,49010,2011-05-06,Hobo with a Shotgun,en,1.2855,5.909,696
9061,846422,2025-07-01,The Old Guard 2,en,4.4708,5.908,981
9062,86828,2015-02-13,Absolutely Anything,en,3.7758,5.908,1640
9063,671039,2020-10-30,Rogue City,fr,1.5488,5.9,630
9064,241843,2014-10-10,Cooties,en,2.6908,5.907,820
9065,146381,2013-08-09,Justin and the Knights of Valour,en,1.604,5.907,334
9066,10877,2001-03-16,Exit Wounds,en,4.0041,5.907,583
9067,9767,2006-06-01,The Break-Up,en,4.7983,5.907,2844
9068,9582,2003-01-17,A Guy Thing,en,2.3951,5.9,387
9069,5,1995-12-09,Four Rooms,en,3.8698,5.906,2858
9070,439079,2018-09-05,The Nun,en,13.244,5.905,7188
9071,353569,2017-03-03,Table 19,en,2.3029,5.905,1015
9072,1143190,2023-07-21,Fear the Night,en,1.9445,5.904,308
9073,306952,2015-09-18,Naomi and Ely's No Kiss List,en,0.7431,5.904,1078
9074,249070,2015-08-20,Hitman: Agent 47,en,4.7381,5.904,3306
9075,45772,2011-01-13,Gnomeo & Juliet,en,4.4378,5.904,2081
9076,44833,2012-04-11,Battleship,en,8.9628,5.9,5987
9077,22894,2010-01-21,Legion,en,7.1385,5.904,2888
9078,1030987,2023-07-20,Sympathy for the Devil,en,1.6927,5.903,336
9079,460790,2017-08-21,Starship Troopers: Traitor of Mars,en,1.8965,5.9,325
9080,423949,2017-09-11,Unicorn Store,en,2.0959,5.903,882
9081,51994,2011-11-25,The Deep Blue Sea,en,1.2849,5.9,313
9082,11187,1991-08-30,Child's Play 3,en,4.4937,5.902,1761
9083,9030,2008-02-01,The Eye,en,3.5863,5.902,1160
9084,805320,2023-07-14,Bird Box Barcelona,es,2.6203,5.902,849
9085,550201,2018-09-27,The Pool,th,1.0802,5.9,367
9086,471507,2018-12-25,Destroyer,en,2.0534,5.902,800
9087,411873,2017-06-30,The Little Hours,en,5.3946,5.902,660
9088,526896,2022-03-30,Morbius,en,6.5527,5.901,4845
9089,14873,2003-02-07,The Jungle Book 2,en,3.7244,5.9,1201
9090,8398,2007-01-19,The Hitcher,en,3.0486,5.9,999
9091,174675,2013-04-25,The Machine,en,2.4436,5.899,871
9092,89492,2012-12-20,This Is 40,en,3.9812,5.899,2353
9093,509730,2019-02-13,The Queen's Corgi,en,2.5632,5.898,450
9094,418437,2017-03-06,Unforgettable,en,1.8327,5.898,693
9095,301502,2022-09-16,Blonde,en,4.2789,5.898,1531
9096,9099,1996-03-29,Sgt. Bilko,en,1.9982,5.898,398
9097,27740,1987-09-11,A Return to Salem's Lot,en,1.4112,5.9,317
9098,10280,1996-10-25,Thinner,en,2.9421,5.9,685
9099,9530,2006-04-28,RV,en,3.4088,5.897,1799
9100,5137,2004-09-17,Sky Captain and the World of Tomorrow,en,2.8621,5.897,1378
9101,890771,2023-04-26,The Black Demon,en,2.3306,5.896,704
9102,866346,2023-08-24,The Retirement Plan,en,1.8231,5.896,327
9103,479455,2019-06-12,Men in Black: International,en,5.7873,5.896,5378
9104,283445,2015-08-19,Sinister 2,en,4.7735,5.896,2307
9105,17134,2009-03-19,12 Rounds,en,4.4747,5.896,848
9106,11870,2002-02-08,Big Fat Liar,en,2.8563,5.896,889
9107,6723,1990-12-07,The Rookie,en,2.6478,5.894,625
9108,318,2000-02-09,The Million Dollar Hotel,en,1.605,5.896,375
9109,808023,2021-04-30,The Virtuoso,en,2.5547,5.895,434
9110,395458,2017-10-26,Suburbicon,en,2.5826,5.895,1818
9111,446131,2017-08-17,Madame,en,1.2921,5.894,326
9112,147868,2012-12-22,The Worst Christmas of My Life,it,0.4175,5.894,537
9113,602734,2021-05-12,Spiral: From the Book of Saw,en,3.8439,5.893,2296
9114,505436,2019-01-30,Serial (Bad) Weddings 2,fr,2.2384,5.9,1325
9115,34069,2009-09-24,Cargo,de,1.4893,5.893,441
9116,27583,2010-03-26,Greenberg,en,1.5341,5.893,629
9117,23172,2010-01-15,The Spy Next Door,en,3.7389,5.893,1426
9118,10366,1999-08-05,Universal Soldier: The Return,en,2.2462,5.891,1347
9119,501979,2020-08-27,Bill & Ted Face the Music,en,2.8992,5.893,1084
9120,81005,2013-02-27,Jack the Giant Slayer,en,11.9796,5.892,5257
9121,1125311,2024-03-06,Imaginary,en,2.3263,5.891,695
9122,523936,2021-07-01,Meander,fr,2.1155,5.891,475
9123,346709,2019-12-25,Line of Duty,en,2.3804,5.891,364
9124,270302,2014-09-19,The Riot Club,en,1.5316,5.9,1019
9125,20829,2009-07-30,Funny People,en,2.5879,5.891,1425
9126,7978,2010-02-10,The Wolfman,en,3.6271,5.891,2188
9127,974453,2024-10-31,Absolution,en,3.0482,5.89,525
9128,62838,2011-12-08,New Year's Eve,en,2.293,5.89,2226
9129,9070,1995-06-30,Mighty Morphin Power Rangers: The Movie,en,2.7482,5.89,773
9130,679989,2020-07-08,Simply Black,fr,0.8698,5.889,453
9131,521007,2020-11-26,Superintelligence,en,1.5609,5.889,375
9132,515454,2020-09-24,Come True,en,1.5988,5.889,328
9133,362637,2015-10-08,Opposites Attract,it,0.4218,5.889,314
9134,175574,2013-10-30,Free Birds,en,3.3478,5.889,856
9135,12139,1993-06-09,Dennis the Menace,en,5.3439,5.889,1601
9136,2687,1992-02-28,Memoirs of an Invisible Man,en,1.8458,5.889,652
9137,503,2006-05-03,Poseidon,en,4.8288,5.889,2319
9138,416234,2018-02-02,Winchester,en,2.4897,5.888,1830
9139,258193,2014-04-04,Alien Abduction,en,1.8024,5.888,410
9140,48838,2010-11-10,London Boulevard,en,1.7647,5.888,819
9141,673593,2024-01-10,Mean Girls,en,5.5843,5.887,727
9142,334536,2017-03-31,The Blackcoat's Daughter,en,1.4028,5.887,788
9143,97020,2014-01-30,RoboCop,en,7.0673,5.887,5872
9144,4942,2008-03-24,Leatherheads,en,1.8231,5.887,493
9145,333674,2015-06-12,Intruders,en,3.6935,5.886,516
9146,54540,2011-02-01,Beverly Hills Chihuahua 2,en,1.9229,5.9,414
9147,23514,2011-10-13,The Rum Diary,en,2.722,5.886,1334
9148,1093231,2024-05-08,Mother of the Bride,en,2.4639,5.885,356
9149,617505,2020-10-07,Hubie Halloween,en,2.4407,5.9,1787
9150,461053,2017-08-01,S.W.A.T.: Under Siege,en,2.4687,5.9,403
9151,192145,2014-06-20,Third Person,en,2.138,5.885,647
9152,133698,2012-10-29,A Perfect Plan,fr,0.7263,5.885,658
9153,20414,2008-03-07,"Grande, grosso e... Verdone",it,0.2929,5.885,394
9154,262543,2014-10-09,Automata,en,9.8766,5.884,1807
9155,147441,2014-12-03,Exodus: Gods and Kings,en,8.1405,5.884,4863
9156,13389,2008-09-11,Righteous Kill,en,2.3122,5.884,1359
9157,12596,1999-04-23,Pushing Tin,en,2.1084,5.9,438
9158,12277,2002-05-31,Undercover Brother,en,2.372,5.9,435
9159,10640,1976-07-14,Futureworld,en,2.3127,5.884,361
9160,1029235,2024-09-27,Azrael,en,5.0414,5.883,443
9161,15379,1984-11-16,Missing in Action,en,2.3086,5.883,569
9162,14161,2009-10-10,2012,en,11.4155,5.883,12783
9163,649087,2021-02-11,Red Dot,sv,1.5894,5.882,735
9164,340022,2018-03-08,Gringo,en,2.0097,5.882,803
9165,38321,2011-05-05,Priest,en,8.1951,5.882,2546
9166,37707,2010-06-03,Splice,en,5.9248,5.882,2457
9167,34803,2010-04-15,Death at a Funeral,en,2.2751,5.88,1078
9168,12138,2001-02-23,3000 Miles to Graceland,en,2.4898,5.882,709
9169,1234731,2025-12-24,Anaconda,en,21.357,5.88,1236
9170,811656,2022-05-13,Monstrous,en,1.4479,5.881,340
9171,38961,2010-07-14,Tamara Drewe,en,1.3144,5.9,478
9172,6439,2005-01-06,Racing Stripes,en,3.7606,5.881,666
9173,1008392,2023-06-15,The Blackening,en,1.6867,5.88,411
9174,1005776,2022-09-15,V/H/S/99,en,1.3833,5.9,364
9175,413992,2017-11-17,Sweet Virginia,en,1.1355,5.9,334
9176,383785,2017-01-27,Kung Fu Yoga,zh,3.2605,5.88,436
9177,93828,2013-03-15,Welcome to the Punch,en,1.3149,5.88,706
9178,11258,1998-01-16,Hard Rain,en,2.711,5.88,805
9179,895744,2022-02-24,Studio 666,en,2.8538,5.879,354
9180,772515,2023-02-10,Huesera: The Bone Woman,es,1.8043,5.879,379
9181,52077,2010-12-20,Nothing to Declare,fr,1.4144,5.879,1180
9182,13067,2007-04-20,In the Land of Women,en,1.2229,5.879,529
9183,661791,2022-01-28,The Grandmother,es,2.3731,5.878,486
9184,28597,1991-07-03,Problem Child 2,en,2.3983,5.9,674
9185,438650,2019-02-07,Cold Pursuit,en,5.0023,5.877,2814
9186,156717,2013-01-04,Death Race: Inferno,en,2.7215,5.877,835
9187,13056,2008-12-05,Punisher: War Zone,en,3.8685,5.877,1324
9188,10061,1996-08-09,Escape from L.A.,en,3.0783,5.877,1615
9189,1072876,2024-01-03,Self Reliance,en,2.5821,5.876,319
9190,9728,1982-08-13,Friday the 13th Part III,en,3.9951,5.9,1611
9191,9396,1988-05-19,Crocodile Dundee II,en,2.9868,5.876,1228
9192,1450,2009-04-02,Blood: The Last Vampire,en,1.5655,5.876,426
9193,38541,2012-01-13,The Divide,en,2.6578,5.875,751
9194,555974,2020-02-20,Brahms: The Boy II,en,2.3941,5.874,1306
9195,340945,2016-09-22,USS Indianapolis: Men of Courage,en,2.8463,5.874,665
9196,152259,2013-01-03,Phantom,en,1.5364,5.874,349
9197,13690,2008-09-24,Open Season 2,en,4.0663,5.874,1310
9198,334394,2015-12-31,Baskin,tr,1.6455,5.872,362
9199,203665,2013-07-15,Paris or Perish,fr,0.8419,5.872,309
9200,114478,2012-08-28,Starship Troopers: Invasion,en,4.557,5.9,433
9201,84200,2012-08-31,"For a Good Time, Call...",en,1.6602,5.872,317
9202,10317,2015-09-11,Our Brand Is Crisis,en,1.8669,5.872,530
9203,10131,1988-08-19,A Nightmare on Elm Street 4: The Dream Master,en,3.0247,5.87,1625
9204,306,1994-05-24,Beverly Hills Cop III,en,3.4185,5.872,2143
9205,12096,2006-02-10,The Pink Panther,en,5.1757,5.871,2155
9206,1257,2007-02-02,Because I Said So,en,1.8818,5.9,673
9207,238215,2014-09-11,The Cobbler,en,3.0989,5.87,1811
9208,9809,2006-11-17,Let's Go to Prison,en,3.1599,5.869,352
9209,616446,2024-10-10,Brothers,en,2.8538,5.868,333
9210,522417,2018-10-23,Scorpion King: Book of Souls,en,2.9195,5.9,319
9211,418078,2017-06-09,It Comes at Night,en,2.8356,5.868,2629
9212,79697,2012-10-05,Butter,en,1.2839,5.868,429
9213,24418,2009-10-23,Cirque du Freak: The Vampire's Assistant,en,2.524,5.867,1173
9214,437626,2019-04-12,Stockholm,en,1.5309,5.866,440
9215,216015,2015-02-11,Fifty Shades of Grey,en,21.0319,5.866,12421
9216,431185,2018-10-25,He's Out There,en,1.583,5.865,337
9217,36648,2004-12-08,Blade: Trinity,en,6.4931,5.865,4331
9218,3512,1995-07-13,Under Siege 2: Dark Territory,en,3.6115,5.865,1030
9219,1196470,2024-06-19,Survive,fr,5.6572,5.869,386
9220,13555,1981-03-13,The Funhouse,en,1.4613,5.864,425
9221,8836,2008-07-24,The X-Files: I Want to Believe,en,3.3905,5.9,1657
9222,11517,1995-11-21,Money Train,en,3.0374,5.863,877
9223,968739,2022-07-08,Dangerous Liaisons,fr,1.7431,5.862,322
9224,485942,2018-03-24,Batman Ninja,ja,3.1561,5.862,1074
9225,4442,2005-08-26,The Brothers Grimm,en,5.5371,5.862,2975
9226,3682,1998-08-28,54,en,2.294,5.862,528
9227,1884,1984-12-21,The Ewok Adventure,en,1.7004,5.9,421
9228,615658,2021-06-09,Awake,en,2.2219,5.86,1167
9229,50022,2018-04-19,Super Troopers 2,en,1.9369,5.86,526
9230,11630,1990-11-21,3 Men and a Little Lady,en,1.6109,5.86,579
9231,1691,2007-06-07,Hostel: Part II,en,4.6794,5.86,2228
9232,25132,2009-08-21,Shorts,en,1.6096,5.859,320
9233,9482,1995-06-30,Judge Dredd,en,7.2686,5.859,2752
9234,9413,1997-08-01,Picture Perfect,en,1.9538,5.859,451
9235,780154,2020-12-28,All My Friends Are Dead,pl,1.6757,5.858,392
9236,740925,2021-09-29,No One Gets Out Alive,en,2.4159,5.858,741
9237,49524,2013-07-18,R.I.P.D.,en,4.0353,5.858,4305
9238,377275,2016-09-14,In Bed with Victoria,fr,1.0838,5.9,507
9239,291264,2016-04-16,The Family Fang,en,1.3371,5.857,345
9240,157823,2014-04-23,Night Moves,en,1.5121,5.857,368
9241,10172,2007-04-04,Are We Done Yet?,en,2.2003,5.857,685
9242,432618,2017-10-11,Coexist,fr,0.6267,5.856,423
9243,390584,2016-10-21,King Cobra,en,2.6337,5.856,487
9244,353979,2016-09-24,Pet,en,2.3455,5.9,731
9245,270010,2016-04-22,A Hologram for the King,en,2.9492,5.856,1226
9246,2144,2001-04-19,One Night at McCool's,en,1.7829,5.856,375
9247,16000,2008-02-11,Ben 10: Race Against Time,en,3.3105,5.9,363
9248,15019,2007-05-11,I Could Never Be Your Woman,en,2.8541,5.855,459
9249,9957,2006-04-07,The Benchwarmers,en,3.906,5.855,942
9250,433627,2018-03-15,7 Days in Entebbe,en,2.748,5.854,449
9251,419522,2017-02-23,Ignorance Is Bliss,it,0.4977,5.854,458
9252,284537,2015-05-01,Welcome to Me,en,1.3189,5.854,340
9253,72207,2012-04-27,The Five-Year Engagement,en,2.0931,5.854,1413
9254,51620,2010-11-12,Death Race 2,en,3.9319,5.854,1201
9255,9754,2006-02-08,Firewall,en,2.243,5.854,1038
9256,862551,2022-08-26,Me Time,en,2.5976,5.853,1027
9257,4327,2000-11-02,Charlie's Angels,en,9.6344,5.9,4529
9258,206296,2014-11-03,The Last Five Years,en,1.0018,5.9,349
9259,41171,2004-11-12,Noel,en,1.4842,5.852,327
9260,8849,2004-10-22,Alfie,en,2.2913,5.851,882
9261,5375,2007-11-09,Fred Claus,en,2.9782,5.852,918
9262,843543,2022-09-21,Meet Cute,en,1.7608,5.851,319
9263,621707,2020-07-01,The Vigil,en,2.1247,5.851,433
9264,462148,2018-04-18,Love Addict,fr,1.1358,5.9,367
9265,69778,2011-09-02,A Good Old Fashioned Orgy,en,1.3528,5.851,350
9266,3513,1998-12-03,Legionnaire,en,2.0479,5.9,617
9267,718840,2020-07-18,A Nice Girl Like You,en,1.9342,5.85,390
9268,521935,2018-10-01,Cam,en,2.2662,5.85,1590
9269,109431,2013-02-07,Identity Thief,en,3.6401,5.8,3521
9270,101173,2011-02-14,Coriolanus,en,1.4766,5.85,498
9271,650783,2020-11-12,The Comeback Trail,en,2.0153,5.849,371
9272,277547,2014-09-26,Playing It Cool,en,2.7456,5.849,813
9273,9932,2002-12-06,Analyze That,en,3.0878,5.849,1400
9274,663866,2021-06-11,Censor,en,1.2594,5.848,469
9275,643550,2020-10-13,Nocturne,en,1.2677,5.848,523
9276,244761,2014-09-05,The Captive,en,3.9055,5.848,1171
9277,45324,2010-09-16,Casino Jack,en,1.6726,5.848,325
9278,12569,2009-09-03,Extract,en,1.551,5.848,680
9279,11962,1996-07-26,Joe's Apartment,en,2.3022,5.848,376
9280,9678,2000-11-10,Little Nicky,en,4.0198,5.848,1990
9281,393345,2017-10-12,Cult of Chucky,en,4.0786,5.847,1419
9282,348060,2015-08-19,Antigang,fr,1.9417,5.846,364
9283,18457,2002-04-10,Dead Weight,fr,1.5483,5.8,402
9284,14536,2009-01-30,New in Town,en,1.6767,5.846,516
9285,9824,1999-08-06,Mystery Men,en,2.8116,5.845,920
9286,190469,2014-01-10,Redirected,en,0.955,5.844,414
9287,43646,1990-10-28,The Comics,it,0.3215,5.844,304
9288,27573,2010-03-16,The Bounty Hunter,en,2.7663,5.844,3067
9289,26953,1989-10-12,Puppetmaster,en,3.3324,5.8,391
9290,768334,2021-07-01,A Classic Horror Story,it,1.8946,5.841,1052
9291,843380,2022-09-30,Dead for a Dollar,en,2.2423,5.841,305
9292,509874,2019-07-12,Lying and Stealing,en,1.7772,5.841,374
9293,315319,2015-01-02,We Accept Miracles,it,0.3576,5.841,436
9294,192149,2014-05-16,The Two Faces of January,en,1.5485,5.841,738
9295,547388,2019-02-27,New Biz in the Hood,fr,1.0541,5.84,343
9296,527400,2020-11-12,Come Away,en,2.6248,5.84,318
9297,6477,2007-12-13,Alvin and the Chipmunks,en,8.6861,5.84,4756
9298,2099,1986-06-06,Raw Deal,en,2.7648,5.84,907
9299,37414,2010-02-19,The Killer Inside Me,en,1.5732,5.839,631
9300,793723,2021-03-05,Sentinelle,fr,1.124,5.831,635
9301,77953,2012-08-09,The Campaign,en,2.4486,5.838,1885
9302,59965,2011-09-22,Abduction,en,3.2819,5.838,3030
9303,4248,2001-07-04,Scary Movie 2,en,24.5414,5.838,5229
9304,970450,2024-12-04,Werewolves,en,3.4657,5.837,494
9305,500922,2019-08-01,A Score to Settle,en,2.037,5.8,523
9306,440708,2017-02-14,Mom or Dad?,it,0.4823,5.837,647
9307,359412,2016-07-01,Marauders,en,3.0878,5.837,712
9308,335791,2016-09-09,When the Bough Breaks,en,1.5774,5.828,437
9309,34311,1988-08-26,Sleepaway Camp II: Unhappy Campers,en,1.1659,5.8,326
9310,17127,1998-04-17,The Object of My Affection,en,1.9072,5.837,337
9311,13505,2004-01-30,The Perfect Score,en,1.9838,5.8,517
9312,9570,1979-12-19,The Black Hole,en,2.1451,5.837,553
9313,487702,2017-12-05,F the Prom,en,1.3564,5.8,417
9314,87567,2013-04-25,The Big Wedding,en,1.6089,5.836,1223
9315,74777,2011-03-03,Absentia,en,1.5181,5.832,390
9316,44982,2010-03-12,13,en,5.7356,5.8,908
9317,10596,2001-05-11,Replicant,en,2.3111,5.836,527
9318,342878,2015-06-24,One Wild Moment,fr,5.1356,5.835,1074
9319,192134,2013-11-14,Dom Hemingway,en,1.4282,5.835,545
9320,174751,2015-12-31,Jane Got a Gun,en,1.937,5.835,880
9321,10379,1991-04-19,Drop Dead Fred,en,2.1964,5.835,402
9322,996821,2025-01-29,You're Cordially Invited,en,2.0864,5.834,447
9323,323368,2017-12-22,Hangman,en,1.7642,5.834,652
9324,38262,1986-06-06,Department Store,it,1.0909,5.834,320
9325,11806,1992-04-03,Beethoven,en,3.6977,5.836,2245
9326,240916,2014-01-17,Reasonable Doubt,en,1.4174,5.833,598
9327,11451,2005-06-19,Herbie Fully Loaded,en,4.7037,5.833,2430
9328,9988,2006-08-25,Beerfest,en,2.5083,5.833,618
9329,25643,2009-09-18,Love Happens,en,1.9531,5.8,720
9330,53172,2010-01-14,Henry's Crime,en,2.4581,5.831,386
9331,10069,2006-03-24,Stay Alive,en,2.1349,5.8,833
9332,9341,2003-03-28,The Core,en,5.8684,5.831,2167
9333,619979,2022-03-17,Deep Water,en,12.9563,5.83,1654
9334,71679,2012-09-12,Resident Evil: Retribution,en,0.4829,5.832,4331
9335,23367,2009-08-06,Bandslam,en,1.351,5.83,487
9336,6877,2006-03-10,Failure to Launch,en,3.5496,5.831,1803
9337,2087,1994-02-11,The Getaway,en,3.0838,5.83,393
9338,58547,2012-09-14,10 Years,en,1.9041,5.8,585
9339,9074,2005-09-08,The Man,en,2.3053,5.829,626
9340,7183,2007-04-11,Perfect Stranger,en,2.1718,5.825,1033
9341,496704,2018-05-01,Tremors: A Cold Day in Hell,en,2.3561,5.828,457
9342,157843,2015-09-03,Queen of the Desert,en,1.5557,5.828,306
9343,48946,2010-08-11,Chatroom,en,1.9574,5.828,311
9344,11856,1990-08-10,Air America,en,1.9711,5.828,667
9345,11851,1988-06-10,The Presidio,en,2.0414,5.828,376
9346,570132,2019-04-03,Battle of the Classes,fr,0.4462,5.8,314
9347,429460,2017-11-09,Muse,en,1.2302,5.826,374
9348,28941,1986-11-14,Chopping Mall,en,3.618,5.831,406
9349,14223,2007-05-18,Wind Chill,en,2.1291,5.826,552
9350,9980,1986-07-13,Maximum Overdrive,en,2.572,5.823,864
9351,9384,2004-03-05,Starsky & Hutch,en,4.4206,5.826,2531
9352,539885,2020-07-02,Ava,en,3.481,5.825,2767
9353,11141,2004-04-04,Laws of Attraction,en,1.4581,5.825,457
9354,10406,1992-05-22,Encino Man,en,2.8693,5.8,708
9355,9304,1996-07-19,Multiplicity,en,1.7597,5.825,603
9356,8457,2008-02-04,Drillbit Taylor,en,2.9711,5.825,1106
9357,675327,2021-01-01,Shadow in the Cloud,en,2.9422,5.826,1069
9358,73499,2011-10-27,The Double,en,2.1698,5.824,722
9359,10861,1996-09-13,Maximum Risk,en,2.6934,5.828,569
9360,9600,2000-05-31,Big Momma's House,en,4.4707,5.824,2474
9361,502416,2019-05-29,Ma,en,3.7487,5.824,2451
9362,57331,2011-02-16,Largo Winch II,fr,1.2924,5.823,405
9363,46261,2010-11-06,Don't Be Afraid of the Dark,en,2.0677,5.823,1141
9364,422715,2017-01-19,The Bride,ru,1.2429,5.822,368
9365,255157,2014-09-10,The Forger,en,1.5373,5.822,401
9366,250349,2014-04-30,Barbecue,fr,0.7035,5.822,735
9367,9424,1998-07-24,Disturbing Behavior,en,1.6521,5.822,416
9368,423087,2017-10-12,6 Below: Miracle on the Mountain,en,1.4375,5.821,394
9369,377264,2016-09-01,Morgan,en,2.1772,5.82,1603
9370,334538,2016-06-03,Into the Forest,en,1.8613,5.8,719
9371,107811,2013-03-01,21 & Over,en,2.4026,5.82,1615
9372,1452,2006-06-28,Superman Returns,en,7.2327,5.82,4596
9373,368940,2016-02-04,Robinson Crusoe,de,2.01,5.819,360
9374,14035,1979-06-28,Meatballs,en,5.1298,5.819,357
9375,11649,1987-08-07,Masters of the Universe,en,17.4376,5.818,1058
9376,11397,2001-12-07,Not Another Teen Movie,en,5.6001,5.817,2312
9377,10829,2001-10-02,Tremors 3: Back to Perfection,en,2.614,5.819,720
9378,550385,2018-11-01,Christmas with a View,en,0.8277,5.8,323
9379,380124,2016-10-21,Boo! A Madea Halloween,en,1.0705,5.8,435
9380,57157,2011-11-11,Young Adult,en,2.683,5.817,1355
9381,19286,1995-06-27,Leprechaun 3,en,1.9898,5.8,356
9382,182,2006-12-15,The Good German,en,1.8769,5.817,349
9383,325133,2016-05-04,Neighbors 2: Sorority Rising,en,3.9818,5.816,4632
9384,77987,2013-05-30,Only God Forgives,en,2.4185,5.8,2591
9385,76489,2012-04-13,The Three Stooges,en,3.4427,5.816,649
9386,19904,2009-10-16,The Stepfather,en,4.5626,5.8,960
9387,10054,2001-03-18,Spy Kids,en,6.3137,5.816,3731
9388,807172,2023-10-04,The Exorcist: Believer,en,4.2435,5.815,1289
9389,323676,2016-04-07,The Boss,en,3.0841,5.815,1398
9390,44943,2011-03-08,Battle: Los Angeles,en,5.2936,5.816,3741
9391,14211,2007-05-18,Prey,en,1.8586,5.815,414
9392,13998,2007-11-16,Margot at the Wedding,en,1.3412,5.8,319
9393,12193,2008-11-26,Four Christmases,en,2.2911,5.815,1260
9394,408266,2017-08-25,Birth of the Dragon,en,1.4732,5.814,333
9395,322240,2016-08-03,Nine Lives,en,3.0562,5.814,1139
9396,299551,2015-01-05,The Atticus Institute,en,1.0633,5.814,355
9397,20606,2009-06-11,Doghouse,en,1.6869,5.814,398
9398,12123,1996-08-02,Chain Reaction,en,2.8153,5.814,1214
9399,61630,2003-12-19,Suddenly Heaven,it,0.4428,5.813,361
9400,16164,2008-11-13,Killshot,en,1.4361,5.813,319
9401,9491,1990-03-16,Blue Steel,en,2.9024,5.813,463
9402,1272166,2025-10-15,Ballad of a Small Player,en,2.8791,5.812,321
9403,1108566,2024-09-25,Killer Heat,en,2.3192,5.818,325
9404,412988,2018-08-22,The Happytime Murders,en,2.1319,5.813,1088
9405,214030,2013-09-07,Fading Gigolo,en,1.9892,5.808,616
9406,12118,1986-03-20,Police Academy 3: Back in Training,en,3.4772,5.812,1374
9407,6499,1997-03-27,Turbo: A Power Rangers Movie,en,1.9897,5.8,314
9408,287084,2014-10-16,The Town that Dreaded Sundown,en,1.6835,5.808,527
9409,10862,2000-11-15,Bounce,en,1.8326,5.81,416
9410,9669,1999-01-23,Ring 2,ja,3.0517,5.808,466
9411,461992,2018-03-08,Hostile,en,1.6574,5.809,405
9412,19064,1985-11-15,Once Bitten,en,1.8735,5.809,362
9413,437311,2017-04-07,Orbiter 9,es,1.2072,5.808,318
9414,320316,2015-01-29,Italiano medio,it,0.3645,5.808,487
9415,150202,2013-02-01,The Haunting in Connecticut 2: Ghosts of Georgia,en,2.4128,5.808,560
9416,9738,2005-06-29,Fantastic Four,en,7.8986,5.808,10025
9417,8869,2002-07-17,Eight Legged Freaks,en,2.8531,5.807,1355
9418,10694,1994-03-04,The Chase,en,2.7229,5.807,389
9419,1408,1995-12-22,Cutthroat Island,en,2.9851,5.806,623
9420,403119,2017-05-25,47 Meters Down,en,3.058,5.805,2866
9421,256474,2014-04-04,In the Blood,en,1.6227,5.795,385
9422,60049,2007-10-09,Come tu mi vuoi,it,0.3831,5.805,581
9423,19366,2001-04-06,Josie and the Pussycats,en,1.8035,5.8,374
9424,10768,1981-03-20,The Final Conflict,en,2.3657,5.804,642
9425,9981,2005-05-13,Kicking & Screaming,en,2.1319,5.805,690
9426,1441,2006-04-05,The Contract,en,3.7004,5.805,570
9427,788752,2022-11-18,Viking Wolf,no,1.6439,5.804,373
9428,60281,2013-02-22,To the Wonder,en,1.8534,5.8,542
9429,2565,1990-03-09,Joe Versus the Volcano,en,1.7376,5.804,583
9430,760245,2023-10-06,Foe,en,2.3492,5.803,302
9431,693113,2021-07-23,Midnight in the Switchgrass,en,2.4805,5.799,486
9432,325848,2015-04-29,The Parisian Bitch,fr,0.7112,5.8,485
9433,12120,1988-12-09,My Stepmother Is an Alien,en,3.3504,5.795,595
9434,456165,2018-02-28,Family Is Family,fr,1.0351,5.802,771
9435,112454,2014-11-13,Clown,en,2.8332,5.8,1465
9436,10092,2005-09-16,Cry_Wolf,en,2.1507,5.805,588
9437,354861,2017-12-21,Father Figures,en,2.3991,5.801,682
9438,184315,2014-07-23,Hercules,en,9.8415,5.801,4363
9439,123105,2012-09-13,The Bay,en,2.8559,5.799,879
9440,87428,2012-06-14,That's My Boy,en,6.4476,5.8,2158
9441,42949,2010-08-22,Arthur 3: The War of the Two Worlds,fr,2.3878,5.801,1619
9442,41665,1993-12-21,Fantozzi in Heaven,it,0.4023,5.8,388
9443,30618,2010-09-01,Bunraku,en,1.8404,5.8,352
9444,50359,2011-03-30,Hop,en,5.2071,5.799,1394
9445,13836,2009-03-13,Race to Witch Mountain,en,3.1715,5.799,1829
9446,13536,2002-09-06,City by the Sea,en,1.8233,5.798,388
9447,82505,2012-09-21,House at the End of the Street,en,4.0112,5.797,1910
9448,35025,2010-02-16,The Pimp,fr,0.7272,5.797,303
9449,8676,2008-02-07,Fool's Gold,en,4.2366,5.794,1602
9450,1961,2007-10-01,My Name Is Bruce,en,0.7734,5.795,365
9451,664341,2023-12-01,Eileen,en,1.7993,5.8,398
9452,52451,2011-08-31,The Three Musketeers,en,5.8503,5.794,2790
9453,11478,2000-03-31,The Skulls,en,2.5198,5.794,603
9454,615469,2022-06-15,Spiderhead,en,2.2898,5.793,1754
9455,70706,2013-01-22,Very Good Girls,en,1.529,5.8,455
9456,41436,2010-10-20,Paranormal Activity 2,en,2.9096,5.793,2650
9457,353491,2017-08-03,The Dark Tower,en,5.2752,5.8,5543
9458,250546,2014-10-01,Annabelle,en,6.5601,5.792,6564
9459,72477,2011-10-14,Texas Killing Fields,en,1.1964,5.792,522
9460,46221,2011-05-19,The Tunnel,en,1.6167,5.792,465
9461,957452,2024-08-21,The Crow,en,5.8563,5.791,1288
9462,81836,2012-04-20,To Rome with Love,en,1.9929,5.791,2096
9463,17169,1980-12-17,Any Which Way You Can,en,2.1767,5.8,370
9464,1425045,2025-07-02,Brick,de,3.7585,5.79,737
9465,68179,2013-02-14,Escape from Planet Earth,en,2.5692,5.79,827
9466,56906,2011-01-28,Husk,en,1.3051,5.79,373
9467,10878,2001-02-09,Saving Silverman,en,2.5004,5.79,624
9468,9906,2006-07-28,The Ant Bully,en,4.258,5.79,1475
9469,880841,2022-06-17,Abandoned,en,1.3519,5.774,312
9470,661930,2021-04-09,The Swarm,fr,0.7715,5.789,509
9471,3489,2007-02-14,88 Minutes,en,2.5529,5.789,1191
9472,1717,2006-09-10,All the King's Men,en,1.6924,5.8,337
9473,18896,2009-06-10,The French Kissers,fr,0.7128,5.8,476
9474,489929,2018-08-02,Destination Wedding,en,1.6267,5.787,835
9475,433251,2017-08-11,Naked,en,2.8884,5.8,1340
9476,39106,1994-07-09,Dragon Ball Z: Bio-Broly,ja,3.4929,5.8,569
9477,24001,2009-09-29,The Hills Run Red,en,1.5216,5.786,344
9478,14869,2009-08-03,G.I. Joe: The Rise of Cobra,en,9.7996,5.785,4940
9479,271718,2015-07-17,Trainwreck,en,3.7874,5.785,2727
9480,275601,2015-07-10,Ricki and the Flash,en,1.461,5.784,742
9481,11632,2004-09-01,Vanity Fair,en,1.827,5.784,359
9482,429202,2018-09-07,Vox Lux,en,2.0957,5.8,533
9483,305932,2014-12-12,Expelled,en,0.5258,5.783,454
9484,9095,1996-02-23,Mary Reilly,en,1.6196,5.8,343
9485,582186,2019-02-14,"Oh, Ramona!",en,1.2053,5.782,425
9486,257344,2015-07-16,Pixels,en,10.3,5.8,8070
9487,34636,1990-10-25,The NeverEnding Story II: The Next Chapter,de,2.5928,5.782,888
9488,1128655,2025-04-11,The Surfer,en,2.9301,5.781,311
9489,412546,2018-10-14,Antrum,en,1.4496,5.781,352
9490,357096,2015-10-01,I Spit on Your Grave III: Vengeance Is Mine,en,5.4189,5.781,1065
9491,94380,2012-04-12,Bad Ass,en,3.3506,5.781,434
9492,11519,1979-12-14,1941,en,3.4146,5.781,693
9493,10733,2004-04-07,The Alamo,en,3.6476,5.781,367
9494,85038,2012-01-18,Welcome to the North,it,0.7221,5.78,1349
9495,10014,1985-11-01,A Nightmare on Elm Street Part 2: Freddy's Revenge,en,4.12,5.8,2115
9496,265010,2014-10-10,The Canal,en,1.334,5.779,463
9497,56014,2010-10-27,Men Vs Women,it,0.5292,5.779,706
9498,9683,2001-08-24,Bubble Boy,en,2.8609,5.779,632
9499,3603,2006-09-10,Black Sheep,en,2.538,5.779,829
9500,355008,2016-04-22,Special Correspondents,en,1.3475,5.778,561
9501,12090,2003-01-08,Just Married,en,3.1796,5.778,1466
9502,1375,1990-11-16,Rocky V,en,4.7861,5.8,3480
9503,862552,2023-03-09,The Ritual Killer,en,1.9679,5.777,370
9504,489064,2019-09-16,3 from Hell,en,2.0777,5.8,546
9505,256569,2016-10-14,Trespass Against Us,en,1.1752,5.777,348
9506,62206,2011-08-11,30 Minutes or Less,en,4.3886,5.777,1842
9507,16222,2000-03-31,Whatever It Takes,en,2.0485,5.768,302
9508,11456,2001-10-28,Domestic Disturbance,en,1.5544,5.777,471
9509,927107,2023-12-14,The Bricklayer,en,2.2712,5.776,397
9510,234004,2016-04-13,Ratchet & Clank,en,2.0083,5.776,672
9511,311539,2015-07-20,A Christmas Horror Story,en,0.9307,5.775,374
9512,271969,2016-08-17,Ben-Hur,en,4.0253,5.775,1789
9513,13498,2005-02-25,Man of the House,en,2.5983,5.775,508
9514,270774,2016-07-21,Skiptrace,en,3.312,5.774,769
9515,26505,2009-11-26,Arthur and the Revenge of Maltazard,fr,3.0772,5.776,1794
9516,10805,1983-07-11,Staying Alive,en,2.1812,5.774,497
9517,449459,2019-01-04,The Vanishing,en,1.7847,5.773,788
9518,84105,2012-01-13,Frenemies,en,1.7294,5.773,444
9519,10996,2002-07-19,Stuart Little 2,en,3.3135,5.773,2553
9520,628917,2020-08-06,An American Pickle,en,2.1944,5.772,596
9521,595743,2021-08-11,SAS: Red Notice,en,3.7556,5.772,592
9522,13207,2009-02-11,Friday the 13th,en,6.45,5.771,2871
9523,129139,2013-07-24,The To Do List,en,4.47,5.771,1094
9524,56903,2004-03-12,Three Steps Over Heaven,it,1.0223,5.771,714
9525,13812,2008-10-10,Quarantine,en,2.242,5.768,1384
9526,11565,2006-01-26,Big Momma's House 2,en,4.3565,5.771,1704
9527,869,2001-07-26,Planet of the Apes,en,7.3754,5.771,4437
9528,119698,2012-08-09,The Dinosaur Project,en,1.697,5.77,332
9529,1079485,2024-03-26,Winnie-the-Pooh: Blood and Honey 2,en,6.0077,5.8,480
9530,517412,2020-08-14,Tesla,en,1.7479,5.769,375
9531,20068,2005-03-18,The Manual of Love,it,0.7102,5.769,333
9532,739413,2021-12-17,Mother/Android,en,1.5983,5.768,839
9533,276902,2014-10-04,Cut Bank,en,1.7976,5.768,357
9534,159128,2013-09-27,We Are What We Are,en,1.1309,5.768,593
9535,57165,2012-03-28,Wrath of the Titans,en,5.8349,5.768,4516
9536,50671,2011-02-10,The Resident,en,2.1603,5.8,680
9537,9886,1995-05-26,Johnny Mnemonic,en,3.3614,5.768,1531
9538,492621,2016-09-30,The Midnight Man,en,1.2816,5.8,442
9539,332704,2015-07-25,Backtrack,en,1.1621,5.767,405
9540,11908,2006-04-27,Hatchet,en,2.7084,5.767,730
9541,560204,2020-05-05,Arkansas,en,1.0239,5.766,350
9542,459202,2017-10-20,Boo 2! A Madea Halloween,en,1.1154,5.8,495
9543,451877,2018-09-14,I Think We're Alone Now,en,1.6112,5.766,450
9544,339396,2016-11-11,True Memoirs of an International Assassin,en,2.2074,5.766,853
9545,45650,2009-09-12,The Hole,en,3.9824,5.766,764
9546,14289,1997-09-05,Fire Down Below,en,2.7283,5.765,400
9547,9884,2002-02-06,Collateral Damage,en,3.5175,5.765,1507
9548,1683,2007-04-04,The Reaping,en,2.6381,5.765,895
9549,72331,2012-06-20,Abraham Lincoln: Vampire Hunter,en,4.401,5.763,3569
9550,9051,1979-10-05,10,en,2.7974,5.763,306
9551,347754,2015-08-31,Curve,en,2.3428,5.762,537
9552,224141,2014-12-24,Into the Woods,en,3.5083,5.762,4423
9553,41668,1996-12-20,Fantozzi The Return,it,0.4021,5.762,399
9554,4823,1992-02-07,Final Analysis,en,3.0329,5.762,319
9555,974573,2025-03-07,Another Simple Favor,en,3.573,5.76,526
9556,737568,2020-10-01,The Doorman,en,1.5984,5.76,459
9557,266396,2015-02-16,The Gunman,en,3.8928,5.76,1044
9558,16235,1982-09-24,Amityville II: The Possession,en,1.9927,5.8,405
9559,2334,2003-01-29,Taxi 3,fr,3.7759,5.759,1667
9560,1996,2003-07-21,Lara Croft: Tomb Raider - The Cradle of Life,en,3.6036,5.759,4528
9561,539537,2020-02-12,Fantasy Island,en,3.574,5.759,2647
9562,332411,2016-04-14,I Am Wrath,en,2.9427,5.764,747
9563,18176,2008-01-17,Assassination of a High School President,en,1.3121,5.756,330
9564,2124,1994-08-19,Color of Night,en,3.8547,5.762,632
9565,504585,2019-11-01,Little Joe,en,1.2492,5.757,321
9566,4597,2009-12-04,Armored,en,1.99,5.757,709
9567,40817,2010-01-29,Kiss Me Again,it,0.5903,5.756,387
9568,10320,2005-03-10,The Ring Two,en,4.5368,5.754,2472
9569,41513,2011-07-29,The Smurfs,en,5.9352,5.755,4011
9570,223702,2016-07-11,Sausage Party,en,6.9743,5.754,7735
9571,213681,2016-09-29,Masterminds,en,1.9951,5.754,1869
9572,35626,2008-11-04,Return to Sleepaway Camp,en,0.9333,5.754,342
9573,10679,2012-04-04,Iron Sky,en,2.9135,5.755,1793
9574,10599,2002-10-11,Pinocchio,it,1.0987,5.754,790
9575,9966,2007-02-02,The Messengers,en,3.3387,5.75,871
9576,45657,2010-09-13,The Ward,en,3.0524,5.751,1296
9577,8867,1989-10-05,The Punisher,en,4.6786,5.753,687
9578,390051,2017-02-28,Aftermath,en,2.6312,5.8,969
9579,77931,2013-07-30,The Smurfs 2,en,5.1553,5.751,2372
9580,9038,2007-10-05,The Heartbreak Kid,en,3.611,5.753,1768
9581,2122,2004-04-07,The Whole Ten Yards,en,1.7465,5.752,1038
9582,40969,1980-10-03,Terror Train,en,1.4248,5.8,311
9583,370567,2018-03-15,Sherlock Gnomes,en,2.7251,5.75,777
9584,13742,2006-02-01,Satan,fr,1.0635,5.75,384
9585,790462,2024-01-19,I.S.S.,en,2.6119,5.749,400
9586,366668,2019-06-10,Playmobil: The Movie,en,1.3608,5.7,311
9587,10035,2000-09-01,100 Girls,en,2.5439,5.748,489
9588,291328,2016-11-23,Rules Don't Apply,en,1.4798,5.7,501
9589,171424,2013-09-08,The Green Inferno,en,8.4459,5.747,1596
9590,124459,2013-03-14,The Incredible Burt Wonderstone,en,5.2551,5.746,1546
9591,71672,2011-10-17,Wrong Turn 4: Bloody Beginnings,en,8.264,5.7,1226
9592,17335,2009-02-26,Obsessed,en,2.9425,5.746,702
9593,15983,1985-09-27,Invasion U.S.A.,en,1.3848,5.746,350
9594,10723,1996-09-06,Bulletproof,en,1.7327,5.746,642
9595,41517,2011-10-24,Ra.One,hi,2.5949,5.7,383
9596,157433,2019-04-04,Pet Sematary,en,3.7038,5.744,3437
9597,557946,2022-01-27,Last Looks,en,2.3976,5.743,380
9598,486103,2018-03-01,My Big Gay Italian Wedding,it,0.7091,5.743,317
9599,440597,2017-07-07,Wish Upon,en,3.4314,5.743,1469
9600,347945,2015-07-22,Synchronicity,en,1.1776,5.743,409
9601,333663,2016-10-07,War on Everyone,en,1.5282,5.743,471
9602,728949,2024-12-06,Nightbitch,en,2.564,5.742,368
9603,382597,2017-02-01,R.A.I.D. Special Unit,fr,2.4192,5.742,949
9604,10040,2005-03-11,Miss Congeniality 2: Armed and Fabulous,en,3.3596,5.742,1971
9605,306964,2015-10-16,Tales of Halloween,en,1.1303,5.738,534
9606,209189,2013-09-14,Life of Crime,en,1.5262,5.7,429
9607,14098,2008-07-22,100 Feet,en,1.893,5.741,345
9608,6641,2006-09-09,Love and Other Disasters,en,1.5163,5.7,350
9609,760873,2021-08-26,The Colony,de,4.4291,5.7,354
9610,10823,1984-03-09,Children of the Corn,en,2.6331,5.741,1133
9611,268920,2015-05-08,Hot Pursuit,en,2.9846,5.736,1740
9612,73262,2011-09-20,Hell,de,0.94,5.738,305
9613,9562,2003-11-26,Timeline,en,3.2802,5.738,1173
9614,987686,2024-06-27,A Family Affair,en,2.8233,5.737,733
9615,869291,2024-02-16,Cuckoo,en,2.6937,5.727,544
9616,811631,2022-03-25,Infinite Storm,en,2.5516,5.737,357
9617,748167,2024-09-12,Uglies,en,2.7068,5.737,938
9618,59115,2011-06-16,Quarantine 2: Terminal,en,1.3406,5.737,625
9619,10771,2002-09-27,The Tuxedo,en,5.9688,5.735,2182
9620,10053,2006-02-03,When a Stranger Calls,en,2.4725,5.7,1154
9621,9877,1998-09-25,Urban Legend,en,3.0254,5.737,1473
9622,567971,2020-10-02,Vampires vs. the Bronx,en,1.1236,5.736,320
9623,312831,2015-11-06,The Hallow,en,1.8115,5.736,685
9624,276488,2014-04-17,Let Us Prey,en,1.2955,5.736,364
9625,273169,2014-06-04,French Women,fr,0.5598,5.736,386
9626,10905,1985-07-18,The Man with One Red Shoe,en,1.4908,5.736,312
9627,215379,2014-06-28,Young Ones,en,1.9057,5.734,335
9628,52214,2007-12-14,A Beautiful Wife,it,0.7825,5.734,485
9629,772272,2022-02-10,Tall Girl 2,en,1.8292,5.733,414
9630,85735,2011-12-10,Love Lasts Three Years,fr,0.6055,5.732,428
9631,8920,2004-06-10,Garfield,en,4.9494,5.732,4260
9632,15566,2004-09-21,Surviving Christmas,en,1.6715,5.7,590
9633,11472,1995-07-12,Nine Months,en,1.6474,5.731,709
9634,614911,2020-12-10,The Midnight Sky,en,2.0314,5.73,2029
9635,172,1989-06-09,Star Trek V: The Final Frontier,en,2.9662,5.7,1311
9636,413998,2017-06-08,My Cousin Rachel,en,1.2673,5.729,620
9637,10799,2005-04-20,Empire of the Wolves,fr,0.7655,5.729,323
9638,8870,2000-11-10,Red Planet,en,2.7546,5.729,1170
9639,15681,2009-02-06,Ex,it,0.5419,5.727,467
9640,11132,2004-02-17,Confessions of a Teenage Drama Queen,en,1.8251,5.726,955
9641,376865,2018-09-26,High Life,en,2.2492,5.726,1233
9642,304372,2015-09-11,The Perfect Guy,en,1.4184,5.726,341
9643,10327,2003-07-02,"Legally Blonde 2: Red, White & Blonde",en,5.2801,5.725,1757
9644,9616,2003-09-05,The Order,en,2.429,5.712,384
9645,17941,1998-03-06,Hush,en,1.4454,5.724,328
9646,115348,2013-08-14,Paranoia,en,2.2178,5.723,913
9647,48988,2011-02-25,Hall Pass,en,4.4777,5.723,2135
9648,14123,2007-08-03,Bratz,en,1.9797,5.721,473
9649,3050,1998-06-26,Doctor Dolittle,en,8.027,5.721,3299
9650,340601,2018-05-10,Delirium,en,1.4893,5.72,336
9651,26263,1987-06-11,Death Wish 4: The Crackdown,en,1.8967,5.712,353
9652,10891,2004-01-02,Tremors 4: The Legend Begins,en,2.2943,5.721,525
9653,109513,2012-08-22,Hit & Run,en,1.8446,5.719,581
9654,13476,2004-01-23,Win a Date with Tad Hamilton!,en,1.2922,5.719,516
9655,2928,1996-12-25,Michael,en,2.099,5.719,687
9656,38778,2010-07-30,Dinner for Schmucks,en,2.5418,5.718,1946
9657,10661,2008-06-05,You Don't Mess with the Zohan,en,5.8398,5.718,4085
9658,5552,2004-03-13,Immortal,fr,1.1694,5.717,454
9659,384682,2016-11-25,Office Christmas Party,en,2.6472,5.715,2227
9660,336455,2016-02-18,Viral,en,2.4181,5.723,576
9661,36599,1980-07-18,Prom Night,en,2.5944,5.7,501
9662,8860,1997-01-16,Metro,en,2.0572,5.716,620
9663,541560,2018-05-05,The Wind,en,1.2474,5.715,365
9664,385360,2018-07-19,Billionaire Boys Club,en,1.9521,5.715,508
9665,89455,2012-07-25,360,en,1.1853,5.715,305
9666,13713,2006-04-05,Jean-Philippe,fr,0.5486,5.714,323
9667,11467,2001-07-17,America's Sweethearts,en,1.7075,5.7,896
9668,10344,1989-02-10,The Fly II,en,2.6299,5.72,730
9669,6948,2006-04-24,The Woods,en,1.851,5.714,301
9670,85435,2012-01-05,A Few Best Men,en,0.8456,5.713,451
9671,248574,2015-04-23,Barely Lethal,en,1.9419,5.712,1114
9672,9292,1991-05-23,Hudson Hawk,en,3.6936,5.712,1144
9673,1097549,2024-12-25,Babygirl,en,10.8938,5.711,1218
9674,156547,2013-01-03,Us in the U.S.,it,0.2253,5.7,308
9675,70435,2011-11-01,Haywire,en,2.0904,5.711,1489
9676,9623,1996-02-02,The Juror,en,3.4287,5.711,445
9677,492611,2020-01-23,The Turning,en,2.2889,5.7,1031
9678,487004,2018-03-21,The Full House,fr,0.4968,5.71,316
9679,4954,1994-12-08,Drop Zone,en,3.1793,5.71,461
9680,480105,2019-08-15,47 Meters Down: Uncaged,en,3.0768,5.708,1527
9681,469916,2018-05-25,Downrange,en,0.8652,5.716,340
9682,144789,2013-03-08,I'm So Excited!,es,0.8743,5.7,717
9683,27726,1982-09-08,Q,en,1.9363,5.708,496
9684,1010600,2024-05-15,The Strangers: Chapter 1,en,4.9782,5.708,787
9685,416051,2017-11-01,Based on a True Story,fr,0.927,5.708,521
9686,371608,2018-03-07,The Strangers: Prey at Night,en,2.5907,5.7,1505
9687,55301,2011-12-14,Alvin and the Chipmunks: Chipwrecked,en,4.815,5.7,2361
9688,11637,2005-01-20,Are We There Yet?,en,4.3919,5.712,1063
9689,463053,2018-05-25,Ibiza,en,1.2783,5.707,1188
9690,2155,2000-02-25,Reindeer Games,en,2.2205,5.707,732
9691,844417,2023-02-15,Marlowe,en,1.9943,5.706,437
9692,389053,2016-05-27,The Do-Over,en,2.8803,5.705,1603
9693,60747,2012-03-15,Red Dawn,en,4.323,5.706,1742
9694,622420,2019-11-09,The Jack in the Box,en,1.4841,5.705,479
9695,310126,2014-12-11,"The Rich, the Pauper and the Butler",it,0.2889,5.705,890
9696,20856,2009-07-30,Aliens in the Attic,en,2.6378,5.7,1060
9697,499726,2018-05-02,MILF,fr,4.9638,5.704,596
9698,94363,2012-05-11,Hick,en,1.4758,5.7,451
9699,265208,2015-01-14,Wild Card,en,6.6493,5.704,1952
9700,54445,2011-03-01,S.W.A.T.: Firefight,en,2.6082,5.7,406
9701,1053544,2023-09-15,The Abyss,sv,1.9506,5.702,314
9702,631060,2021-04-29,Things Heard & Seen,en,1.9899,5.703,1079
9703,514277,2018-08-22,Mara,en,1.2622,5.702,420
9704,28665,2009-09-23,Fame,en,1.5009,5.702,382
9705,23823,2009-10-08,Wrong Turn 3: Left for Dead,en,8.5798,5.702,1283
9706,6071,1995-04-21,Kiss of Death,en,2.0685,5.702,363
9707,11067,1994-03-30,Major League II,en,1.7858,5.701,368
9708,86835,2015-09-10,Knight of Cups,en,2.2724,5.7,724
9709,40377,1990-11-10,Psycho IV: The Beginning,en,1.3547,5.7,307
9710,25137,2009-02-05,Beyond a Reasonable Doubt,en,1.372,5.7,348
9711,193687,2015-08-13,Z for Zachariah,en,1.5148,5.701,1000
9712,167810,2015-04-08,Lost River,en,1.5089,5.7,643
9713,15159,2009-02-06,The Pink Panther 2,en,2.3519,5.699,1280
9714,714375,2020-07-16,Fatal Affair,en,1.0836,5.698,311
9715,334074,2015-05-21,Survivor,en,3.5404,5.698,1085
9716,205584,2016-02-25,Gods of Egypt,en,6.6737,5.698,4370
9717,520725,2020-02-12,The Lost Prince,fr,1.5041,5.697,370
9718,253161,2015-06-04,Madame Bovary,en,1.5379,5.695,420
9719,12192,2008-04-11,Pathology,en,1.8447,5.695,517
9720,38358,2010-08-27,The Last Exorcism,en,2.6395,5.7,1115
9721,16643,2002-04-24,Life or Something Like It,en,1.6161,5.693,629
9722,10154,1999-08-16,Mickey Blue Eyes,en,1.423,5.7,599
9723,18501,2009-09-03,Gamer,en,3.1308,5.7,2643
9724,485811,2018-09-07,Redcon-1,en,1.7603,5.69,329
9725,11398,2000-08-25,The Art of War,en,2.3655,5.69,557
9726,397422,2017-06-15,Rough Night,en,3.6942,5.689,2103
9727,1705,1973-06-15,Battle for the Planet of the Apes,en,2.53,5.689,1064
9728,12620,2008-08-22,The House Bunny,en,4.6334,5.7,2041
9729,11547,2003-08-15,Cabin Fever,en,2.6226,5.687,1450
9730,430040,2018-02-28,The Hurricane Heist,en,2.3834,5.7,1081
9731,16314,1992-08-07,3 Ninjas,en,3.3843,5.7,473
9732,10756,2003-11-26,The Haunted Mansion,en,3.0362,5.685,2141
9733,575322,2022-01-06,Project Gemini,en,2.0074,5.684,500
9734,437425,2017-03-15,You Choose!,fr,0.6685,5.7,321
9735,10169,1990-08-24,Men at Work,en,1.4781,5.684,426
9736,2959,2007-07-04,License to Wed,en,1.6891,5.684,925
9737,12594,1999-03-12,Wishmaster 2: Evil Never Dies,en,2.1148,5.683,325
9738,9890,2004-06-10,The Stepford Wives,en,2.5421,5.681,1432
9739,852445,2023-09-20,Acid,fr,1.9464,5.681,335
9740,49849,2011-07-29,Cowboys & Aliens,en,9.4111,5.682,5465
9741,312669,2016-04-27,Maggie's Plan,en,1.3692,5.68,401
9742,86834,2014-03-07,Noah,en,4.9182,5.68,6625
9743,51170,2010-10-21,Open Season 3,en,2.639,5.683,681
9744,1265063,2025-10-09,After the Hunt,en,3.7405,5.7,496
9745,704673,2024-06-20,Trigger Warning,en,3.043,5.7,582
9746,658777,2020-09-02,Freaks - You're One of Us,de,1.7055,5.678,380
9747,111440,2012-05-25,The Pact,en,1.8498,5.678,531
9748,23410,2009-08-30,The Thaw,en,1.9137,5.678,351
9749,19698,1983-06-24,Porky's II: The Next Day,en,1.0332,5.678,353
9750,559401,2019-05-24,Sibyl,fr,1.7851,5.7,519
9751,167575,2013-06-14,Hatchet III,en,1.4422,5.677,388
9752,2800,2005-12-22,Rumor Has It...,en,2.7168,5.677,1251
9753,440762,2019-10-15,Jay and Silent Bob Reboot,en,1.7679,5.676,603
9754,429476,2018-09-27,Hell Fest,en,2.1821,5.676,882
9755,230222,2013-10-17,Tarzan,en,2.1545,5.7,623
9756,9447,1998-11-25,Babe: Pig in the City,en,2.6438,5.675,1332
9757,12662,1986-04-02,Psycho III,en,1.9773,5.7,438
9758,336890,2017-03-17,Goon: Last of the Enforcers,en,1.0484,5.673,355
9759,1534,2007-01-11,Pathfinder,en,2.6205,5.672,787
9760,960258,2022-05-13,Shark Bait,en,2.3844,5.671,365
9761,9757,2007-02-08,Norbit,en,6.8459,5.671,2604
9762,1244944,2025-03-27,The Woman in the Yard,en,3.3851,5.67,430
9763,394830,2017-04-27,The Crucifixion,en,3.1495,5.67,539
9764,49014,2012-05-25,Cosmopolis,en,1.5291,5.67,1348
9765,18298,2001-12-12,The Three Kings,fr,0.759,5.7,348
9766,9009,2005-07-08,Dark Water,en,2.7966,5.67,1121
9767,9381,2008-08-20,Babylon A.D.,en,3.4223,5.668,2271
9768,139567,2012-08-31,Fire with Fire,en,2.0626,5.667,734
9769,11066,1992-06-28,Boomerang,en,2.6733,5.667,633
9770,384798,2016-05-13,Kill Command,en,2.8378,5.666,652
9771,438,2004-10-10,Cube Zero,en,5.2436,5.666,1160
9772,1083433,2025-07-16,I Know What You Did Last Summer,en,5.5661,5.665,792
9773,429471,2019-03-15,Captive State,en,2.7321,5.665,1268
9774,484437,2019-03-01,The Hole in the Ground,en,1.8961,5.664,759
9775,10603,1997-07-15,George of the Jungle,en,6.9916,5.664,2268
9776,9927,2005-12-23,The Ringer,en,1.8094,5.664,354
9777,12518,1992-08-28,Honeymoon in Vegas,en,1.0848,5.7,323
9778,10200,2008-12-10,The Day the Earth Stood Still,en,5.4803,5.662,3773
9779,346808,2015-10-15,Momentum,en,2.0514,5.661,586
9780,101519,2012-06-07,A Fantastic Fear of Everything,en,0.8343,5.661,317
9781,95516,2012-03-08,Cleanskin,en,1.2033,5.661,355
9782,14239,1992-07-10,Cool World,en,2.9332,5.661,807
9783,383869,2016-06-01,Back to Mom's,fr,0.5439,5.66,463
9784,50037,2010-12-03,Beyond the Black Rainbow,en,2.0147,5.66,406
9785,24271,2009-05-09,The Maiden Heist,en,1.2808,5.7,382
9786,336011,2016-09-02,White Girl,en,1.886,5.7,477
9787,72559,2013-03-27,G.I. Joe: Retaliation,en,10.2,5.659,5792
9788,850028,2022-12-30,"Alice, Darling",en,1.8493,5.658,316
9789,231001,2013-10-29,All Hallows' Eve,en,2.397,5.7,663
9790,23398,2009-12-21,Alvin and the Chipmunks: The Squeakquel,en,5.1597,5.7,3137
9791,9849,1999-02-11,My Favorite Martian,en,1.7946,5.658,351
9792,624808,2020-04-10,Love Wedding Repeat,en,1.0605,5.657,726
9793,531499,2020-08-07,The Tax Collector,en,2.4639,5.665,534
9794,39451,2010-12-21,Little Fockers,en,3.7001,5.657,3463
9795,653601,2020-01-27,Horse Girl,en,2.4497,5.7,603
9796,114606,2012-08-31,Cockneys vs Zombies,en,1.2088,5.656,461
9797,16337,1986-08-22,The Texas Chainsaw Massacre 2,en,3.0443,5.7,1023
9798,9574,1997-11-26,Flubber,en,3.4897,5.656,2560
9799,11569,1992-09-11,Hellraiser III: Hell on Earth,en,2.6622,5.7,847
9800,441384,2019-03-21,The Beach Bum,en,1.6014,5.654,564
9801,9488,2002-08-07,Spy Kids 2: The Island of Lost Dreams,en,5.3257,5.654,2357
9802,999722,2022-10-07,Old People,de,1.356,5.653,339
9803,490448,2018-09-15,Our Happy Holiday,fr,0.4113,5.7,405
9804,118957,2012-09-05,Bait,en,2.393,5.653,812
9805,18998,1995-07-11,Darkman II: The Return of Durant,en,1.0643,5.653,300
9806,11056,2002-10-11,Darkness,en,1.0661,5.653,430
9807,9622,1997-01-17,Beverly Hills Ninja,en,2.3578,5.7,849
9808,958196,2023-03-09,Inside,en,2.2759,5.645,533
9809,480414,2019-04-17,The Curse of La Llorona,en,5.7357,5.652,2679
9810,77875,2012-11-29,Playing for Keeps,en,2.368,5.652,728
9811,929,1998-05-20,Godzilla,en,5.8638,5.651,4248
9812,826749,2021-12-17,Fortress,en,1.4666,5.7,370
9813,10134,1989-04-07,Cyborg,en,3.325,5.65,834
9814,469876,2017-11-09,Addio fottuti musi verdi,it,0.3418,5.649,397
9815,7341,1999-03-12,The Rage: Carrie 2,en,2.2658,5.649,461
9816,5146,2003-05-23,The In-Laws,en,1.6575,5.6,313
9817,806,2006-06-06,The Omen,en,4.031,5.649,1200
9818,760195,2021-04-30,Separation,en,1.858,5.648,328
9819,475220,2018-12-06,In Fabric,en,1.3232,5.648,371
9820,340584,2016-11-04,Lavender,en,0.9858,5.647,358
9821,302150,2017-06-08,The Hunter's Prayer,en,1.7287,5.647,439
9822,28510,2010-02-23,Universal Soldier: Regeneration,en,2.1207,5.656,495
9823,19173,2008-10-17,Diary of a Nymphomaniac,es,7.6304,5.647,365
9824,253344,2014-11-06,Some Kind of Beautiful,en,3.1512,5.6,611
9825,152790,2014-05-23,The Angriest Man in Brooklyn,en,1.1034,5.646,548
9826,146375,2012-12-15,On the Other Side of the Tracks,fr,0.6812,5.6,703
9827,9327,1996-06-28,The Nutty Professor,en,3.8181,5.646,3133
9828,827931,2024-10-29,Time Cut,en,3.1666,5.645,601
9829,410554,2017-07-21,First Kill,en,1.6562,5.645,590
9830,400710,2017-09-28,Flatliners,en,2.4192,5.645,2396
9831,342474,2015-07-31,Jenny's Wedding,en,0.977,5.645,437
9832,13596,2008-09-19,My Best Friend's Girl,en,1.9837,5.645,804
9833,604563,2021-08-04,OSS 117: From Africa with Love,fr,1.112,5.6,862
9834,6171,2003-03-21,Dreamcatcher,en,2.7851,5.6,1921
9835,13260,2008-02-28,Semi-Pro,en,2.3972,5.643,887
9836,50135,2010-10-07,Animals United,de,1.7391,5.642,345
9837,1226406,2025-02-06,Love Hurts,en,2.7927,5.641,379
9838,8202,2005-11-30,Æon Flux,en,4.8413,5.64,2469
9839,26198,1983-12-16,The Keep,en,2.3669,5.64,314
9840,195269,2013-06-01,12 Rounds 2: Reloaded,en,1.2844,5.639,306
9841,23730,1984-08-31,C.H.U.D.,en,1.8389,5.633,311
9842,9676,2006-09-15,The Black Dahlia,en,2.8158,5.638,1210
9843,692969,2020-10-22,Cadaver,no,1.3171,5.637,689
9844,434555,2018-11-29,The Possession of Hannah Grace,en,3.7023,5.636,1495
9845,252680,2014-03-25,Moms' Night Out,en,1.186,5.637,306
9846,14175,2005-03-25,Valiant,en,3.8508,5.641,990
9847,22825,2009-10-29,The Box,en,4.1147,5.636,1896
9848,10956,2001-04-10,Joe Dirt,en,3.0893,5.636,810
9849,10762,2004-08-20,Without a Paddle,en,2.4701,5.636,714
9850,10163,1992-03-05,The Lawnmower Man,en,1.8743,5.6,850
9851,8277,2007-12-19,American Pie Presents: Beta House,en,5.0938,5.636,2028
9852,7233,2005-07-01,Rebound,en,1.8992,5.636,359
9853,310137,2015-06-26,Bound to Vengeance,en,0.7463,5.635,303
9854,542917,2019-10-25,Twin Murders: The Silence of the White City,es,1.3736,5.634,346
9855,49787,2010-05-15,The Reef,en,1.9206,5.634,604
9856,760204,2022-10-28,The Lair,en,2.0072,5.633,313
9857,345914,2017-06-29,The House,en,2.5151,5.633,982
9858,18480,2009-07-08,Brüno,en,4.1438,5.633,1928
9859,1979,2007-06-13,Fantastic Four: Rise of the Silver Surfer,en,6.1695,5.633,8434
9860,384521,2018-02-04,The Cloverfield Paradox,en,5.5988,5.634,3583
9861,70074,2012-11-14,Bullet to the Head,en,2.758,5.631,1388
9862,146238,2013-09-24,Runner Runner,en,2.2971,5.6,1326
9863,354282,2016-02-17,Science Fiction Volume One: The Osiris Child,en,2.9285,5.628,535
9864,7839,2006-09-09,Wedding Daze,en,2.6862,5.627,411
9865,301372,2017-04-28,Voice from the Stone,en,1.1792,5.623,498
9866,231474,2013-10-25,The Hunters,en,1.4879,5.625,356
9867,144336,2014-03-28,Sabotage,en,2.3517,5.625,1532
9868,11377,1999-10-29,House on Haunted Hill,en,2.3671,5.624,966
9869,9794,2006-10-06,Employee of the Month,en,1.8299,5.627,706
9870,1212142,2025-02-04,Kinda Pregnant,en,2.6954,5.623,320
9871,420950,2017-02-08,Alone,fr,1.0705,5.623,524
9872,412105,2017-06-19,You Get Me,en,1.7433,5.623,1729
9873,106747,2013-09-12,Machete Kills,en,3.2667,5.624,2054
9874,9586,1990-12-21,The Bonfire of the Vanities,en,1.8902,5.623,538
9875,414191,2018-07-27,Our House,en,1.621,5.623,362
9876,346910,2018-09-05,The Predator,en,7.7689,5.6,5163
9877,237756,2015-04-10,Kill Me Three Times,en,1.1852,5.622,584
9878,11888,2002-01-18,Snow Dogs,en,2.7277,5.622,782
9879,6519,2005-08-05,The Dukes of Hazzard,en,3.5863,5.6,1324
9880,271185,2014-04-19,Ask Me Anything,en,1.1977,5.621,426
9881,254302,2015-11-22,High-Rise,en,2.3506,5.621,1259
9882,9703,2007-04-19,The Last Legion,en,2.6212,5.621,849
9883,14365,2002-05-10,Killing Me Softly,en,3.9683,5.618,372
9884,1819,2006-07-13,"You, Me and Dupree",en,1.637,5.619,1440
9885,500916,2019-12-27,Primal,en,2.6541,5.617,432
9886,10206,1992-07-24,Buffy the Vampire Slayer,en,2.4215,5.617,917
9887,986097,2025-09-18,HIM,en,5.2614,5.612,399
9888,11037,1986-01-17,Iron Eagle,en,2.3748,5.616,341
9889,10610,2003-08-15,The Medallion,en,3.2706,5.612,1208
9890,457943,2018-10-31,Slaughterhouse Rulez,en,2.5047,5.614,500
9891,354287,2017-05-26,War Machine,en,3.1904,5.6,1242
9892,291272,2015-06-05,We Are Still Here,en,1.0902,5.612,525
9893,1249289,2025-01-16,Alarum,en,4.5854,5.613,404
9894,185341,2014-10-31,[REC]⁴ Apocalypse,es,2.8029,5.613,1275
9895,11812,2002-04-12,The Sweetest Thing,en,2.0517,5.611,1186
9896,11804,2005-01-07,White Noise,en,2.114,5.613,875
9897,10727,2003-01-24,Darkness Falls,en,2.4049,5.613,661
9898,83770,2012-05-22,On the Road,en,1.9989,5.612,907
9899,52449,2011-05-16,Bad Teacher,en,5.0342,5.612,4975
9900,1250,2007-01-15,Ghost Rider,en,11.3929,5.612,6499
9901,144340,2013-03-21,Admission,en,1.2361,5.611,649
9902,866413,2023-01-20,You People,en,2.2428,5.61,789
9903,19912,2009-08-26,The Final Destination,en,7.2747,5.61,3929
9904,9513,2006-06-15,Garfield: A Tail of Two Kitties,en,4.1138,5.61,2353
9905,10329,1995-06-09,Congo,en,3.711,5.609,991
9906,84165,2012-03-28,2 Days in New York,en,0.8657,5.608,310
9907,22787,2009-09-09,Whiteout,en,2.0258,5.608,850
9908,659986,2020-08-27,The Owners,en,1.4586,5.607,444
9909,13803,2008-10-09,Amusement,en,1.3028,5.607,383
9910,9969,2006-11-22,Deck the Halls,en,3.1869,5.607,805
9911,207769,2013-11-06,Banshee Chapter,en,1.629,5.606,312
9912,973912,2024-02-07,Cocorico,fr,1.1101,5.605,332
9913,17047,2004-03-12,Agent Cody Banks 2: Destination London,en,2.3073,5.604,680
9914,7227,1977-03-11,Airport '77,en,2.1321,5.604,333
9915,2335,2007-02-10,Taxi 4,fr,2.211,5.604,1350
9916,244516,2013-12-19,Indovina chi viene a Natale?,it,0.1861,5.6,370
9917,34746,1994-01-14,Death Wish V: The Face of Death,en,1.6872,5.603,315
9918,9954,2006-09-07,The Covenant,en,4.5953,5.603,1107
9919,2900,1999-08-27,The Astronaut's Wife,en,2.238,5.603,992
9920,748853,2021-04-16,In the Earth,en,1.5954,5.602,391
9921,82687,2012-12-19,The Guilt Trip,en,2.0588,5.601,770
9922,80035,2012-07-26,The Watch,en,3.5939,5.599,2489
9923,14361,1992-09-18,Captain Ron,en,2.0495,5.598,325
9924,804616,2024-03-22,Something in the Water,en,1.8587,5.599,319
9925,40805,2011-01-12,The Green Hornet,en,3.5415,5.597,3495
9926,164251,2014-10-12,Serena,en,1.6246,5.596,1072
9927,68684,2012-04-06,Detention,en,1.4037,5.596,417
9928,6058,1998-07-10,The Patriot,en,1.1969,5.592,406
9929,16889,1987-07-10,Revenge of the Nerds II: Nerds in Paradise,en,1.0455,5.579,304
9930,458109,2018-04-06,Spinning Man,en,1.9987,5.593,484
9931,219318,2013-10-02,The Volcano,fr,0.5635,5.593,684
9932,20483,2004-02-06,Catch That Kid,en,1.2783,5.593,325
9933,18885,1994-02-25,3 Ninjas Kick Back,en,1.6114,5.6,323
9934,10075,2007-01-26,Blood and Chocolate,en,0.9787,5.593,332
9935,9334,2002-04-18,The Scorpion King,en,5.114,5.592,3390
9936,118289,2013-09-19,Diana,en,1.6873,5.6,509
9937,73936,2011-10-14,Retreat,en,1.251,5.591,337
9938,602211,2020-10-19,Fatman,en,1.7356,5.591,966
9939,365177,2024-08-07,Borderlands,en,7.7986,5.59,1504
9940,718444,2020-08-20,Rogue,en,2.1329,5.589,746
9941,136911,2012-10-20,The Factory,en,1.6319,5.589,305
9942,9776,2003-03-28,Head of State,en,2.0114,5.6,319
9943,744594,2022-11-25,White Noise,en,1.895,5.588,808
9944,13572,2004-02-27,Twisted,en,2.3304,5.588,611
9945,12521,1989-03-23,Shocker,en,1.8145,5.588,462
9946,2698,2007-06-09,Evan Almighty,en,5.0005,5.588,4577
9947,373314,2016-02-05,Misconduct,en,2.2195,5.587,606
9948,306523,2014-11-27,Ogni maledetto Natale,it,0.2392,5.587,328
9949,288171,2016-02-02,Blue Mountain State: The Rise of Thadland,en,1.0576,5.586,320
9950,46837,2010-10-06,Kaboom,en,1.0053,5.586,360
9951,1091181,2024-10-22,Family Pack,fr,2.2704,5.585,544
9952,382511,2016-09-28,Penny Pincher!,fr,1.3924,5.6,958
9953,241257,2015-10-01,Regression,en,2.0759,5.585,1893
9954,42441,1999-10-01,Tifosi,it,0.7515,5.6,351
9955,14435,2009-01-16,My Bloody Valentine,en,2.4996,5.584,1319
9956,1927,2003-06-19,Hulk,en,8.9997,5.584,6298
9957,20737,1997-08-01,Air Bud,en,2.5613,5.6,514
9958,1665,2005-06-12,Last Days,en,1.1319,5.583,411
9959,9793,2007-03-22,The Hills Have Eyes 2,en,4.6798,5.582,1624
9960,1010826,2023-08-25,Killer Book Club,es,1.1059,5.581,315
9961,12618,1999-10-08,Random Hearts,en,2.5356,5.6,423
9962,890656,2022-02-18,Fistful of Vengeance,en,1.8701,5.579,337
9963,456740,2019-04-10,Hellboy,en,4.7372,5.579,3728
9964,300665,2017-09-14,Leatherface,en,2.9349,5.578,1440
9965,195590,2016-06-10,Collide,en,2.0061,5.579,642
9966,36298,2010-01-05,"Me, Them and Lara",it,0.4494,5.578,313
9967,13767,2006-11-02,The Santa Clause 3: The Escape Clause,en,1.7999,5.578,1175
9968,419472,2017-01-22,The Polka King,en,1.1121,5.577,326
9969,82679,2012-10-24,Fun Size,en,1.7797,5.577,448
9970,134366,2012-10-12,Grave Encounters 2,en,2.7809,5.574,1027
9971,10375,2002-01-04,D-Tox,en,2.2802,5.578,720
9972,623856,2020-12-10,Let Them All Talk,en,1.5008,5.6,300
9973,286567,2016-10-14,Max Steel,en,2.4435,5.575,852
9974,57431,2011-12-09,The Sitter,en,2.7406,5.575,1024
9975,9022,2006-09-09,All the Boys Love Mandy Lane,en,1.4085,5.6,710
9976,301846,2015-10-01,Howl,en,2.3541,5.577,568
9977,101179,2012-08-05,Truth or Dare,en,2.3014,5.574,421
9978,10050,2001-03-08,Get Over It,en,2.3789,5.573,310
9979,1975,2006-10-12,The Grudge 2,en,2.3616,5.571,1130
